;imagen;toponimo;0;1;2;3;4;5;6;7;num_caract;image;lon_text;lat_text;PERCENTAGE;COINCIDENCE;category;type_cat
0;C-1974 F-240.jpg;PARAMO RAN CHO LARED;1191.0;592.0;1691.0;597.0;1691.0;638.0;1191.0;632.0;20;C-1974 F-240;-7.584.066.329.142.570;39.191.701.997.990.700;5.500.000.000.000.000;;;
1;C-1974 F-240.jpg;RID TULLA;331.0;739.0;441.0;860.0;421.0;879.0;311.0;757.0;9;C-1974 F-240;-758.619.244.389.025;3.915.372.724.181.370;60.0;;;
2;C-1974 F-240.jpg;PARAMO LOS ANDES;362.0;1393.0;756.0;1393.0;756.0;1430.0;362.0;1430.0;16;C-1974 F-240;-7.586.115.804.870.270;389.847.783.265.773;62.5;;;
3;C-1974 F-240.jpg;PARAMO EL DIAMANTE;1225.0;1392.0;1695.0;1400.0;1694.0;1439.0;1224.0;1432.0;18;C-1974 F-240;-7.583.982.273.443.240;38.985.036.658.251.900;70.0;;;
4;C-1974 F-240.jpg;HERMOSAS;385.0;1676.0;487.0;1823.0;464.0;1837.0;362.0;1690.0;8;C-1974 F-240;-758.605.894.366.191;38.911.670.462.644.700;87.5;HERMOSA;Vereda;CATALOGO
5;C-1974 F-240.jpg;DIAMANTE;1572.0;1675.0;1725.0;1753.0;1711.0;1781.0;1559.0;1700.0;8;C-1974 F-240;-7.583.124.410.864.820;3.891.192.879.431.930;80.0;DIAMANTE I;Vereda;CATALOGO
6;C-1974 F-240.jpg;LAGUNA LAS MELLIZAS;570.0;1707.0;887.0;1701.0;888.0;1737.0;570.0;1742.0;19;C-1974 F-240;-7.585.601.581.768.510;3.890.366.218.072.980;631.578.947.368.421;;;
7;C-1974 F-240.jpg;EL DIAMANTEL;1829.0;1808.0;2003.0;1807.0;2003.0;1837.0;1829.0;1837.0;12;C-1974 F-240;-7.582.489.048.666.970;38.877.570.681.587.800;9.166.666.666.666.660;EL DIAMANTE;Sitio;CATALOGO
8;C-2070 F-250.jpg;QUEBRADA;971.0;1192.0;1111.0;964.0;1141.0;985.0;1003.0;1210.0;8;C-2070 F-250;-7.579.087.475.512.470;39.554.815.896.313.200;7.272.727.272.727.270;QUEBRADITAS;Vereda;CATALOGO
9;C-2070 F-250.jpg;LA CANADA;564.0;600.0;711.0;760.0;675.0;798.0;530.0;629.0;9;C-2070 F-250;-7.580.441.594.153.280;39.770.301.301.443.500;7.777.777.777.777.770;LA CABAÑA;Sitio;CATALOGO
10;C-2070 F-250.jpg;LA CASCADA;1236.0;656.0;1439.0;661.0;1438.0;696.0;1235.0;691.0;10;C-2070 F-250;-7.578.205.801.213.170;397.499.175.469.042;80.0;LA CAÑADA;Sitio;CATALOGO
11;C-2070 F-250.jpg;ESPERANZA;1201.0;874.0;1409.0;780.0;1433.0;827.0;1219.0;918.0;9;C-2070 F-250;-7.578.322.248.762.130;39.670.566.502.447.400;75.0;LA ESPERANZA;Vereda;CATALOGO
12;C-2070 F-250.jpg;EL VERGEL;277.0;962.0;413.0;1088.0;385.0;1120.0;250.0;991.0;9;C-2070 F-250;-7.581.396.464.054.780;3.963.853.488.817.130;7.777.777.777.777.770;EL VERDE;Cuchilla;CATALOGO
13;C-2070 F-250.jpg;LA RIVERA;1672.0;951.0;1934.0;1028.0;1926.0;1063.0;1665.0;991.0;9;C-2070 F-250;-7.576.755.197.460.360;3.964.253.883.995.580;75.0;LA PRIMAVERA;Sitio;CATALOGO
14;C-2070 F-250.jpg;PARAMO;359.0;1320.0;620.0;1346.0;616.0;1391.0;355.0;1362.0;6;C-2070 F-250;-7.581.123.644.082.920;39.508.224.457.366.100;7.142.857.142.857.140;PARAÍSO;Vereda;CATALOGO
15;C-2070 F-250.jpg;PERANZA;792.0;1389.0;1066.0;1389.0;1066.0;1425.0;792.0;1426.0;7;C-2070 F-250;-7.579.683.021.548.600;39.483.108.759.808.700;7.777.777.777.777.770;ESPERANZA;Río;CATALOGO
16;C-2070 F-250.jpg;QUEBRADA EL;1551.0;1514.0;1707.0;1698.0;1682.0;1720.0;1528.0;1533.0;11;C-2070 F-250;-7.577.157.773.272.490;39.437.609.307.712.000;7.692.307.692.307.690;QUEBRADA SECA;Zanjón;CATALOGO
17;C-2070 F-250.jpg;FINLANDIA;1789.0;1591.0;1962.0;1597.0;1961.0;1635.0;1788.0;1629.0;9;C-2070 F-250;-7.576.365.929.939.540;39.409.581.645.220.300;8.888.888.888.888.880;FILANDIA;Sitio;CATALOGO
18;C-2070 F-250.jpg;SANTA FE;1477.0;1788.0;1690.0;1808.0;1685.0;1852.0;1473.0;1825.0;8;C-2070 F-250;-7.577.403.976.661.730;393.378.745.087.159;100.0;SANTA FE;Sitio;CATALOGO
19;C-2070 F-250.jpg;VAGONES;1536.0;1814.0;1781.0;1845.0;1776.0;1884.0;1531.0;1862.0;7;C-2070 F-250;-7.577.207.679.364.910;3.932.841.062.267.970;7.142.857.142.857.140;CAJONES;Quebrada;CATALOGO
20;C-2070 F-250.jpg;ROSARIO;1817.0;1808.0;1946.0;1864.0;1938.0;1893.0;1807.0;1839.0;7;C-2070 F-250;-7.576.272.771.900.370;39.330.594.596.380.400;100.0;ROSARIO;Quebrada;CATALOGO
21;C-2070 F-250.jpg;SANTA CLARATION;1714.0;1901.0;1946.0;1894.0;1947.0;1926.0;1714.0;1933.0;15;C-2070 F-250;-7.576.615.460.401.610;39.296.743.004.020.400;7.333.333.333.333.330;SANTA CLARA;Sitio;CATALOGO
22;C-2070 F-252.jpg;QUEBRADA;918.0;456.0;1204.0;509.0;1198.0;541.0;912.0;488.0;8;C-2070 F-252;-757.924.745.539.504;39.319.694.159.159.500;7.272.727.272.727.270;QUEBRADITAS;Vereda;CATALOGO
23;C-2070 F-252.jpg;LAXTON;1283.0;537.0;1465.0;578.0;1451.0;629.0;1272.0;582.0;6;C-2070 F-252;-7.578.008.050.350.370;39.290.447.371.200.600;6.666.666.666.666.660;;;
24;C-2070 F-252.jpg;SANTA CLARA;1591.0;583.0;1762.0;586.0;1761.0;618.0;1591.0;615.0;11;C-2070 F-252;-7.576.962.196.230.490;3.927.383.808.421.160;7.272.727.272.727.270;SANTA MARÍA;Caserío;CATALOGO
25;C-2070 F-252.jpg;OLEDAD;1498.0;590.0;1654.0;737.0;1624.0;771.0;1466.0;624.0;6;C-2070 F-252;-7.577.277.989.844.610;3.927.131.058.401.760;8.571.428.571.428.570;SOLEDAD;Quebrada;CATALOGO
26;C-2070 F-252.jpg;EL MIRADOR;1414.0;791.0;1598.0;791.0;1597.0;821.0;1414.0;820.0;10;C-2070 F-252;-7.577.563.222.786.400;39.198.735.221.304.900;100.0;EL MIRADOR;Sitio;CATALOGO
27;C-2070 F-252.jpg;STA CECILIA;1406.0;820.0;1633.0;820.0;1633.0;853.0;1406.0;852.0;11;C-2070 F-252;-7.577.590.387.828.470;3.918.826.414.907.270;8.461.538.461.538.460;SANTA CECILIA;Sitio;CATALOGO
28;C-2070 F-252.jpg;PARAMO;121.0;836.0;270.0;630.0;306.0;655.0;155.0;862.0;6;C-2070 F-252;-7.581.953.772.711.740;39.182.487.005.772.200;7.142.857.142.857.140;PARAÍSO;Vereda;CATALOGO
29;C-2070 F-252.jpg;EL MIRADORO;1377.0;876.0;1591.0;878.0;1591.0;918.0;1376.0;915.0;11;C-2070 F-252;-7.577.688.861.105.990;391.680.441.475.209;7.272.727.272.727.270;EL MILAGRO;Sitio;CATALOGO
30;C-2070 F-252.jpg;ABALCONES;1666.0;858.0;1859.0;869.0;1858.0;910.0;1663.0;899.0;9;C-2070 F-252;-7.576.707.523.961.040;39.174.543.433.733.900;8.888.888.888.888.880;BALCONES;Sitio;CATALOGO
31;C-2070 F-252.jpg;LA FLORIDA;1361.0;1029.0;1578.0;1037.0;1576.0;1079.0;1359.0;1068.0;10;C-2070 F-252;-7.577.743.191.190.140;3.911.280.021.470.960;100.0;LA FLORIDA;Vereda;CATALOGO
32;C-2070 F-252.jpg;QUEBRADA LEL RECODO;702.0;1099.0;1334.0;1075.0;1339.0;1164.0;706.0;1206.0;19;C-2070 F-252;-7.579.980.911.531.060;39.087.525.212.769.900;7.368.421.052.631.570;QUEBRADA DEL MEDIO;Sitio;CATALOGO
33;C-2070 F-252.jpg;QUEBRADA LA LEJIA;1577.0;1252.0;1943.0;1497.0;1918.0;1532.0;1557.0;1288.0;17;C-2070 F-252;-7.577.009.735.054.120;39.032.281.279.958.600;7.058.823.529.411.760;QUEBRADA VIEJA;Vereda;CATALOGO
34;C-2070 F-252.jpg;PTE LA LEJIN;1268.0;1291.0;1519.0;1292.0;1518.0;1344.0;1268.0;1337.0;12;C-2070 F-252;-757.805.898.480.427;3.901.819.949.316.360;58.333.333.333.333.300;;;
35;C-2070 F-252.jpg;LOS PINOS;1254.0;1396.0;1431.0;1399.0;1431.0;1439.0;1254.0;1435.0;9;C-2070 F-252;-7.578.106.523.627.890;38.980.286.990.254;7.777.777.777.777.770;LOS MICOS;Loma;CATALOGO
36;C-2070 F-252.jpg;EL GALLO;1473.0;1534.0;1550.0;1734.0;1508.0;1750.0;1435.0;1548.0;8;C-2070 F-252;-75.773.628.806.011;3.893.045.912.928.700;75.0;EL SALTO;Sitio;CATALOGO
37;C-2070 F-252.jpg;LOS PLANES;1042.0;1553.0;1272.0;1554.0;1272.0;1596.0;1042.0;1595.0;10;C-2070 F-252;-7.578.826.397.242.880;3.892.359.877.161.760;75.0;LOS VOLCANES;Alto;CATALOGO
38;C-2070 F-252.jpg;BOLIVIA;1112.0;1662.0;1253.0;1661.0;1253.0;1696.0;1112.0;1696.0;7;C-2070 F-252;-7.578.588.703.124.720;3.888.424.198.288.280;100.0;BOLIVIA;Quebrada;CATALOGO
39;M-1390 F-42286.jpg;LA LUISA;1379.0;187.0;1513.0;187.0;1513.0;225.0;1380.0;226.0;8;M-1390 F-42286;-7.575.850.835.175.980;39.684.335.204.030.500;75.0;LA LUNA;Sitio;CATALOGO
40;M-1390 F-42286.jpg;CHORRO ELY;1563.0;233.0;1708.0;210.0;1714.0;245.0;1567.0;263.0;10;M-1390 F-42286;-757.507.026.265.566;39.661.647.920.580.500;7.272.727.272.727.270;CHORRO SECO;Caño;CATALOGO
41;M-1390 F-42286.jpg;LA LUISA;1338.0;280.0;1502.0;386.0;1485.0;416.0;1324.0;309.0;8;M-1390 F-42286;-7.576.024.767.096.270;39.638.467.435.316.300;75.0;LA LUNA;Sitio;CATALOGO
42;M-1390 F-42286.jpg;LA ARABIAN;1366.0;457.0;1521.0;462.0;1519.0;503.0;1365.0;497.0;10;M-1390 F-42286;-757.590.598.432.144;3.955.117.071.421.510;90.0;LA ARABIA;Quebrada;CATALOGO
43;M-1390 F-42286.jpg;RIVERA;1562.0;487.0;1666.0;599.0;1645.0;620.0;1541.0;507.0;6;M-1390 F-42286;-7.575.074.504.897.610;3.953.637.465.979.120;100.0;RIVERA;Sitio;CATALOGO
44;M-1390 F-42286.jpg;FINLANDIA;1256.0;600.0;1399.0;597.0;1401.0;634.0;1258.0;640.0;9;M-1390 F-42286;-7.576.372.630.936.850;394.806.428.547.944;8.888.888.888.888.880;FILANDIA;Sitio;CATALOGO
45;M-1390 F-42286.jpg;LA SECRETA;1367.0;622.0;1533.0;619.0;1533.0;649.0;1368.0;652.0;10;M-1390 F-42286;-757.590.174.207.948;39.469.792.414.883.500;100.0;LA SECRETA;Quebrada;CATALOGO
46;M-1390 F-42286.jpg;LA SECRETA;1439.0;740.0;1605.0;738.0;1606.0;775.0;1439.0;778.0;10;M-1390 F-42286;-7.575.596.300.658.480;39.411.594.600.816.000;100.0;LA SECRETA;Quebrada;CATALOGO
47;M-1390 F-42286.jpg;ALTIVOS;1399.0;785.0;1582.0;785.0;1582.0;825.0;1399.0;826.0;7;M-1390 F-42286;-7.575.765.990.336.810;39.389.400.519.180.100;7.142.857.142.857.140;OLIVOS;Quebrada;CATALOGO
48;M-1390 F-42286.jpg;RIO AMOYA;1404.0;822.0;1645.0;836.0;1642.0;877.0;1403.0;861.0;9;M-1390 F-42286;-7.575.744.779.127.020;3.937.115.205.205.720;6.666.666.666.666.660;;;
49;M-1390 F-42286.jpg;PEATONAL;1668.0;863.0;1783.0;864.0;1783.0;895.0;1668.0;894.0;8;M-1390 F-42286;-7.574.624.827.250.040;3.935.093.077.767.780;75.0;PAJONAL;Filo;CATALOGO
50;M-1390 F-42286.jpg;MARSELLA;1362.0;906.0;1494.0;901.0;1495.0;931.0;1363.0;935.0;8;M-1390 F-42286;-7.575.922.953.289.270;39.329.723.099.670.200;87.5;MARCELLA;Sitio;CATALOGO
51;M-1390 F-42286.jpg;LA RIVERA;1535.0;896.0;1666.0;890.0;1667.0;927.0;1537.0;933.0;9;M-1390 F-42286;-757.518.904.543.049;3.933.465.511.781.150;75.0;LA PRIMAVERA;Sitio;CATALOGO
52;M-1390 F-42288.jpg;RIO CUCUANITA;1845.0;160.0;1864.0;339.0;1834.0;341.0;1812.0;163.0;13;M-1390 F-42288;1.581.023.592.822.330;11.110.220.131.461.100;6.923.076.923.076.920;;;
53;M-1390 F-42288.jpg;RIVERA;1149.0;376.0;1195.0;240.0;1236.0;254.0;1185.0;388.0;6;M-1390 F-42288;9.835.294.205.251.140;10.176.578.560.052.200;100.0;RIVERA;Sitio;CATALOGO
54;M-1390 F-42288.jpg;LAGUNA LAS DANTAS;1556.0;405.0;1807.0;403.0;1807.0;434.0;1556.0;438.0;17;M-1390 F-42288;133.292.615.633.685;10.051.228.534.261.100;7.058.823.529.411.760;LAGUNA LOS TUTOS;Sitio;CATALOGO
55;M-1390 F-42288.jpg;LAGUNA LA CRISTALINA;1000.0;1323.0;1287.0;1315.0;1288.0;1347.0;1001.0;1354.0;20;M-1390 F-42288;8.556.175.934.097.610;6.083.251.855.773.290;75.0;CAMPO LA CRISTALINA;Sitio;CATALOGO
56;M-1390 F-42288.jpg;TRES ESTRELLAS;1265.0;1657.0;1219.0;1463.0;1256.0;1455.0;1307.0;1648.0;14;M-1390 F-42288;10.831.117.825.746.500;4.639.565.351.835.420;100.0;TRES ESTRELLAS;Sitio;CATALOGO
57;M-1390 F-42288.jpg;VILLANUEVA CAMPO SOLO;1324.0;1684.0;1591.0;1553.0;1608.0;1616.0;1357.0;1717.0;21;M-1390 F-42288;11.337.614.322.377.700;4.522.860.155.409.310;61.904.761.904.761.900;;;
58;M-1390 F-42288.jpg;LA RIVERA;1128.0;1765.0;1308.0;1702.0;1316.0;1724.0;1137.0;1795.0;9;M-1390 F-42288;965.501.579.119.595;4.172.744.566.130.960;75.0;LA PRIMAVERA;Sitio;CATALOGO
59;M-1390 F-42288.jpg;CHORRO EL SALTO;1626.0;1812.0;1737.0;1635.0;1765.0;1651.0;1653.0;1829.0;15;M-1390 F-42288;1.393.018.961.021.910;3.969.591.076.055.870;7.333.333.333.333.330;CHORRO EL CHUPO;Sitio;CATALOGO
60;M-1390 F-42290.jpg;JUNTAS;373.0;388.0;520.0;399.0;517.0;436.0;370.0;429.0;6;M-1390 F-42290;-7.576.423.583.759.350;409.326.767.407.056;100.0;JUNTAS;Sitio;CATALOGO
61;M-1390 F-42290.jpg;CUCHY LLA;772.0;401.0;850.0;665.0;804.0;675.0;728.0;414.0;9;M-1390 F-42290;-7.574.875.821.872.550;40.926.940.181.215.700;7.777.777.777.777.770;CUCHILLA;Sitio;CATALOGO
62;M-1390 F-42290.jpg;RID CUCUANA;1138.0;551.0;1471.0;306.0;1497.0;339.0;1163.0;587.0;11;M-1390 F-42290;-7.573.456.070.367.360;4.086.074.911.017.860;7.272.727.272.727.270;LA CUCUANA;Sitio;CATALOGO
63;M-1390 F-42290.jpg;YERBA BUENA;949.0;760.0;1259.0;613.0;1278.0;652.0;967.0;799.0;11;M-1390 F-42290;-7.574.189.220.734.790;4.076.852.288.453.370;909.090.909.090.909;YERBABUENA;Sitio;CATALOGO
64;M-1390 F-42290.jpg;LAGUNA;1541.0;983.0;1677.0;984.0;1677.0;1017.0;1541.0;1016.0;6;M-1390 F-42290;-7.571.892.792.070.660;40.670.118.825.592.000;7.142.857.142.857.140;LA LUNA;Sitio;CATALOGO
65;M-1390 F-42290.jpg;EL OASIS;1539.0;1014.0;1683.0;1012.0;1684.0;1041.0;1540.0;1043.0;8;M-1390 F-42290;-7.571.900.550.275.600;406.564.393.375.777;100.0;EL OASIS;Sitio;CATALOGO
66;M-1390 F-42290.jpg;LAGUNA LAS GARZAS;1164.0;1105.0;1472.0;1104.0;1473.0;1145.0;1164.0;1146.0;17;M-1390 F-42290;-7.573.355.213.703.050;4.061.628.342.114.850;7.058.823.529.411.760;LAGUNA LA TRAGA;Sitio;CATALOGO
67;M-1390 F-42290.jpg;BARRAGAN;120.0;1212.0;256.0;1173.0;263.0;1200.0;126.0;1241.0;8;M-1390 F-42290;-757.740.499.668.508;4.056.906.712.380.880;87.5;BARRAGÁN;Sitio;CATALOGO
68;M-1390 F-42290.jpg;GUAYABAL;234.0;1340.0;620.0;1340.0;621.0;1395.0;235.0;1397.0;8;M-1390 F-42290;-7.576.962.779.003.130;4.051.258.407.652.380;100.0;GUAYABAL;Vereda;CATALOGO
69;M-1390 F-42290.jpg;CERRO EL ORINOCO;1478.0;1526.0;1729.0;1321.0;1751.0;1343.0;1498.0;1552.0;16;M-1390 F-42290;-7.572.137.175.526.470;4.043.050.714.843.790;68.75;;;
70;C-2071 F-006.jpg;PORTUGAL;565.0;469.0;716.0;469.0;715.0;502.0;565.0;501.0;8;C-2071 F-006;-756.541.965.468.385;3.980.501.902.687.160;75.0;TORTUGAS;Vereda;CATALOGO
71;C-2071 F-006.jpg;LA CUMBRE;1520.0;451.0;1715.0;451.0;1715.0;483.0;1520.0;484.0;9;C-2071 F-006;-756.226.474.618.583;3.981.090.599.966.730;100.0;LA CUMBRE;Sitio;CATALOGO
72;C-2071 F-006.jpg;MANZANILLALO PALMARI;1921.0;444.0;2115.0;849.0;2063.0;863.0;1896.0;469.0;20;C-2071 F-006;-7.560.940.014.973.570;39.813.195.377.976.700;5.500.000.000.000.000;;;
73;C-2071 F-006.jpg;ZBKT BABL;443.0;455.0;446.0;689.0;393.0;690.0;392.0;455.0;9;C-2071 F-006;-7.565.822.690.115.010;39.809.597.783.490.500;4.545.454.545.454.540;;;
74;C-2071 F-006.jpg;SENVIO;1279.0;471.0;1220.0;609.0;1189.0;595.0;1247.0;457.0;6;C-2071 F-006;-756.306.090.634.083;39.804.364.918.783.200;7.142.857.142.857.140;ASENCIO;Vereda;CATALOGO
75;C-2071 F-006.jpg;LOS PLANES;978.0;486.0;1179.0;492.0;1178.0;539.0;976.0;533.0;10;C-2071 F-006;-75.640.552.806.423;3.979.945.910.812.020;75.0;LOS VOLCANES;Alto;CATALOGO
76;C-2071 F-006.jpg;LA ESTRELLA;1327.0;493.0;1526.0;485.0;1527.0;520.0;1328.0;527.0;11;C-2071 F-006;-7.562.902.335.023.650;397.971.697.298.108;100.0;LA ESTRELLA;Chorro;CATALOGO
77;C-2071 F-006.jpg;CUCUANITA;709.0;544.0;908.0;396.0;933.0;433.0;730.0;579.0;9;C-2071 F-006;-7.564.943.940.732.310;39.780.489.973.556.400;7.777.777.777.777.770;CUCAITA;Vereda;CATALOGO
78;C-2071 F-006.jpg;CARRIZALES;1019.0;1887.0;1299.0;1897.0;1296.0;1939.0;1017.0;1925.0;10;C-2071 F-006;-7.563.919.834.308.870;39.341.256.392.191.100;7.272.727.272.727.270;CARRIZALITO;Vereda;CATALOGO
79;C-2071 F-006.jpg;LA SELVA;1760.0;699.0;1902.0;686.0;1905.0;734.0;1766.0;747.0;8;C-2071 F-006;-7.561.471.889.599.940;3.972.979.659.670.480;75.0;LA SENDA;Cuchilla;CATALOGO
80;C-2071 F-006.jpg;JEBRADA;823.0;739.0;953.0;987.0;924.0;1000.0;796.0;754.0;7;C-2071 F-006;-756.456.733.385.402;3.971.671.443.493.670;75.0;QUEBRADA;Ciénaga;CATALOGO
81;C-2071 F-006.jpg;VALLES DE NORMANDIA;1408.0;918.0;1795.0;931.0;1794.0;972.0;1407.0;958.0;19;C-2071 F-006;-7.562.634.745.925.910;39.658.171.761.024.300;5.789.473.684.210.520;;;
82;C-2071 F-006.jpg;AAT PONTS;1853.0;904.0;2068.0;911.0;2067.0;951.0;1853.0;946.0;9;C-2071 F-006;-756.116.465.767.291;39.662.750.517.643.100;60.0;;;
83;C-2071 F-006.jpg;QUEBRADA SAN JOSE;226.0;1197.0;589.0;1352.0;567.0;1431.0;196.0;1238.0;17;C-2071 F-006;-7.566.539.564.611.420;39.566.923.682.691.500;7.894.736.842.105.260;QUIEBRA DE SAN JOSÉ;Sitio;CATALOGO
84;C-2071 F-006.jpg;LAGUNA;1444.0;1805.0;1564.0;1805.0;1564.0;1835.0;1444.0;1835.0;6;C-2071 F-006;-7.562.515.817.438.020;3.936.807.482.381.580;7.142.857.142.857.140;LA LUNA;Sitio;CATALOGO
85;C-2071 F-006.jpg;NORMANDIA;1456.0;1838.0;1608.0;1834.0;1609.0;1865.0;1456.0;1868.0;9;C-2071 F-006;-7.562.476.174.608.730;3.935.728.204.035.710;8.888.888.888.888.880;NORMANDÍA;Sitio;CATALOGO
86;C-2071 F-006.jpg;PARAMO;702.0;1880.0;864.0;1889.0;862.0;1921.0;700.0;1911.0;6;C-2071 F-006;-7.564.967.065.716.070;39.343.545.770.500.500;7.142.857.142.857.140;PARAÍSO;Vereda;CATALOGO
87;C-2071 F-008.jpg;PARAMO CARIZ ZALES;636.0;436.0;919.0;437.0;919.0;468.0;635.0;466.0;18;C-2071 F-008;-7.565.421.315.272.210;392.961.832.354.388;5.555.555.555.555.550;;;
88;C-2071 F-008.jpg;OZIESJ BASEW;70.0;768.0;90.0;1215.0;39.0;1218.0;26.0;770.0;12;C-2071 F-008;-7.567.581.279.908.050;39.176.511.514.993.100;4.166.666.666.666.660;;;
89;C-2071 F-008.jpg;QUEBRADA;127.0;1150.0;171.0;1335.0;141.0;1337.0;96.0;1154.0;8;C-2071 F-008;-75.673.637.569.677;3.903.881.694.508.270;7.272.727.272.727.270;QUEBRADITAS;Vereda;CATALOGO
90;C-2071 F-008.jpg;LAS ABRAS;129.0;1283.0;283.0;1284.0;283.0;1313.0;129.0;1313.0;9;C-2071 F-008;-7.567.356.124.583.820;38.990.876.165.506.600;7.777.777.777.777.770;LAS VARAS;Quebrada;CATALOGO
91;C-2071 F-008.jpg;EL QUEBRADON;512.0;1269.0;679.0;978.0;713.0;996.0;543.0;1287.0;12;C-2071 F-008;-7.565.894.523.072.290;38.995.922.563.356.700;75.0;EL QUEMADO;Quebrada;CATALOGO
92;C-2071 F-008.jpg;AS ABRAS;146.0;1348.0;157.0;1485.0;129.0;1488.0;118.0;1350.0;8;C-2071 F-008;-7.567.291.249.320.910;38.967.446.461.202.500;80.0;LAS CABRAS;Quebrada;CATALOGO
93;C-2071 F-008.jpg;LAS VILLAS;174.0;1369.0;287.0;1370.0;287.0;1392.0;174.0;1391.0;10;C-2071 F-008;-7.567.184.395.946.700;38.959.876.864.427.300;80.0;LAS VIGAS;Quebrada;CATALOGO
94;C-2071 F-008.jpg;VILLAS;274.0;1379.0;307.0;1262.0;340.0;1271.0;306.0;1388.0;6;C-2071 F-008;-7.566.802.776.753.090;38.956.272.294.534.400;75.0;VILLEGAS;Sitio;CATALOGO
95;C-2071 F-008.jpg;LA CUMBRE;320.0;1433.0;493.0;1426.0;495.0;1461.0;321.0;1467.0;9;C-2071 F-008;-7.566.627.231.924.020;3.893.680.761.711.250;100.0;LA CUMBRE;Sitio;CATALOGO
96;C-2071 F-008.jpg;LATRIBUNE;531.0;1460.0;705.0;1449.0;706.0;1484.0;533.0;1494.0;9;C-2071 F-008;-7.565.822.015.425.500;38.927.075.278.401.500;80.0;LA TRIBUNA;Sitio;CATALOGO
97;C-2071 F-008.jpg;LA ESTACIONY;238.0;1538.0;423.0;1531.0;425.0;1566.0;238.0;1575.0;12;C-2071 F-008;-756.694.015.966.279;38.898.959.633.236.600;8.333.333.333.333.330;LA ESTACIÓN;Sitio;CATALOGO
98;C-2071 F-008.jpg;EL CAIRO;245.0;1623.0;371.0;1620.0;371.0;1646.0;246.0;1649.0;8;C-2071 F-008;-7.566.913.446.319.230;38.868.320.789.146.600;75.0;EL CAÍDO;Alto;CATALOGO
99;C-2071 F-008.jpg;TAMOYA;255.0;1629.0;347.0;1802.0;328.0;1815.0;218.0;1640.0;6;C-2071 F-008;-7.566.875.284.399.870;3.886.615.804.721.080;7.142.857.142.857.140;CAMBOYA;Sitio;CATALOGO
100;C-2071 F-008.jpg;SANTA INES;368.0;1682.0;521.0;1666.0;526.0;1706.0;371.0;1720.0;10;C-2071 F-008;-7.566.444.054.711.090;3.884.705.382.677.820;90.0;SANTA INÉS;Sitio;CATALOGO
101;C-2071 F-008.jpg;BALSORA;903.0;1687.0;1037.0;1686.0;1038.0;1717.0;903.0;1718.0;7;C-2071 F-008;-7.564.402.392.025.260;38.845.251.541.831.800;7.142.857.142.857.140;BALOMA;Caño;CATALOGO
102;C-2071 F-008.jpg;QUEBRAISSA EL DELEITE;377.0;1758.0;716.0;1590.0;740.0;1626.0;395.0;1806.0;21;C-2071 F-008;-7.566.409.708.983.660;38.819.659.095.591.900;61.904.761.904.761.900;;;
103;C-2071 F-008.jpg;NORMANDIA;479.0;1782.0;653.0;1766.0;656.0;1806.0;481.0;1816.0;9;C-2071 F-008;-7.566.020.457.406.180;38.811.008.127.848.800;8.888.888.888.888.880;NORMANDÍA;Sitio;CATALOGO
104;C-2071 F-008.jpg;MARAVELES;865.0;1778.0;1020.0;1779.0;1020.0;1813.0;865.0;1811.0;9;C-2071 F-008;-7.564.547.407.318.840;3.881.244.995.580.600;8.888.888.888.888.880;MARABELES;Sitio;CATALOGO
105;C-2071 F-008.jpg;PE ARANDA;1691.0;1776.0;1874.0;1776.0;1874.0;1817.0;1690.0;1815.0;9;C-2071 F-008;-7.561.395.232.779.600;3.881.317.086.978.460;8.888.888.888.888.880;PEÑARANDA;Vereda;CATALOGO
106;C-2071 F-008.jpg;MANZANARES;1105.0;1828.0;1274.0;1814.0;1277.0;1845.0;1106.0;1858.0;10;C-2071 F-008;-7.563.631.521.254.170;38.794.427.106.341.300;100.0;MANZANARES;Sitio;CATALOGO
107;C-2071 F-008.jpg;LAS DELICIAS DELICIAS;342.0;1888.0;653.0;1826.0;659.0;1866.0;349.0;1922.0;21;C-2071 F-008;-7.566.543.275.701.430;38.772.799.686.983.600;68.0;;;
108;C-2071 F-008.jpg;EL ROCIO;617.0;1882.0;754.0;1868.0;757.0;1901.0;621.0;1917.0;8;C-2071 F-008;-7.565.493.822.919.000;38.774.962.428.919.400;75.0;EL COCO;Caño;CATALOGO
109;C-2071 F-008.jpg;CUMBRE;857.0;1844.0;1000.0;1840.0;1001.0;1871.0;857.0;1876.0;6;C-2071 F-008;-756.457.793.685.433;38.788.659.794.512.600;8.333.333.333.333.330;CUMARE;Vereda;CATALOGO
110;C-2071 F-008.jpg;LOMA EL AGRADO;1368.0;1900.0;1462.0;1704.0;1492.0;1718.0;1400.0;1916.0;14;C-2071 F-008;-756.262.786.277.497;38.768.474.203.112.100;7.142.857.142.857.140;LOMA DEL GUAMO;Sitio;CATALOGO
111;C-2071 F-008.jpg;JARDIN ROJO CHORRO BLANC;415.0;1974.0;763.0;1909.0;766.0;1951.0;419.0;2004.0;24;C-2071 F-008;-7.566.264.693.690.090;387.418.003.859.044;4.583.333.333.333.330;;;
112;C-2071 F-008.jpg;EL JORDAN;1060.0;1938.0;1216.0;1926.0;1218.0;1961.0;1061.0;1977.0;9;C-2071 F-008;-7.563.803.249.891.290;38.754.776.837.518.900;7.777.777.777.777.770;EL JARDÍN;Sitio;CATALOGO
113;C-2071 F-008.jpg;EL MIRADOR;1267.0;1967.0;1420.0;1962.0;1421.0;1991.0;1268.0;1996.0;10;C-2071 F-008;-756.301.329.816.052;38.744.323.584.829.400;100.0;EL MIRADOR;Sitio;CATALOGO
114;M-1379 F-39718.jpg;RIO LULUANITA;865.0;397.0;1320.0;411.0;1319.0;451.0;863.0;441.0;13;M-1379 F-39718;-7.570.771.406.031.930;3.995.284.659.053.240;6.153.846.153.846.150;;;
115;M-1379 F-39718.jpg;RIO CUCHANITA;1885.0;474.0;2017.0;674.0;1998.0;687.0;1864.0;489.0;13;M-1379 F-39718;-756.648.693.750.757;39.919.235.662.210.800;6.923.076.923.076.920;;;
116;M-1379 F-39718.jpg;PARAHO LOS;588.0;580.0;851.0;737.0;833.0;774.0;567.0;618.0;10;M-1379 F-39718;-7.571.934.933.268.450;39.872.966.072.573.400;7.272.727.272.727.270;PARAÍSO DOS;Sitio;CATALOGO
117;M-1379 F-39718.jpg;AZULES;871.0;747.0;1100.0;860.0;1083.0;898.0;857.0;785.0;6;M-1379 F-39718;-757.074.620.327.591;39.800.069.643.616.400;100.0;AZULES;Quebrada;CATALOGO
118;M-1379 F-39718.jpg;LAS MARIAS;1791.0;780.0;1971.0;778.0;1972.0;815.0;1791.0;818.0;10;M-1379 F-39718;-7.566.881.780.685.300;39.785.664.960.050.000;7.272.727.272.727.270;LAS ACACIAS;Sitio;CATALOGO
119;M-1379 F-39718.jpg;EL CAIRO;1997.0;864.0;2120.0;867.0;2119.0;893.0;1996.0;891.0;8;M-1379 F-39718;-7.566.016.486.061.750;39.748.998.492.790.100;75.0;EL CAÍDO;Alto;CATALOGO
120;M-1379 F-39718.jpg;LAS AZULES;1387.0;958.0;1595.0;954.0;1596.0;990.0;1387.0;993.0;10;M-1379 F-39718;-7.568.578.766.257.700;3.970.796.696.990.410;90.0;LOS AZULES;Vereda;CATALOGO
121;M-1379 F-39718.jpg;CHORRO EL SALTO;320.0;1128.0;367.0;850.0;404.0;856.0;351.0;1135.0;15;M-1379 F-39718;-7.573.060.656.370.930;3.963.376.102.425.920;7.333.333.333.333.330;CHORRO EL CHUPO;Sitio;CATALOGO
122;M-1379 F-39718.jpg;ZANJA HONDA;1597.0;1248.0;1711.0;1070.0;1743.0;1088.0;1625.0;1268.0;11;M-1379 F-39718;-7.567.696.669.796.800;3.958.138.035.674.520;7.272.727.272.727.270;CAÑA HONDA;Cerro;CATALOGO
123;M-1379 F-39718.jpg;FOND ENDELDJUR;323.0;1514.0;714.0;1489.0;717.0;1547.0;325.0;1565.0;14;M-1379 F-39718;-757.304.805.499.292;39.465.269.877.089.000;50.0;;;
124;M-1379 F-39718.jpg;GIGANTE;433.0;1630.0;565.0;1630.0;565.0;1665.0;433.0;1665.0;7;M-1379 F-39718;-7.572.586.004.465.780;39.414.635.231.825.400;7.142.857.142.857.140;BOGANTE;Sitio;CATALOGO
125;M-1379 F-39718.jpg;SAN JOSE;1430.0;1614.0;1539.0;1370.0;1582.0;1387.0;1470.0;1632.0;8;M-1379 F-39718;-7.568.398.146.506.180;3.942.161.932.082.730;87.5;SAN JOSÉ;Sitio;CATALOGO
126;M-1379 F-39718.jpg;PRIMAVERA;1533.0;1732.0;1802.0;1755.0;1799.0;1796.0;1529.0;1775.0;9;M-1379 F-39718;-7.567.965.499.194.400;3.937.011.166.443.850;100.0;PRIMAVERA;Vereda;CATALOGO
127;M-1379 F-39718.jpg;ALEMANIA;619.0;1747.0;731.0;1490.0;767.0;1506.0;654.0;1761.0;8;M-1379 F-39718;-7.571.804.719.028.980;39.363.564.080.999.200;100.0;ALEMANIA;Sitio;CATALOGO
128;M-1379 F-39718.jpg;FLORENCIA;742.0;1847.0;921.0;1845.0;922.0;1880.0;743.0;1884.0;9;M-1379 F-39718;-7.571.288.062.530.450;39.319.913.524.737.500;100.0;FLORENCIA;Sitio;CATALOGO
129;M-1379 F-39718.jpg;VILLA MARIA;881.0;1925.0;995.0;1785.0;1015.0;1802.0;896.0;1941.0;11;M-1379 F-39718;-7.570.704.198.682.530;3.928.586.609.085.340;8.333.333.333.333.330;VILLA MARTHA;Sitio;CATALOGO
130;M-1379 F-39720.jpg;LUNA PARK;1150.0;274.0;1284.0;277.0;1284.0;301.0;1150.0;297.0;9;M-1379 F-39720;-7.569.900.904.948.650;39.289.769.450.231.000;100.0;LUNA PARK;Sitio;CATALOGO
131;M-1379 F-39720.jpg;HA PALMILA;438.0;303.0;613.0;308.0;612.0;344.0;437.0;337.0;10;M-1379 F-39720;-7.573.242.409.438.260;39.276.285.327.080.100;80.0;LA PALMIRA;Sitio;CATALOGO
132;M-1379 F-39720.jpg;LA FLORESTA;382.0;349.0;596.0;351.0;596.0;388.0;382.0;387.0;11;M-1379 F-39720;-757.350.522.439.812;39.254.896.717.944.300;7.272.727.272.727.270;LA FLORIDA;Vereda;CATALOGO
133;M-1379 F-39720.jpg;SO MESETA;725.0;324.0;874.0;330.0;873.0;358.0;724.0;352.0;9;M-1379 F-39720;-7.571.895.482.768.990;39.266.520.962.039.900;7.777.777.777.777.770;LA MESETA;Sitio;CATALOGO
134;M-1379 F-39720.jpg;VILLA MARIA MY;906.0;312.0;1106.0;308.0;1107.0;347.0;907.0;351.0;14;M-1379 F-39720;-7.571.046.027.273.740;3.927.210.059.920.570;7.142.857.142.857.140;VILLA MARÍA;Sitio;CATALOGO
135;M-1379 F-39720.jpg;ALEMANIA;741.0;400.0;882.0;419.0;877.0;449.0;737.0;426.0;8;M-1379 F-39720;-757.182.039.278.047;39.231.183.259.989.400;100.0;ALEMANIA;Sitio;CATALOGO
136;M-1379 F-39720.jpg;QUEBRADA AUSTRALIA;1344.0;400.0;1710.0;261.0;1726.0;301.0;1360.0;446.0;18;M-1379 F-39720;-7.568.990.438.837.720;39.231.183.259.989.400;6.666.666.666.666.660;;;
137;M-1379 F-39720.jpg;LA CABA;531.0;440.0;656.0;443.0;655.0;469.0;530.0;466.0;7;M-1379 F-39720;-7.572.805.948.879.920;39.212.584.469.436.400;75.0;LA CEIBA;Raudal;CATALOGO
138;M-1379 F-39720.jpg;EL PENCIL;680.0;433.0;797.0;435.0;796.0;463.0;679.0;461.0;9;M-1379 F-39720;-757.210.667.336.174;39.215.839.257.783.200;7.777.777.777.777.770;EL PENCA;Sitio;CATALOGO
139;M-1379 F-39720.jpg;VILLA MARIA;856.0;424.0;916.0;229.0;948.0;236.0;885.0;434.0;11;M-1379 F-39720;-7.571.280.683.487.900;3.922.002.398.565.760;8.333.333.333.333.330;VILLA MARTHA;Sitio;CATALOGO
140;M-1379 F-39720.jpg;ARGENTINA;759.0;467.0;917.0;475.0;915.0;500.0;758.0;491.0;9;M-1379 F-39720;-757.173.591.654.337;39.200.030.285.813.200;75.0;LA ARGENTINA;Sitio;CATALOGO
141;M-1379 F-39720.jpg;CATATUMBO;282.0;534.0;495.0;541.0;493.0;579.0;281.0;571.0;9;M-1379 F-39720;-7.573.974.536.826.430;3.916.887.731.163.710;100.0;CATATUMBO;Sitio;CATALOGO
142;M-1379 F-39720.jpg;VERSALLE;1372.0;493.0;1555.0;489.0;1556.0;526.0;1373.0;530.0;8;M-1379 F-39720;-7.568.859.031.357.790;39.187.941.071.953.900;8.888.888.888.888.880;VERSALLES;Vereda;CATALOGO
143;M-1379 F-39720.jpg;DUEBRADA EL SALT;932.0;518.0;1073.0;222.0;1105.0;246.0;1001.0;535.0;16;M-1379 F-39720;-7.570.924.006.042.380;3.917.631.682.785.830;6.470.588.235.294.110;;;
144;M-1379 F-39720.jpg;LAS BRISAS;853.0;544.0;988.0;535.0;989.0;562.0;853.0;571.0;10;M-1379 F-39720;-7.571.294.762.860.750;39.164.227.613.998.900;100.0;LAS BRISAS;Sitio;CATALOGO
145;M-1379 F-39720.jpg;MONTEDIABLO;1000.0;574.0;1131.0;366.0;1179.0;390.0;1040.0;601.0;11;M-1379 F-39720;-7.570.604.873.591.130;39.150.278.521.084.200;7.272.727.272.727.270;MONTECARLO;Sitio;CATALOGO
146;M-1379 F-39720.jpg;LOMO SN ISIDRO;1171.0;587.0;1236.0;379.0;1276.0;391.0;1203.0;600.0;14;M-1379 F-39720;-7.569.802.349.338.710;39.144.233.914.154.500;7.333.333.333.333.330;ALTO SAN ISIDRO;Vereda;CATALOGO
147;M-1379 F-39720.jpg;BEGONIA;889.0;610.0;1063.0;610.0;1063.0;640.0;888.0;638.0;7;M-1379 F-39720;-7.571.125.810.386.550;39.133.539.609.586.600;7.142.857.142.857.140;BETANIA;Sitio;CATALOGO
148;M-1379 F-39720.jpg;SN ISIDRAY;1083.0;613.0;1236.0;620.0;1235.0;647.0;1082.0;635.0;10;M-1379 F-39720;-7.570.215.344.275.620;39.132.144.700.295.100;7.272.727.272.727.270;SAN ISIDROS;Loma;CATALOGO
149;M-1379 F-39720.jpg;IL MIRADOR;782.0;704.0;944.0;687.0;948.0;717.0;785.0;734.0;10;M-1379 F-39720;-7.571.627.974.684.850;39.089.832.451.787.300;90.0;EL MIRADOR;Sitio;CATALOGO
150;M-1379 F-39720.jpg;BERLIN;907.0;680.0;1073.0;662.0;1075.0;695.0;911.0;715.0;6;M-1379 F-39720;-7.571.041.334.149.460;3.910.099.172.611.900;8.333.333.333.333.330;BERLÍN;Sitio;CATALOGO
151;M-1379 F-39720.jpg;PEATONALY;985.0;701.0;1122.0;688.0;1126.0;723.0;988.0;733.0;9;M-1379 F-39720;-7.570.675.270.455.370;3.909.122.736.107.880;6.666.666.666.666.660;;;
152;M-1379 F-39720.jpg;MAME YA;1288.0;686.0;1430.0;685.0;1430.0;718.0;1288.0;719.0;7;M-1379 F-39720;-7.569.253.253.797.580;39.098.201.907.536.100;7.142.857.142.857.140;MAMEYAL;Arroyo;CATALOGO
153;M-1379 F-39720.jpg;ZANJA LAS AMERICAS;1164.0;720.0;1243.0;501.0;1263.0;512.0;1196.0;728.0;18;M-1379 F-39720;-7.569.835.201.208.690;3.908.239.293.556.610;7.777.777.777.777.770;ZANJA LAS ACACIAS;Quebrada;CATALOGO
154;M-1379 F-39720.jpg;INS POL SAN JOSE;1232.0;746.0;1494.0;764.0;1493.0;790.0;1230.0;767.0;16;M-1379 F-39720;-7.569.516.068.757.430;39.070.303.721.706.800;5.882.352.941.176.470;;;
155;M-1379 F-39720.jpg;DE LAS HERMOSAS;1243.0;769.0;1461.0;786.0;1459.0;810.0;1241.0;791.0;15;M-1379 F-39720;-7.569.464.444.390.320;3.905.960.941.713.880;75.0;PIEDRAS HERMOSAS;Sitio;CATALOGO
156;M-1379 F-39720.jpg;QUEBRADA LA CHI;241.0;804.0;546.0;658.0;568.0;728.0;270.0;845.0;15;M-1379 F-39720;-7.574.166.954.922.040;39.043.335.475.405.000;7.333.333.333.333.330;QUEBRADA BLANCA;Sitio;CATALOGO
157;M-1379 F-39720.jpg;BOSQUE;1512.0;790.0;1642.0;784.0;1643.0;809.0;1513.0;815.0;6;M-1379 F-39720;-7.568.201.993.958.150;39.049.845.052.098.600;7.142.857.142.857.140;BOSÍCUE;Laguna;CATALOGO
158;M-1379 F-39720.jpg;SAN JOS;1227.0;823.0;1352.0;829.0;1350.0;851.0;1226.0;843.0;7;M-1379 F-39720;-7.569.539.534.378.850;3.903.450.104.989.240;87.5;SAN JOSÉ;Sitio;CATALOGO
159;M-1379 F-39720.jpg;QUEBRADA EL HORIZONTE;1407.0;879.0;1622.0;552.0;1655.0;572.0;1437.0;898.0;21;M-1379 F-39720;-7.568.694.772.007.880;390.084.627.431.184;6.666.666.666.666.660;;;
160;M-1379 F-39720.jpg;BALSORA;710.0;966.0;860.0;977.0;859.0;1012.0;708.0;1001.0;7;M-1379 F-39720;-7.571.965.879.633.240;3.896.801.037.366.580;7.142.857.142.857.140;BALOMA;Caño;CATALOGO
161;M-1379 F-39720.jpg;RIO AMOYAS;1195.0;945.0;1401.0;1082.0;1378.0;1118.0;1170.0;992.0;10;M-1379 F-39720;-7.569.689.714.355.910;38.977.774.738.706.100;60.0;;;
162;M-1379 F-39720.jpg;BUENOS AIRES;1355.0;919.0;1553.0;914.0;1554.0;942.0;1356.0;950.0;12;M-1379 F-39720;-756.893.881.447.061;38.989.863.952.565.400;100.0;BUENOS AIRES;Vereda;CATALOGO
163;M-1379 F-39720.jpg;LA PALMA;1449.0;1003.0;1565.0;1001.0;1565.0;1035.0;1449.0;1036.0;8;M-1379 F-39720;-7.568.497.660.787.990;389.508.064.924.044;80.0;LAS PALMAS;Vereda;CATALOGO
164;M-1379 F-39720.jpg;GUATAQUIO;559.0;1059.0;835.0;1017.0;843.0;1060.0;566.0;1107.0;9;M-1379 F-39720;-7.572.674.541.400.000;38.924.768.185.630.300;7.777.777.777.777.770;GUAYAQUIL;Caserío;CATALOGO
165;M-1379 F-39720.jpg;EL TACHUEL;1390.0;1065.0;1550.0;1054.0;1552.0;1093.0;1391.0;1101.0;10;M-1379 F-39720;-75.687.745.551.207;38.921.978.367.047.400;7.272.727.272.727.270;EL MOCHUELO;Sitio;CATALOGO
166;M-1379 F-39720.jpg;CUCHILLA LEQUENDAMA;748.0;1181.0;1245.0;1296.0;1229.0;1384.0;729.0;1233.0;19;M-1379 F-39720;-7.571.787.540.910.480;38.868.041.874.443.900;631.578.947.368.421;;;
167;M-1379 F-39720.jpg;HOLA LAS VEGAS;1137.0;1436.0;1373.0;1435.0;1373.0;1471.0;1137.0;1472.0;14;M-1379 F-39720;-7.569.961.915.564.330;38.749.474.584.669.200;7.142.857.142.857.140;HOJA LAS PAVAS;Vereda;CATALOGO
168;M-1379 F-39720.jpg;JA ESMERALDA;1442.0;1412.0;1681.0;1408.0;1682.0;1446.0;1442.0;1449.0;12;M-1379 F-39720;-7.568.530.512.657.970;3.876.063.385.900.090;9.166.666.666.666.660;LA ESMERALDA;Vereda;CATALOGO
169;M-1379 F-39720.jpg;QUEBRADA;1206.0;1486.0;1439.0;1604.0;1423.0;1636.0;1199.0;1515.0;8;M-1379 F-39720;-7.569.638.089.988.800;387.262.260.964.781;7.272.727.272.727.270;QUEBRADITAS;Vereda;CATALOGO
170;M-1379 F-39720.jpg;EL CARMEN;1560.0;1527.0;1728.0;1522.0;1729.0;1553.0;1561.0;1558.0;9;M-1379 F-39720;-7.567.976.723.992.560;38.707.162.336.161.300;100.0;EL CARMEN;Sitio;CATALOGO
171;M-1379 F-39720.jpg;LEGUEN;1418.0;1611.0;1572.0;1665.0;1560.0;1699.0;1406.0;1652.0;6;M-1379 F-39720;-7.568.643.147.640.770;38.668.104.876.000.200;6.666.666.666.666.660;;;
172;M-1379 F-39720.jpg;AURORA;979.0;1818.0;1149.0;1814.0;1151.0;1853.0;979.0;1860.0;6;M-1379 F-39720;-7.570.703.429.201.070;38.571.856.134.889.000;100.0;AURORA;Sitio;CATALOGO
173;M-1379 F-39720.jpg;STA ROSA DE VERGARA;1285.0;1866.0;1639.0;1863.0;1640.0;1902.0;1285.0;1903.0;19;M-1379 F-39720;-7.569.267.333.170.430;38.549.537.586.225.500;6.666.666.666.666.660;;;
174;M-1379 F-39720.jpg;JUEBRADA QUEBRACON FORMS;286.0;1935.0;837.0;1821.0;848.0;1895.0;299.0;1987.0;24;M-1379 F-39720;-7.573.955.764.329.300;38.517.454.672.521.700;58.333.333.333.333.300;;;
175;M-1379 F-39720.jpg;CASANARE;1084.0;1890.0;1323.0;1877.0;1326.0;1918.0;1087.0;1933.0;8;M-1379 F-39720;-7.570.210.651.151.340;3.853.837.831.189.370;75.0;CANANARÍ;Caño;CATALOGO
176;M-1379 F-39720.jpg;IL ORIENTE RIO DAVIS;772.0;1936.0;1356.0;1905.0;1359.0;1954.0;775.0;1980.0;20;M-1379 F-39720;-757.167.490.592.769;38.516.989.702.757.900;5.454.545.454.545.450;;;
177;M-1379 F-39720.jpg;FILO SOMBRERO;450.0;2025.0;743.0;1924.0;758.0;1959.0;465.0;2077.0;13;M-1379 F-39720;-7.573.186.091.946.860;3.847.560.739.377.770;7.692.307.692.307.690;EL SOMBRERO;Sitio;CATALOGO
178;C-2568_F-012.jpg;CUCHILLA LO BOS;487.0;173.0;764.0;446.0;709.0;516.0;428.0;222.0;15;C-2568_F-012;-7.593.070.344.867.430;37.980.901.460.506.700;7.333.333.333.333.330;CUCHILLA MEDIOS;Vereda;CATALOGO
179;C-2568_F-012.jpg;QUEBRADA LA SUIZA;433.0;540.0;796.0;802.0;756.0;865.0;395.0;596.0;17;C-2568_F-012;-759.324.927.171.992;37.858.670.223.546.900;7.058.823.529.411.760;QUEBRADA ARRIBA;Sitio;CATALOGO
180;C-2568_F-012.jpg;PARAMID;680.0;653.0;896.0;689.0;885.0;747.0;670.0;717.0;7;C-2568_F-012;-7.592.430.847.042.820;37.821.034.992.548.400;75.0;PARAMITO;Sitio;CATALOGO
181;C-2568_F-012.jpg;PARAMO;1695.0;1883.0;1889.0;1890.0;1887.0;1948.0;1695.0;1943.0;6;C-2568_F-012;-7.589.067.684.908.220;3.741.137.716.840.530;7.142.857.142.857.140;PARAÍSO;Vereda;CATALOGO
182;C-2568_F-012.jpg;CHILLA LA SUIZA;400.0;690.0;617.0;1146.0;572.0;1168.0;354.0;711.0;15;C-2568_F-012;-7.593.358.615.907.540;37.808.711.952.309.900;6.666.666.666.666.660;;;
183;C-2568_F-012.jpg;CUCHILLA;1532.0;781.0;1651.0;638.0;1685.0;667.0;1562.0;811.0;8;C-2568_F-012;-7.589.607.778.925.900;37.778.403.934.426.200;7.777.777.777.777.770;CUCHILLOS;Quebrada;CATALOGO
184;C-2568_F-012.jpg;RIO AMOYA;1664.0;964.0;1934.0;789.0;1964.0;837.0;1692.0;1013.0;9;C-2568_F-012;-758.917.040.217.539;37.717.454.843.517.100;6.666.666.666.666.660;;;
185;C-2568_F-012.jpg;QUEBRADA LA CAUSANERA;2128.0;1381.0;2131.0;929.0;2187.0;929.0;2180.0;1381.0;21;C-2568_F-012;-7.587.632.956.628.140;3.757.857.084.947.830;7.142.857.142.857.140;QUEBRADA LA CHINA;Nombre;CATALOGO
186;C-2568_F-012.jpg;ZAROZA;772.0;1849.0;909.0;1875.0;903.0;1911.0;766.0;1885.0;6;C-2568_F-012;-7.592.126.008.701.560;37.422.701.043.219.000;75.0;ZARAGOZA;Quebrada;CATALOGO
187;C-2568_F-012.jpg;DHAGUINA;602.0;2025.0;800.0;2024.0;800.0;2075.0;602.0;2076.0;8;C-2568_F-012;-7.592.689.296.940.850;3.736.408.333.830.100;7.777.777.777.777.770;CHAGUINAL;Sitio;CATALOGO
188;C-2568_F-014.jpg;RTAMENTO;1128.0;730.0;1488.0;765.0;1482.0;819.0;1123.0;784.0;8;C-2568_F-014;-7.590.371.382.724.970;38.255.135.582.713.400;7.777.777.777.777.770;ARMAMENTO;Sitio;CATALOGO
189;C-2568_F-014.jpg;PARAMO;282.0;1847.0;482.0;1884.0;470.0;1945.0;270.0;1913.0;6;C-2568_F-014;-7.593.005.845.681.240;37.905.783.248.317.300;7.142.857.142.857.140;PARAÍSO;Vereda;CATALOGO
190;C-2568_F-014.jpg;QUEBRADA MORALES;1815.0;1347.0;2100.0;1051.0;2139.0;1084.0;1848.0;1383.0;16;C-2568_F-014;-7.588.232.049.331.400;38.062.162.986.184.900;68.75;;;
191;C-2568_F-014.jpg;LAGUNA;419.0;1373.0;595.0;1395.0;589.0;1449.0;412.0;1427.0;6;C-2568_F-014;-7.592.579.224.611.490;380.540.312.398.158;7.142.857.142.857.140;LA LUNA;Sitio;CATALOGO
192;C-2568_F-014.jpg;LA RUSIA;419.0;1429.0;637.0;1450.0;632.0;1503.0;414.0;1482.0;8;C-2568_F-014;-7.592.579.224.611.490;38.036.516.709.174.600;75.0;LA ROSA;Quebrada;CATALOGO
193;C-2568_F-014.jpg;PARANG;870.0;1522.0;1061.0;1538.0;1056.0;1590.0;868.0;1576.0;6;C-2568_F-014;-7.591.174.800.505.960;38.007.430.077.931.200;8.333.333.333.333.330;PARANÁ;Caserío;CATALOGO
194;C-2568_F-014.jpg;DEPARTAMENTO;1496.0;1514.0;2008.0;1536.0;2006.0;1615.0;1492.0;1603.0;12;C-2568_F-014;-7.589.225.422.479.220;38.009.932.153.737.100;75.0;PARLAMENTO;Sitio;CATALOGO
195;C-2568_F-014.jpg;DEL TOLIMA;1429.0;1671.0;1850.0;1681.0;1847.0;1750.0;1427.0;1735.0;10;C-2568_F-014;-7.589.434.061.980.480;3.796.082.891.604.670;90.0;EL TOLIMA;Sitio;CATALOGO
196;C-2568_F-014.jpg;ICHINILA LA;224.0;1729.0;500.0;1855.0;474.0;1912.0;201.0;1784.0;11;C-2568_F-014;-7.593.186.458.980.840;3.794.268.886.645.410;6.363.636.363.636.360;;;
197;C-2568_F-014.jpg;ALAS AGUILAS;1816.0;1849.0;2216.0;1388.0;2265.0;1432.0;1862.0;1895.0;12;C-2568_F-014;-7.588.228.935.308.990;37.905.157.729.365.900;8.333.333.333.333.330;LAS ÁGUILAS;Quebrada;CATALOGO
198;C-2568_F-014.jpg;TARAINO;1016.0;1939.0;1252.0;1939.0;1252.0;2011.0;1016.0;2011.0;7;C-2568_F-014;-7.590.720.153.234.550;3.787.700.937.654.970;7.142.857.142.857.140;MARIANO;Laguna;CATALOGO
199;C-2568_F-014.jpg;RIO AMOVA;1938.0;1920.0;2231.0;1646.0;2283.0;1696.0;1989.0;1976.0;9;C-2568_F-014;-7.587.849.024.575.350;37.882.951.806.588.700;6.666.666.666.666.660;;;
200;C-2568_F-014.jpg;QUEB LASUSANERA;2039.0;2290.0;2066.0;1873.0;2134.0;1878.0;2097.0;2295.0;15;C-2568_F-014;-7.587.534.508.312.250;3.776.723.080.056.670;62.5;;;
201;C-1974 F-238.jpg;PARA MD EL DIAMANTE;905.0;944.0;1477.0;970.0;1475.0;1011.0;903.0;984.0;19;C-1974 F-238;-7.584.491.237.210.100;38.672.680.012.849.200;6.842.105.263.157.890;;;
202;C-1974 F-238.jpg;RIO AMOYA;1626.0;1746.0;1776.0;1591.0;1803.0;1616.0;1650.0;1772.0;9;C-1974 F-238;-7.582.644.192.017.690;38.449.074.065.552.300;6.666.666.666.666.660;;;
203;C-1974 F-238.jpg;PARAMO DE MORALES;238.0;1733.0;724.0;1759.0;722.0;1804.0;236.0;1778.0;17;C-1974 F-238;-7.586.199.946.146.770;38.452.698.600.857.600;7.222.222.222.222.220;PÁRAMO DE MONSALVE;Vereda;CATALOGO
204;C-1974 F-238.jpg;NOTA ALTIN;202.0;1991.0;462.0;1996.0;461.0;2045.0;201.0;2041.0;10;C-1974 F-238;-7.586.292.170.317.260;3.838.076.551.556.750;60.0;;;
205;C-2407_F-166.jpg;PARAMO;616.0;741.0;907.0;736.0;912.0;829.0;616.0;841.0;6;C-2407_F-166;-7.580.661.644.741.730;3.707.096.672.044.890;7.142.857.142.857.140;PARAÍSO;Vereda;CATALOGO
206;C-2407_F-166.jpg;PARATO;1672.0;890.0;1878.0;894.0;1877.0;959.0;1672.0;955.0;6;C-2407_F-166;-7.577.162.521.441.840;37.021.383.847.772.700;7.142.857.142.857.140;PARAÍSO;Vereda;CATALOGO
207;C-2407_F-166.jpg;PARAMOS;611.0;1423.0;825.0;1401.0;831.0;1459.0;614.0;1480.0;7;C-2407_F-166;-7.580.678.212.560.380;36.844.016.927.393.800;7.142.857.142.857.140;PARAÍSO;Vereda;CATALOGO
208;C-2407_F-166.jpg;LARAMO;1666.0;1451.0;1856.0;1441.0;1859.0;1482.0;1668.0;1493.0;6;C-2407_F-166;-7.577.182.402.824.220;3.683.469.934.058.220;7.142.857.142.857.140;EL RAMO;Quebrada;CATALOGO
209;C-2407_F-166.jpg;FARAMO;911.0;1919.0;1121.0;1915.0;1124.0;1998.0;912.0;2006.0;6;C-2407_F-166;-7.579.684.143.441.100;3.667.896.253.244.470;7.142.857.142.857.140;MARAMBO;Quebrada;CATALOGO
210;C-2407_F-168.jpg;PARAMO;1919.0;910.0;2125.0;928.0;2124.0;981.0;1918.0;965.0;6;C-2407_F-168;-7.576.360.889.709.760;3.752.185.678.733.030;7.142.857.142.857.140;PARAÍSO;Vereda;CATALOGO
211;C-2407_F-168.jpg;LAGUNA;1400.0;304.0;1607.0;323.0;1603.0;372.0;1395.0;357.0;6;C-2407_F-168;-7.577.924.599.736.140;37.705.183.915.767.400;7.142.857.142.857.140;LA LUNA;Sitio;CATALOGO
212;C-2407_F-168.jpg;LENCANTO;1389.0;355.0;1592.0;364.0;1590.0;403.0;1387.0;394.0;8;C-2407_F-168;-7.577.957.741.952.500;37.689.755.395.057.400;80.0;EL ENCANTO;Vereda;CATALOGO
213;C-2407_F-168.jpg;LA LIPARAMO;613.0;462.0;972.0;460.0;975.0;533.0;616.0;553.0;11;C-2407_F-168;-7.580.295.774.670.180;376.573.857.535.677;6.666.666.666.666.660;;;
214;C-2407_F-168.jpg;CONERA;755.0;487.0;979.0;499.0;978.0;558.0;752.0;551.0;6;C-2407_F-168;-7.579.867.938.786.270;3.764.982.275.321.960;7.142.857.142.857.140;CANTERA;Morro;CATALOGO
215;C-2407_F-168.jpg;RIO AMBEIMA;845.0;993.0;1220.0;1222.0;1191.0;1270.0;818.0;1043.0;11;C-2407_F-168;-7.579.596.775.197.880;3.749.674.762.617.470;6.363.636.363.636.360;;;
216;C-2407_F-168.jpg;QUEBRADA EL CHUPADERO;1268.0;1160.0;1172.0;522.0;1227.0;517.0;1327.0;1154.0;21;C-2407_F-168;-7.578.322.306.332.450;37.446.226.783.849.600;6.666.666.666.666.660;;;
217;C-2407_F-168.jpg;QUEBRADA LAS MESETAS;1458.0;1262.0;1737.0;754.0;1824.0;790.0;1516.0;1315.0;20;C-2407_F-168;-7.577.749.849.868.070;3.741.536.974.242.950;70.0;;;
218;C-2407_F-168.jpg;POSQUT;860.0;1293.0;1171.0;1300.0;1170.0;1367.0;860.0;1364.0;6;C-2407_F-168;-757.955.158.126.649;3.740.599.162.199.790;6.666.666.666.666.660;;;
219;C-2407_F-168.jpg;LOSO LES;1473.0;1415.0;1810.0;1420.0;1809.0;1492.0;1472.0;1488.0;8;C-2407_F-168;-7.577.704.655.936.670;37.369.084.180.299.300;7.777.777.777.777.770;LOS COLES;Quebrada;CATALOGO
220;C-2407_F-168.jpg;RIO ANBEIMA;1540.0;1588.0;1942.0;1588.0;1942.0;1675.0;1540.0;1675.0;11;C-2407_F-168;-7.577.502.789.709.760;3.731.674.821.789.070;6.363.636.363.636.360;;;
221;C-2407_F-170.jpg;LAGUNA;385.0;1748.0;584.0;1774.0;576.0;1827.0;378.0;1804.0;6;C-2407_F-170;-7.581.176.986.238.220;37.715.519.005.934.700;7.142.857.142.857.140;LA LUNA;Sitio;CATALOGO
222;C-2407_F-170.jpg;LAS NIEVES;934.0;437.0;1284.0;470.0;1280.0;524.0;928.0;493.0;10;C-2407_F-170;-7.579.578.734.925.970;3.809.913.725.148.360;100.0;LAS NIEVES;Sitio;CATALOGO
223;C-2407_F-170.jpg;PARAMD;1633.0;647.0;1887.0;669.0;1881.0;735.0;1628.0;713.0;6;C-2407_F-170;-7.577.543.802.927.320;38.037.688.104.599.400;8.333.333.333.333.330;PARAMA;Quebrada;CATALOGO
224;C-2407_F-170.jpg;STATING;1023.0;640.0;904.0;870.0;860.0;846.0;979.0;619.0;7;C-2407_F-170;-7.579.319.637.718.700;38.039.736.409.495.500;7.142.857.142.857.140;SATINGA;Sitio;CATALOGO
225;C-2407_F-170.jpg;QUEBRADALL BRILLANTE;2007.0;852.0;2577.0;635.0;2602.0;708.0;2028.0;934.0;20;C-2407_F-170;-7.576.455.012.415.880;3.797.770.203.264.090;65.0;;;
226;C-2407_F-170.jpg;LACINA;1500.0;879.0;1701.0;892.0;1698.0;938.0;1498.0;925.0;6;C-2407_F-170;-7.577.930.993.135.930;37.969.801.428.041.500;75.0;LA CHINA;Quebrada;CATALOGO
227;C-2407_F-170.jpg;EL BRILLANTE;1016.0;1382.0;1628.0;1428.0;1627.0;1502.0;1011.0;1460.0;12;C-2407_F-170;-757.934.001.615.074;3.782.261.609.050.440;100.0;EL BRILLANTE;Sitio;CATALOGO
228;C-2407_F-170.jpg;PARAMO;1728.0;1876.0;1966.0;1899.0;1965.0;1954.0;1724.0;1937.0;6;C-2407_F-170;-7.577.267.238.492.590;37.678.064.287.833.800;7.142.857.142.857.140;PARAÍSO;Vereda;CATALOGO
229;C-2407_F-170.jpg;CUCHILLA LAS PILAS;527.0;1444.0;1042.0;1643.0;1021.0;1705.0;505.0;1502.0;18;C-2407_F-170;-7.580.763.595.188.420;3.780.447.396.142.430;6.842.105.263.157.890;;;
230;C-2407_F-170.jpg;PARAMO PARAMO;545.0;1628.0;1146.0;1714.0;1135.0;1784.0;536.0;1704.0;13;C-2407_F-170;-7.580.711.193.506.050;37.750.632.804.154.300;6.923.076.923.076.920;;;
231;C-2407_F-170.jpg;LA LEONERA;443.0;1813.0;725.0;1847.0;719.0;1894.0;437.0;1860.0;10;C-2407_F-170;-7.581.008.136.372.810;3.769.649.903.189.910;80.0;LA LEONA;Vereda;CATALOGO
232;C-2407_F-170.jpg;LA LLONERI;719.0;1879.0;1161.0;1914.0;1159.0;1987.0;713.0;1962.0;10;C-2407_F-170;-7.580.204.643.909.820;3.767.718.644.287.830;80.0;LA LEONERA;Quebrada;CATALOGO
233;C-2407_F-170.jpg;RIO AMBEIMA;647.0;1975.0;702.0;2299.0;644.0;2307.0;588.0;1985.0;11;C-2407_F-170;-75.804.142.506.393;3.764.909.540.430.260;6.363.636.363.636.360;;;
234;C-2407_F-170.jpg;QUEB EL CHUPROERO;1273.0;2174.0;1327.0;1729.0;1383.0;1736.0;1330.0;2180.0;17;C-2407_F-170;-7.578.591.836.574.690;37.590.865.022.255.100;5.882.352.941.176.470;;;
235;C-2568_F-034.jpg;PARAMO;1189.0;1762.0;1435.0;1773.0;1434.0;1839.0;1186.0;1830.0;6;C-2568_F-034;-7.583.419.264.990.750;3.769.297.653.305.200;7.142.857.142.857.140;PARAÍSO;Vereda;CATALOGO
236;C-2568_F-034.jpg;PARAMOLA POLONI;674.0;623.0;661.0;1313.0;562.0;1312.0;576.0;623.0;15;C-2568_F-034;-7.585.074.556.857.670;38.060.600.397.327.700;60.0;;;
237;C-2568_F-034.jpg;CUCHILLA VENTANI;1011.0;690.0;1298.0;1092.0;1249.0;1120.0;959.0;727.0;16;C-2568_F-034;-7.583.991.385.286.500;3.803.897.546.413.500;68.75;;;
238;C-2568_F-034.jpg;NIEVES;2351.0;760.0;2470.0;766.0;2468.0;807.0;2349.0;802.0;6;C-2568_F-034;-7.579.684.412.273.560;38.016.382.250.351.600;100.0;NIEVES;Arroyo;CATALOGO
239;C-2568_F-034.jpg;RIO AMOYA;287.0;711.0;530.0;450.0;572.0;488.0;330.0;750.0;9;C-2568_F-034;-758.631.843.637.708;380.321.975;6.666.666.666.666.660;;;
240;C-2568_F-034.jpg;CUCHILLA LAS PILAS;1795.0;752.0;2136.0;1155.0;2086.0;1191.0;1747.0;794.0;18;C-2568_F-034;-7.581.471.484.658.040;38.018.964.331.926.800;6.842.105.263.157.890;;;
241;C-2568_F-034.jpg;ONTALL;687.0;1179.0;621.0;1464.0;540.0;1459.0;566.0;1186.0;6;C-2568_F-034;-7.585.032.772.791.120;378.811.457.278.481;6.666.666.666.666.660;;;
242;C-2568_F-034.jpg;LA LEONERA;1956.0;1759.0;2254.0;1756.0;2255.0;1805.0;1957.0;1809.0;10;C-2568_F-034;-7.580.954.005.064.690;37.693.944.813.642.700;80.0;LA LEONA;Vereda;CATALOGO
243;C-2568_F-034.jpg;SMBEIMA;2201.0;1979.0;2211.0;2194.0;2164.0;2196.0;2152.0;1981.0;7;C-2568_F-034;-75.801.665.361.183;37.622.937.570.323.400;75.0;COMBEIMA;Sitio;CATALOGO
244;C-2568_F-036.jpg;PARAMO;359.0;545.0;630.0;563.0;629.0;625.0;355.0;611.0;6;C-2568_F-036;-7.586.486.923.167.760;3.760.761.693.275.650;7.142.857.142.857.140;PARAÍSO;Vereda;CATALOGO
245;C-2568_F-036.jpg;PARETO;1646.0;655.0;1879.0;660.0;1878.0;720.0;1645.0;717.0;6;C-2568_F-036;-7.582.352.832.407.080;3.757.209.337.790.010;7.142.857.142.857.140;GUARETO;Caño;CATALOGO
246;C-2568_F-036.jpg;PARAANO;392.0;1483.0;638.0;1494.0;634.0;1572.0;388.0;1559.0;7;C-2568_F-036;-758.638.092.084.057;3.730.469.789.225.320;7.142.857.142.857.140;PARAÍSO;Vereda;CATALOGO
247;C-2568_F-036.jpg;QUEBRADA EL;873.0;1542.0;893.0;1296.0;943.0;1298.0;928.0;1546.0;11;C-2568_F-036;-7.584.835.856.616.880;37.285.644.349.193.800;7.692.307.692.307.690;QUEBRADA SECA;Zanjón;CATALOGO
248;C-1256_F-362.jpg;JANEIRO;908.0;1376.0;921.0;1203.0;964.0;1206.0;952.0;1379.0;7;C-1256_F-362;-7.565.280.470.371.730;38.102.490.694.345.000;100.0;JANEIRO;Quebrada;CATALOGO
249;C-1256_F-362.jpg;FILO LA MORA;797.0;1420.0;1243.0;1451.0;1237.0;1522.0;793.0;1474.0;12;C-1256_F-362;-7.565.637.079.830.690;38.088.294.001.431.600;6.666.666.666.666.660;;;
250;C-1256_F-362.jpg;QUEBRADA SA;764.0;1475.0;1241.0;1545.0;1233.0;1602.0;761.0;1525.0;11;C-1256_F-362;-7.565.743.098.859.030;3.807.054.813.528.990;7.272.727.272.727.270;QUEBRADITAS;Vereda;CATALOGO
251;C-1256_F-362.jpg;EL LIBANO;2070.0;1467.0;2267.0;1464.0;2268.0;1503.0;2070.0;1508.0;9;C-1256_F-362;-7.561.547.315.495.030;38.073.129.352.183.200;7.777.777.777.777.770;EL LLANO;Sitio;CATALOGO
252;C-1256_F-362.jpg;LA ESPERANZA;1408.0;1690.0;1632.0;1663.0;1636.0;1699.0;1411.0;1726.0;12;C-1256_F-362;-7.563.674.121.457.490;3.800.117.793.128.130;75.0;LA ESMERALDA;Vereda;CATALOGO
253;C-1256_F-362.jpg;LOS TAMBILLOS;2009.0;1699.0;2223.0;1686.0;2226.0;1727.0;2012.0;1742.0;13;C-1256_F-362;-7.561.743.290.062.560;37.998.274.062.276.300;7.692.307.692.307.690;LOS AMARILLOS;Vereda;CATALOGO
254;C-1256_F-362.jpg;EL SILENCIO;2232.0;1768.0;2465.0;1758.0;2466.0;1797.0;2234.0;1806.0;11;C-1256_F-362;-7.561.026.858.446.810;37.976.011.066.571.200;100.0;EL SILENCIO;Sitio;CATALOGO
255;C-1256_F-362.jpg;LA DORADA;1605.0;1874.0;1811.0;1862.0;1813.0;1895.0;1607.0;1909.0;9;C-1256_F-362;-7.563.041.219.985.270;3.794.180.994.273.440;100.0;LA DORADA;Vereda;CATALOGO
256;C-1256_F-362.jpg;SAN IGNACIO;1607.0;2057.0;1819.0;2047.0;1821.0;2089.0;1609.0;2099.0;11;C-1256_F-362;-756.303.479.458.962;37.882.764.606.299.200;100.0;SAN IGNACIO;Sitio;CATALOGO
257;C-1256_F-362.jpg;BABILONIA;1763.0;2148.0;1929.0;2141.0;1931.0;2174.0;1764.0;2180.0;9;C-1256_F-362;-7.562.533.613.728.370;37.853.403.264.137.400;100.0;BABILONIA;Sitio;CATALOGO
258;C-1256_F-362.jpg;LA PORRA;2274.0;2117.0;2415.0;2108.0;2417.0;2143.0;2275.0;2153.0;8;C-1256_F-362;-756.089.192.513.802;37.863.405.479.599.100;7.777.777.777.777.770;LA PORFÍA;Sitio;CATALOGO
259;C-1256_F-362.jpg;SAN FRANCISCO;1788.0;2271.0;2036.0;2246.0;2040.0;2284.0;1791.0;2309.0;13;C-1256_F-362;-7.562.453.296.282.660;37.813.717.054.402.200;100.0;SAN FRANCISCO;Vereda;CATALOGO
260;C-1256_F-362.jpg;SAN MIGUEL;2007.0;2295.0;2210.0;2281.0;2212.0;2319.0;2008.0;2329.0;10;C-1256_F-362;-7.561.749.715.458.220;3.780.597.340.372.220;100.0;SAN MIGUEL;Sitio;CATALOGO
261;C-2071_F-010.jpg;HORIVEL;1139.0;333.0;1258.0;171.0;1290.0;192.0;1167.0;357.0;7;C-2071_F-010;-756.418.463.528.769;38.869.262.094.992.600;7.142.857.142.857.140;HORIZOL;Sitio;CATALOGO
262;C-2071_F-010.jpg;HONTONALES;1182.0;366.0;1365.0;158.0;1396.0;187.0;1213.0;393.0;10;C-2071_F-010;-7.564.020.594.828.840;3.885.661.626.656.840;7.272.727.272.727.270;CHONTARALES;Vereda;CATALOGO
263;C-2071_F-010.jpg;EL VERGEL;2231.0;526.0;2355.0;525.0;2356.0;564.0;2231.0;566.0;9;C-2071_F-010;-7.560.018.770.611.790;38.795.303.159.057.400;7.777.777.777.777.770;EL VERDE;Cuchilla;CATALOGO
264;C-2071_F-010.jpg;LA CRISTALINA;909.0;651.0;1106.0;647.0;1106.0;671.0;909.0;674.0;13;C-2071_F-010;-7.565.062.060.997.810;38.747.402.293.814.400;100.0;LA CRISTALINA;Vereda;CATALOGO
265;C-2071_F-010.jpg;EL JORDAN;1266.0;672.0;1412.0;662.0;1414.0;696.0;1266.0;705.0;9;C-2071_F-010;-7.563.700.143.699.920;3.873.935.494.845.360;7.777.777.777.777.770;EL JARDÍN;Sitio;CATALOGO
266;C-2071_F-010.jpg;LA ALBANIA;1815.0;667.0;1946.0;654.0;1949.0;680.0;1818.0;694.0;10;C-2071_F-010;-7.561.605.766.678.800;3.874.127.098.306.330;80.0;LA ALSACIA;Sitio;CATALOGO
267;C-2071_F-010.jpg;SAN MATEO;1010.0;761.0;1147.0;758.0;1147.0;778.0;1010.0;782.0;9;C-2071_F-010;-7.564.676.756.664.240;38.705.249.532.400.500;100.0;SAN MATEO;Sitio;CATALOGO
268;C-2071_F-010.jpg;SANTA INES;1546.0;726.0;1661.0;722.0;1662.0;743.0;1547.0;747.0;10;C-2071_F-010;-7.562.631.973.270.210;38.718.661.774.668.600;90.0;SANTA INÉS;Sitio;CATALOGO
269;C-2071_F-010.jpg;LA VIOLETA;2291.0;705.0;2428.0;698.0;2430.0;734.0;2293.0;740.0;10;C-2071_F-010;-7.559.789.876.948.280;38.726.709.120.029.400;80.0;LA ISLETA;Vereda;CATALOGO
270;C-2071_F-010.jpg;QUEBRADA;315.0;2002.0;327.0;1808.0;361.0;1811.0;343.0;2005.0;8;C-2071_F-010;-756.732.810.826.657;38.229.689.742.268.000;7.272.727.272.727.270;QUEBRADITAS;Vereda;CATALOGO
271;C-2071_F-010.jpg;BUENOS AIRES;1777.0;1770.0;1973.0;1758.0;1975.0;1794.0;1777.0;1803.0;12;C-2071_F-010;-7.561.750.732.665.690;38.318.593.748.159.000;100.0;BUENOS AIRES;Vereda;CATALOGO
272;C-2071_F-010.jpg;CHORRO BLANCO;505.0;843.0;714.0;680.0;733.0;706.0;520.0;873.0;13;C-2071_F-010;-756.660.327.833.212;3.867.382.656.480.110;100.0;CHORRO BLANCO;Quebrada;CATALOGO
273;C-2071_F-010.jpg;SEL BOSQUE;1342.0;798.0;1496.0;793.0;1497.0;815.0;1343.0;820.0;10;C-2071_F-010;-7.563.410.211.726.140;38.691.070.876.288.600;90.0;EL BOSQUE;Sabana;CATALOGO
274;C-2071_F-010.jpg;SN FRANCISCO;1267.0;1259.0;1467.0;1259.0;1467.0;1284.0;1267.0;1284.0;12;C-2071_F-010;-7.563.696.328.805.530;38.514.412.485.272.400;923.076.923.076.923;SAN FRANCISCO;Vereda;CATALOGO
275;C-2071_F-010.jpg;EL PESA;1593.0;868.0;1677.0;711.0;1704.0;727.0;1623.0;883.0;7;C-2071_F-010;-7.562.452.673.233.790;38.664.246.391.752.500;7.142.857.142.857.140;EL PATA;Laguna;CATALOGO
276;C-2071_F-010.jpg;LA ARMENIL;2177.0;839.0;2344.0;833.0;2345.0;868.0;2177.0;873.0;10;C-2071_F-010;-756.022.477.490.896;3.867.535.939.248.890;7.272.727.272.727.270;LA GARDENIA;Sitio;CATALOGO
277;C-2071_F-010.jpg;EL RUNGA;571.0;937.0;710.0;871.0;724.0;900.0;581.0;967.0;8;C-2071_F-010;-7.566.351.495.302.250;38.637.805.114.138.400;75.0;EL ZUNGO;Caserío;CATALOGO
278;C-2071_F-010.jpg;EL DIAMANTE;730.0;915.0;874.0;913.0;874.0;938.0;730.0;941.0;11;C-2071_F-010;-7.565.744.927.093.950;38.646.235.666.421.200;100.0;EL DIAMANTE;Sitio;CATALOGO
279;C-2071_F-010.jpg;LA ESPERANZAY;1318.0;875.0;1505.0;866.0;1506.0;892.0;1318.0;901.0;13;C-2071_F-010;-7.563.501.769.191.550;38.661.563.943.298.900;923.076.923.076.923;LA ESPERANZA;Vereda;CATALOGO
280;C-2071_F-010.jpg;QUEBRADA LA;2263.0;899.0;2376.0;1060.0;2355.0;1079.0;2237.0;914.0;11;C-2071_F-010;-755.989.669.399.126;38.652.366.977.172.300;7.692.307.692.307.690;QUEBRADA SECA;Zanjón;CATALOGO
281;C-2071_F-010.jpg;LOS CEDROS;1428.0;939.0;1580.0;912.0;1584.0;933.0;1432.0;962.0;10;C-2071_F-010;-7.563.082.130.808.440;38.637.038.700.294.500;90.0;LOS CERROS;Sitio;CATALOGO
282;C-2071_F-010.jpg;CAMPO SOLDI DER;1743.0;931.0;1974.0;898.0;1979.0;943.0;1746.0;965.0;15;C-2071_F-010;-7.561.880.439.075.010;38.640.104.355.670.000;60.0;;;
283;C-2071_F-010.jpg;PATIO BONITO;1781.0;1956.0;1963.0;1952.0;1964.0;1983.0;1782.0;1990.0;12;C-2071_F-010;-7.561.735.473.088.120;3.824.731.726.067.740;100.0;PATIO BONITO;Vereda;CATALOGO
284;C-2071_F-010.jpg;LA LAGUNA;670.0;986.0;845.0;982.0;846.0;1007.0;670.0;1011.0;9;C-2071_F-010;-7.565.973.820.757.460;3.861.902.797.496.310;7.777.777.777.777.770;LA LUNA;Sitio;CATALOGO
285;C-2071_F-010.jpg;LA PROFUNDL;1573.0;958.0;1726.0;958.0;1726.0;982.0;1573.0;981.0;11;C-2071_F-010;-7.562.528.971.121.630;38.629.757.768.777.600;909.090.909.090.909;LA PROFUNDA;Sitio;CATALOGO
286;C-2071_F-010.jpg;GUAYABAL;1307.0;1003.0;1427.0;996.0;1428.0;1017.0;1307.0;1023.0;8;C-2071_F-010;-756.354.373.302.986;3.861.251.345.729.010;100.0;GUAYABAL;Vereda;CATALOGO
287;C-2071_F-010.jpg;CRISTOBAL;1407.0;1009.0;1532.0;1002.0;1533.0;1023.0;1409.0;1033.0;9;C-2071_F-010;-7.563.162.243.590.670;38.610.214.215.758.400;8.888.888.888.888.880;CRISTÓBAL;Caño;CATALOGO
288;C-2071_F-010.jpg;LA CONCEPCIONI;1741.0;994.0;1802.0;690.0;1834.0;695.0;1764.0;1001.0;14;C-2071_F-010;-7.561.888.068.863.800;3.861.596.231.958.760;8.571.428.571.428.570;LA CONCEPCIÓN;Sitio;CATALOGO
289;C-2071_F-010.jpg;LA PALMA;819.0;1791.0;971.0;1784.0;972.0;1809.0;820.0;1817.0;8;C-2071_F-010;-7.565.405.401.493.080;38.310.546.402.798.200;80.0;LAS PALMAS;Vereda;CATALOGO
290;C-2071_F-010.jpg;LA CONCEPCION;1578.0;1002.0;1747.0;1007.0;1747.0;1030.0;1577.0;1024.0;13;C-2071_F-010;-7.562.509.896.649.670;38.612.896.664.212.000;923.076.923.076.923;LA CONCEPCIÓN;Sitio;CATALOGO
291;C-2071_F-010.jpg;LAS PALMAS;2045.0;991.0;2240.0;992.0;2239.0;1038.0;2045.0;1035.0;10;C-2071_F-010;-7.560.728.340.968.680;3.861.711.194.035.340;80.0;LAS DAMAS;Vereda;CATALOGO
292;C-2071_F-010.jpg;LA ARENOSA;1164.0;1073.0;1308.0;1068.0;1309.0;1090.0;1165.0;1096.0;10;C-2071_F-010;-7.564.089.262.927.890;3.858.568.897.275.400;100.0;LA ARENOSA;Sitio;CATALOGO
293;C-2071_F-010.jpg;CARINO;1317.0;1055.0;1398.0;1052.0;1399.0;1071.0;1318.0;1074.0;6;C-2071_F-010;-7.563.505.584.085.940;3.859.258.669.734.900;8.333.333.333.333.330;CAMINO;Caño;CATALOGO
294;C-2071_F-010.jpg;EL CUCAL;1598.0;1053.0;1703.0;1061.0;1701.0;1086.0;1596.0;1077.0;8;C-2071_F-010;-7.562.433.598.761.830;3.859.335.311.119.290;75.0;EL CEJAL;Laguna;CATALOGO
295;C-2071_F-010.jpg;VEREDA;2024.0;1999.0;2130.0;1992.0;2132.0;2017.0;2025.0;2023.0;6;C-2071_F-010;-756.080.845.375.091;38.230.839.363.033.800;7.142.857.142.857.140;VERADAR;Sitio;CATALOGO
296;C-2071_F-010.jpg;LA TOMA;2221.0;1021.0;2370.0;1087.0;2356.0;1111.0;2211.0;1052.0;7;C-2071_F-010;-7.560.056.919.555.710;38.605.615.732.695.100;7.142.857.142.857.140;LA MONA;Sitio;CATALOGO
297;C-2071_F-010.jpg;LA PALESTINA;1116.0;1109.0;1304.0;1097.0;1306.0;1122.0;1117.0;1136.0;12;C-2071_F-010;-7.564.272.377.858.700;38.571.893.523.564.000;75.0;PALESTINA;Sitio;CATALOGO
298;C-2071_F-010.jpg;EL LIRIO;1360.0;1089.0;1449.0;1084.0;1451.0;1103.0;1360.0;1109.0;8;C-2071_F-010;-7.563.341.543.627.090;38.579.557.662.002.900;75.0;EL SITIO;Sitio;CATALOGO
299;C-2071_F-010.jpg;LA ARGENTINA;1047.0;1431.0;1233.0;1425.0;1234.0;1449.0;1047.0;1456.0;12;C-2071_F-010;-756.453.560.557.174;38.448.500.894.698.000;7.692.307.692.307.690;LA TREMENTINA;Quebrada;CATALOGO
300;C-2071_F-010.jpg;LOS ALPES;604.0;1135.0;753.0;1133.0;754.0;1158.0;605.0;1162.0;9;C-2071_F-010;-7.566.225.603.787.320;3.856.193.014.359.350;100.0;LOS ALPES;Sitio;CATALOGO
301;C-2071_F-010.jpg;LU LA UNION;1465.0;1100.0;1599.0;1103.0;1598.0;1126.0;1465.0;1121.0;11;C-2071_F-010;-7.562.940.979.715.950;3.857.534.238.586.150;7.272.727.272.727.270;LA UNION;Aeropuerto;CATALOGO
302;C-2071_F-010.jpg;TEQUEN DAM;320.0;1180.0;548.0;1245.0;537.0;1291.0;308.0;1248.0;10;C-2071_F-010;-7.567.309.033.794.600;38.544.685.832.106.000;80.0;TEQUENDAMA;Quebrada;CATALOGO
303;C-2071_F-010.jpg;EL SALADO;1850.0;1182.0;2067.0;1170.0;2069.0;1210.0;1851.0;1220.0;9;C-2071_F-010;-756.147.224.537.509;3.854.391.941.826.210;7.777.777.777.777.770;EL SALTO;Sitio;CATALOGO
304;C-2071_F-010.jpg;MONSERRATE;1080.0;1138.0;1263.0;1121.0;1266.0;1151.0;1082.0;1163.0;10;C-2071_F-010;-7.564.409.714.056.800;38.560.780.522.827.600;100.0;MONSERRATE;Vereda;CATALOGO
305;C-2071_F-010.jpg;LA RAMADA;431.0;1193.0;572.0;1190.0;572.0;1213.0;431.0;1215.0;9;C-2071_F-010;-7.566.885.580.517.110;38.539.704.142.120.700;75.0;LA BRAMADORA;Sitio;CATALOGO
306;C-2071_F-010.jpg;EL PARAISO;1623.0;1208.0;1741.0;1163.0;1749.0;1182.0;1630.0;1228.0;10;C-2071_F-010;-7.562.338.226.402.030;3.853.395.603.829.160;90.0;EL PARAÍSO;Vereda;CATALOGO
307;C-2071_F-010.jpg;NARANJAL;961.0;1169.0;1095.0;1062.0;1112.0;1079.0;975.0;1181.0;8;C-2071_F-010;-7.564.863.686.489.440;38.548.901.108.247.400;80.0;NARANJALES;Vereda;CATALOGO
308;C-2071_F-010.jpg;SN MIGUEL;1929.0;1145.0;2064.0;1137.0;2065.0;1163.0;1930.0;1170.0;9;C-2071_F-010;-7.561.170.868.718.130;3.855.809.807.437.400;90.0;SAN MIGUEL;Sitio;CATALOGO
309;C-2071_F-010.jpg;LA ESTACION;2198.0;1122.0;2375.0;1117.0;2375.0;1141.0;2199.0;1145.0;11;C-2071_F-010;-756.014.466.212.673;38.566.911.833.578.700;7.272.727.272.727.270;LA ESTACA;Sitio;CATALOGO
310;C-2071_F-010.jpg;EL CARMEN;417.0;1212.0;562.0;1210.0;562.0;1233.0;417.0;1234.0;9;C-2071_F-010;-7.566.938.989.038.600;38.532.423.210.603.800;100.0;EL CARMEN;Sitio;CATALOGO
311;C-2071_F-010.jpg;RIO NEGRO;1486.0;1174.0;1601.0;1165.0;1603.0;1189.0;1487.0;1198.0;9;C-2071_F-010;-7.562.860.866.933.720;38.546.985.073.637.700;7.272.727.272.727.270;BARRO NEGRO;Alto;CATALOGO
312;C-2071_F-010.jpg;SAN ROQUE;2320.0;1150.0;2465.0;1149.0;2466.0;1173.0;2320.0;1175.0;9;C-2071_F-010;-7.559.679.245.010.920;38.556.182.039.764.300;100.0;SAN ROQUE;Cerro;CATALOGO
313;C-2071_F-010.jpg;PUEN EL SALADO;727.0;1235.0;925.0;1206.0;929.0;1231.0;730.0;1260.0;14;C-2071_F-010;-7.565.756.371.777.130;38.523.609.451.399.100;7.142.857.142.857.140;PUERTO SALADO;Sitio;CATALOGO
314;C-2071_F-010.jpg;STA RITA;2101.0;2063.0;2193.0;2021.0;2205.0;2047.0;2111.0;2089.0;8;C-2071_F-010;-7.560.514.706.882.730;38.206.314.120.029.400;80.0;SANTA RITA;Isla;CATALOGO
315;C-2071_F-010.jpg;NEREDA;1518.0;1191.0;1629.0;1183.0;1630.0;1208.0;1519.0;1216.0;6;C-2071_F-010;-7.562.738.790.313.180;38.540.470.555.964.600;8.333.333.333.333.330;VEREDA;Laguna;CATALOGO
316;C-2071_F-010.jpg;EL CONVENTO;572.0;1269.0;736.0;1272.0;736.0;1295.0;572.0;1292.0;11;C-2071_F-010;-7.566.347.680.407.860;38.510.580.416.053.000;7.272.727.272.727.270;EL CONEJO;Alto;CATALOGO
317;C-2071_F-010.jpg;DEL TESORO;1420.0;1230.0;1556.0;1215.0;1559.0;1236.0;1422.0;1254.0;10;C-2071_F-010;-7.563.112.649.963.580;3.852.552.548.600.880;90.0;EL TESORO;Sitio;CATALOGO
318;C-2071_F-010.jpg;TRES ESQUINAS;2263.0;1231.0;2452.0;1212.0;2456.0;1260.0;2266.0;1276.0;13;C-2071_F-010;-755.989.669.399.126;38.525.142.279.086.800;100.0;TRES ESQUINAS;Sitio;CATALOGO
319;C-2071_F-010.jpg;LA VEGAS JEL ESTANCO;751.0;1306.0;972.0;1298.0;973.0;1319.0;751.0;1329.0;20;C-2071_F-010;-7.565.664.814.311.720;3.849.640.175.994.100;70.0;;;
320;C-2071_F-010.jpg;PALACIO;1147.0;1284.0;1244.0;1279.0;1245.0;1304.0;1148.0;1308.0;7;C-2071_F-010;-7.564.154.116.132.550;38.504.832.312.223.800;100.0;PALACIO;Quebrada;CATALOGO
321;C-2071_F-010.jpg;EL ESCOBAL;312.0;1350.0;472.0;1347.0;472.0;1368.0;313.0;1371.0;10;C-2071_F-010;-7.567.339.552.949.740;38.479.540.655.375.500;7.272.727.272.727.270;EL ESPORTAL;Sitio;CATALOGO
322;C-2071_F-010.jpg;BUENAVISTA;1549.0;2445.0;1714.0;2441.0;1715.0;2471.0;1549.0;2478.0;10;C-2071_F-010;-7.562.620.528.587.030;38.059.929.075.846.800;909.090.909.090.909;BUENA VISTA;Sitio;CATALOGO
323;C-2071_F-010.jpg;QUEBRADAS;1672.0;1269.0;1808.0;1166.0;1839.0;1183.0;1687.0;1306.0;9;C-2071_F-010;-7.562.151.296.576.830;38.510.580.416.053.000;8.181.818.181.818.180;QUEBRADITAS;Vereda;CATALOGO
324;C-2071_F-010.jpg;CHIPALO;2320.0;1281.0;2495.0;1288.0;2494.0;1316.0;2320.0;1308.0;7;C-2071_F-010;-7.559.679.245.010.920;38.505.981.932.989.600;7.142.857.142.857.140;CHITAL;Alto;CATALOGO
325;C-2071_F-010.jpg;VEREDAS;333.0;1370.0;474.0;1367.0;474.0;1391.0;333.0;1393.0;7;C-2071_F-010;-7.567.259.440.167.510;38.471.876.516.936.600;7.142.857.142.857.140;VARELAS;Sitio;CATALOGO
326;C-2071_F-010.jpg;EL CRISOL;673.0;1367.0;786.0;1369.0;786.0;1390.0;673.0;1388.0;9;C-2071_F-010;-756.596.237.607.429;384.730.261.377.025;80.0;EL CRISTAL;Sitio;CATALOGO
327;C-2071_F-010.jpg;EL CONVENIO;1718.0;1320.0;1911.0;1316.0;1912.0;1340.0;1718.0;1346.0;11;C-2071_F-010;-7.561.975.811.434.810;38.491.036.863.033.800;7.272.727.272.727.270;EL PORVENIR;Sitio;CATALOGO
328;C-2071_F-010.jpg;LAS GOLONDRINAS;395.0;1400.0;604.0;1401.0;603.0;1427.0;394.0;1425.0;15;C-2071_F-010;-7.567.022.916.715.220;3.846.038.030.927.830;100.0;LAS GOLONDRINAS;Vereda;CATALOGO
329;C-2071_F-010.jpg;TROPICO;687.0;1388.0;789.0;1390.0;788.0;1410.0;687.0;1408.0;7;C-2071_F-010;-7.565.908.967.552.800;3.846.497.879.234.160;7.142.857.142.857.140;TOPICA;Arroyo;CATALOGO
330;C-2071_F-010.jpg;PTB SALUD;857.0;1377.0;989.0;1357.0;992.0;1381.0;860.0;1400.0;9;C-2071_F-010;-756.526.043.550.619;38.469.194.068.483.000;6.666.666.666.666.660;;;
331;C-2071_F-010.jpg;EL DANUBIO;1480.0;1348.0;1610.0;1341.0;1611.0;1361.0;1481.0;1369.0;10;C-2071_F-010;-7.562.883.756.300.070;3.848.030.706.921.940;100.0;EL DANUBIO;Sitio;CATALOGO
332;C-2071_F-010.jpg;CONVENTO;1723.0;1343.0;1897.0;1340.0;1897.0;1363.0;1723.0;1368.0;8;C-2071_F-010;-7.561.956.736.962.850;38.482.223.103.829.100;7.272.727.272.727.270;EL CONVENTO;Sitio;CATALOGO
333;C-2071_F-010.jpg;LA MIRANDA EINSPOL LA VIRGINIA;875.0;1399.0;1315.0;1364.0;1317.0;1386.0;875.0;1425.0;30;C-2071_F-010;-7.565.191.767.407.130;38.460.763.516.200.200;46.666.666.666.666.600;;;
334;C-2071_F-010.jpg;HERMOSAS;1134.0;1397.0;1269.0;1392.0;1270.0;1415.0;1135.0;1420.0;8;C-2071_F-010;-756.420.370.975.965;3.846.152.993.004.410;87.5;HERMOSA;Vereda;CATALOGO
335;C-2071_F-010.jpg;LA PRIMAVERS;1452.0;1383.0;1611.0;1386.0;1610.0;1414.0;1452.0;1409.0;12;C-2071_F-010;-7.562.990.573.343.040;38.466.894.826.951.400;9.166.666.666.666.660;LA PRIMAVERA;Sitio;CATALOGO
336;C-2071_F-010.jpg;PALOSANTO;1886.0;1368.0;2044.0;1362.0;2044.0;1385.0;1887.0;1391.0;9;C-2071_F-010;-7.561.334.909.176.980;3.847.264.293.078.050;100.0;PALOSANTO;Quebrada;CATALOGO
337;C-2071_F-010.jpg;EL MIRADOR;2259.0;2051.0;2465.0;2044.0;2466.0;2076.0;2260.0;2083.0;10;C-2071_F-010;-7.559.911.953.568.820;3.821.091.260.309.270;100.0;EL MIRADOR;Sitio;CATALOGO
338;C-2071_F-010.jpg;BABILONIA;2147.0;1372.0;2314.0;1369.0;2315.0;1398.0;2147.0;1401.0;9;C-2071_F-010;-7.560.339.221.740.710;38.471.110.103.092.700;100.0;BABILONIA;Sitio;CATALOGO
339;C-2071_F-010.jpg;CANAAN;745.0;1460.0;836.0;1459.0;836.0;1478.0;745.0;1480.0;6;C-2071_F-010;-7.565.687.703.678.070;38.437.387.893.961.600;7.142.857.142.857.140;CANEHAN;Sitio;CATALOGO
340;C-2071_F-010.jpg;LA VICTORIL;2316.0;1393.0;2485.0;1393.0;2485.0;1419.0;2316.0;1419.0;11;C-2071_F-010;-7.559.694.504.588.490;3.846.306.275.773.190;909.090.909.090.909;LA VICTORIA;Sitio;CATALOGO
341;C-2071_F-010.jpg;ALTAMIRA;303.0;1495.0;465.0;1475.0;469.0;1506.0;304.0;1527.0;8;C-2071_F-010;-7.567.373.886.999.270;38.423.975.651.693.600;100.0;ALTAMIRA;Sitio;CATALOGO
342;C-2071_F-010.jpg;LAS MERCEDES;1379.0;1438.0;1547.0;1436.0;1548.0;1466.0;1379.0;1467.0;12;C-2071_F-010;-756.326.906.063.365;38.445.818.446.244.400;100.0;LAS MERCEDES;Vereda;CATALOGO
343;C-2071_F-010.jpg;ASOCIACION AGROPECUARIA;2070.0;1422.0;2431.0;1419.0;2431.0;1442.0;2070.0;1446.0;23;C-2071_F-010;-7.560.632.968.608.880;38.451.949.756.995.500;6.521.739.130.434.780;;;
344;C-2071_F-010.jpg;EL DAVIS;652.0;1500.0;794.0;1497.0;795.0;1522.0;652.0;1527.0;8;C-2071_F-010;-7.566.042.488.856.510;3.842.205.961.708.390;75.0;EL OASIS;Sitio;CATALOGO
345;C-2071_F-010.jpg;LA PRIMAVERA;839.0;1492.0;1002.0;1486.0;1002.0;1508.0;840.0;1513.0;12;C-2071_F-010;-7.565.329.103.605.240;384.251.252.724.595;7.333.333.333.333.330;NUEVA PRIMAVERA;Vereda;CATALOGO
346;C-2071_F-010.jpg;EDUCATIVA ALVARO MOLINA;2073.0;1446.0;2396.0;1443.0;2397.0;1466.0;2073.0;1470.0;23;C-2071_F-010;-756.062.152.392.571;38.442.752.790.868.900;4.782.608.695.652.170;;;
347;C-2071_F-010.jpg;ILVEREDAFLORENCIA;670.0;1521.0;923.0;1526.0;922.0;1553.0;670.0;1548.0;17;C-2071_F-010;-7.565.973.820.757.460;38.414.012.271.723.100;6.666.666.666.666.660;;;
348;C-2071_F-010.jpg;LAS HERMOSAS;2115.0;1467.0;2309.0;1465.0;2309.0;1486.0;2116.0;1489.0;12;C-2071_F-010;-7.560.461.298.361.250;38.434.705.445.508.000;8.333.333.333.333.330;LA HERMOSA;Sitio;CATALOGO
349;C-2071_F-010.jpg;PUENTE;1405.0;1521.0;1503.0;1521.0;1503.0;1539.0;1405.0;1539.0;6;C-2071_F-010;-7.563.169.873.379.460;38.414.012.271.723.100;100.0;PUENTE;Vereda;CATALOGO
350;C-2071_F-010.jpg;RIO JANEIRO;661.0;1573.0;832.0;1571.0;832.0;1596.0;661.0;1599.0;11;C-2071_F-010;-7.566.008.154.806.990;38.394.085.511.782.000;7.142.857.142.857.140;RÍO DE JANEIRO;Sitio;CATALOGO
351;C-2071_F-010.jpg;ELMIRADOR;2273.0;1506.0;2433.0;1508.0;2433.0;1533.0;2272.0;1531.0;9;C-2071_F-010;-7.559.858.545.047.340;38.419.760.375.552.200;90.0;EL MIRADOR;Sitio;CATALOGO
352;C-2071_F-010.jpg;JANEIRO;640.0;1593.0;737.0;1729.0;714.0;1745.0;616.0;1609.0;7;C-2071_F-010;-756.608.826.758.922;3.838.642.137.334.310;100.0;JANEIRO;Quebrada;CATALOGO
353;C-2071_F-010.jpg;LOS NARANJOS;1186.0;1581.0;1389.0;1581.0;1389.0;1604.0;1186.0;1604.0;12;C-2071_F-010;-7.564.005.335.251.270;3.839.101.985.640.640;100.0;LOS NARANJOS;Caserío;CATALOGO
354;C-2071_F-010.jpg;VEGA DE PAVL;1704.0;1556.0;1930.0;1555.0;1930.0;1593.0;1704.0;1594.0;12;C-2071_F-010;-75.620.292.199.563;38.400.600.029.455.000;75.0;VEGA DE SAPO;Quebrada;CATALOGO
355;C-2071_F-010.jpg;PLANTA LA REINA;2306.0;1546.0;2293.0;1852.0;2244.0;1849.0;2265.0;1544.0;15;C-2071_F-010;-755.973.265.353.241;3.840.443.209.867.450;7.333.333.333.333.330;CANTA LA RANA;Caño;CATALOGO
356;C-2071_F-010.jpg;MIRAMAR;504.0;1629.0;625.0;1629.0;625.0;1650.0;504.0;1650.0;7;C-2071_F-010;-7.566.607.093.226.510;38.372.625.924.153.100;7.142.857.142.857.140;MIRADOR;Vereda;CATALOGO
357;C-2071_F-010.jpg;LOS CAUCHOS;1447.0;1607.0;1606.0;1595.0;1608.0;1628.0;1450.0;1639.0;11;C-2071_F-010;-7.563.009.647.815.000;38.381.056.476.435.900;7.272.727.272.727.270;LOS CAÑOS;Vereda;CATALOGO
358;C-2071_F-010.jpg;LEMAYA;1011.0;1626.0;1014.0;1476.0;1044.0;1477.0;1039.0;1627.0;6;C-2071_F-010;-7.564.672.941.769.840;38.373.775.544.918.900;7.142.857.142.857.140;ALEMANA;Sitio;CATALOGO
359;C-2071_F-010.jpg;SANTA ELENA;2097.0;2214.0;2289.0;2203.0;2291.0;2230.0;2098.0;2241.0;11;C-2071_F-010;-7.560.529.966.460.300;3.814.844.987.481.590;7.272.727.272.727.270;SANTA CLARA;Sitio;CATALOGO
360;C-2071_F-010.jpg;EL RECREO;1109.0;1631.0;1268.0;1632.0;1268.0;1656.0;1109.0;1654.0;9;C-2071_F-010;-7.564.299.082.119.440;38.371.859.510.309.200;100.0;EL RECREO;Sitio;CATALOGO
361;C-2071_F-010.jpg;SAN JOSE;2010.0;1601.0;2159.0;1595.0;2160.0;1623.0;2011.0;1629.0;8;C-2071_F-010;-7.560.861.862.272.390;383.833.557.179.676;87.5;SAN JOSÉ;Sitio;CATALOGO
362;C-2071_F-010.jpg;VON STA BARBARA;2296.0;1604.0;2557.0;1593.0;2558.0;1617.0;2296.0;1631.0;15;C-2071_F-010;-7.559.770.802.476.320;38.382.206.097.201.700;7.333.333.333.333.330;SANTA BARBARA;Sitio;CATALOGO
363;C-2071_F-010.jpg;BUENOSAIRES;1990.0;1679.0;2181.0;1668.0;2183.0;1700.0;1991.0;1710.0;11;C-2071_F-010;-7.560.938.160.160.230;38.353.465.578.055.900;9.166.666.666.666.660;BUENOS AIRES;Vereda;CATALOGO
364;C-2071_F-010.jpg;TEM PLO;1329.0;1710.0;1436.0;1707.0;1436.0;1729.0;1330.0;1732.0;7;C-2071_F-010;-7.563.459.805.353.240;38.341.586.163.475.600;62.5;;;
365;C-2071_F-010.jpg;BARBARA;2422.0;1671.0;2528.0;1671.0;2528.0;1695.0;2422.0;1696.0;7;C-2071_F-010;-7.559.290.125.782.950;3.835.653.123.343.150;7.142.857.142.857.140;BARBOSA;Quebrada;CATALOGO
366;C-2071_F-010.jpg;SANTA ROSA;311.0;1761.0;396.0;1669.0;411.0;1681.0;323.0;1775.0;10;C-2071_F-010;-7.567.343.367.844.130;38.322.042.610.456.500;80.0;SANTA RITA;Isla;CATALOGO
367;C-2071_F-010.jpg;TRES AMERICAS;541.0;1759.0;719.0;1758.0;719.0;1782.0;541.0;1783.0;13;C-2071_F-010;-7.566.465.942.134.010;3.832.280.902.430.040;923.076.923.076.923;TRES AMÉRICAS;Laguna;CATALOGO
368;C-2071_F-010.jpg;LAS DELICIAS;1108.0;1731.0;1273.0;1717.0;1276.0;1749.0;1112.0;1768.0;12;C-2071_F-010;-7.564.302.897.013.830;3.833.353.881.811.480;100.0;LAS DELICIAS;Zanja;CATALOGO
369;C-2071_F-010.jpg;ADVENTISTA;1309.0;1737.0;1472.0;1732.0;1472.0;1754.0;1309.0;1759.0;10;C-2071_F-010;-7.563.536.103.241.070;3.833.123.957.658.320;100.0;ADVENTISTA;Sitio;CATALOGO
370;C-2071_F-010.jpg;HOLANDA;1679.0;1712.0;1824.0;1704.0;1826.0;1738.0;1679.0;1745.0;7;C-2071_F-010;-7.562.124.592.316.090;3.834.081.974.963.180;7.142.857.142.857.140;HONDA;Cañada;CATALOGO
371;C-2071_F-010.jpg;EVANGELICA;1997.0;1709.0;2179.0;1694.0;2181.0;1725.0;2000.0;1738.0;10;C-2071_F-010;-756.091.145.589.949;38.341.969.370.397.600;80.0;EVANGELIO;Sitio;CATALOGO
372;C-2071_F-010.jpg;DE BUFALO;322.0;1775.0;417.0;1673.0;431.0;1686.0;335.0;1788.0;9;C-2071_F-010;-7.567.301.404.005.820;38.316.677.713.549.300;6.666.666.666.666.660;;;
373;C-2071_F-010.jpg;SAN IGNACIO;348.0;1784.0;494.0;1618.0;511.0;1638.0;367.0;1802.0;11;C-2071_F-010;-7.567.202.216.751.630;38.313.228.851.251.800;100.0;SAN IGNACIO;Sitio;CATALOGO
374;C-2071_F-010.jpg;SN PABLO;1288.0;1759.0;1427.0;1757.0;1427.0;1779.0;1289.0;1781.0;8;C-2071_F-010;-7.563.616.216.023.300;3.832.280.902.430.040;8.888.888.888.888.880;SAN PABLO;Sitio;CATALOGO
375;C-2071_F-010.jpg;FLORIDAY;1288.0;1791.0;1416.0;1785.0;1417.0;1810.0;1288.0;1815.0;8;C-2071_F-010;-7.563.616.216.023.300;38.310.546.402.798.200;75.0;FLORITAL;Quebrada;CATALOGO
376;C-2071_F-010.jpg;PLAYARRICA;816.0;1804.0;821.0;1984.0;773.0;1986.0;766.0;1805.0;10;C-2071_F-010;-7.565.416.846.176.250;38.305.564.712.812.900;90.0;PLAYA RICA;Quebrada;CATALOGO
377;C-2071_F-010.jpg;LAS BRISAS;1219.0;2222.0;1394.0;2229.0;1393.0;2269.0;1217.0;2260.0;10;C-2071_F-010;-7.563.879.443.736.340;3.814.538.421.944.030;100.0;LAS BRISAS;Sitio;CATALOGO
378;C-2071_F-010.jpg;LA CORALIA;1645.0;1812.0;1819.0;1810.0;1820.0;1847.0;1645.0;1849.0;10;C-2071_F-010;-7.562.254.298.725.410;38.302.499.057.437.400;7.272.727.272.727.270;LA CORINTIA;Sitio;CATALOGO
379;C-2071_F-010.jpg;TEL RECUERDO;2322.0;1765.0;2494.0;1754.0;2496.0;1790.0;2322.0;1800.0;12;C-2071_F-010;-755.967.161.522.214;3.832.050.978.276.870;9.166.666.666.666.660;EL RECUERDO;Sitio;CATALOGO
380;C-2071_F-010.jpg;VERES AP;1423.0;1853.0;1539.0;1839.0;1542.0;1869.0;1425.0;1884.0;8;C-2071_F-010;-7.563.101.205.280.400;38.286.787.573.637.600;62.5;;;
381;C-2071_F-010.jpg;LA MAQUINA;535.0;1888.0;469.0;1692.0;489.0;1690.0;560.0;1882.0;10;C-2071_F-010;-7.566.488.831.500.360;3.827.337.533.136.960;7.272.727.272.727.270;LA MANGUITA;Sitio;CATALOGO
382;C-2071_F-010.jpg;BARCELONA;591.0;1914.0;752.0;1913.0;753.0;1945.0;591.0;1948.0;9;C-2071_F-010;-756.627.519.741.442;38.263.411.951.399.100;7.777.777.777.777.770;MARCELINA;Sitio;CATALOGO
383;C-2071_F-010.jpg;CIRCASIA;2050.0;1876.0;2182.0;1871.0;2183.0;1894.0;2051.0;1899.0;8;C-2071_F-010;-7.560.709.266.496.720;3.827.797.381.443.290;87.5;CIRCACIA;Cerro;CATALOGO
384;C-2071_F-010.jpg;LA ARGELIA;2250.0;1851.0;2406.0;1839.0;2407.0;1865.0;2251.0;1877.0;10;C-2071_F-010;-7.559.946.287.618.350;38.287.553.987.481.500;100.0;LA ARGELIA;Sitio;CATALOGO
385;C-2071_F-010.jpg;EL PLUMERO;2423.0;1853.0;2576.0;1851.0;2576.0;1874.0;2423.0;1877.0;10;C-2071_F-010;-7.559.286.310.888.560;38.286.787.573.637.600;80.0;EL PALMERO;Río;CATALOGO
386;C-2071_F-010.jpg;PORVENIR;1387.0;1927.0;1522.0;1918.0;1525.0;1946.0;1390.0;1959.0;8;C-2071_F-010;-7.563.238.541.478.510;3.825.843.026.141.380;7.272.727.272.727.270;PORVENIR II;Sitio;CATALOGO
387;C-2071_F-010.jpg;TRES AMERICAS;439.0;1972.0;446.0;1714.0;471.0;1714.0;463.0;1972.0;13;C-2071_F-010;-7.566.855.061.361.980;38.241.185.949.926.300;923.076.923.076.923;TRES AMÉRICAS;Laguna;CATALOGO
388;C-2071_F-010.jpg;LIMARA;2276.0;1950.0;2368.0;1939.0;2371.0;1971.0;2277.0;1981.0;6;C-2071_F-010;-7.559.847.100.364.160;3.824.961.650.220.910;8.333.333.333.333.330;LIMAGA;Sitio;CATALOGO
389;C-2071_F-010.jpg;LA GALLIN;2217.0;1974.0;2218.0;2121.0;2188.0;2121.0;2188.0;1974.0;9;C-2071_F-010;-7.560.072.179.133.280;3.824.041.953.608.240;7.777.777.777.777.770;LA GALVIS;Quebrada;CATALOGO
390;C-2071_F-010.jpg;LA ESPERANZA;803.0;2028.0;1012.0;2019.0;1014.0;2052.0;805.0;2059.0;12;C-2071_F-010;-756.546.643.980.335;382.197.263.622.975;75.0;LA ESMERALDA;Vereda;CATALOGO
391;C-2071_F-010.jpg;BOLIVAR;1260.0;2023.0;1392.0;2013.0;1397.0;2043.0;1263.0;2059.0;7;C-2071_F-010;-7.563.723.033.066.270;3.822.164.239.690.720;8.571.428.571.428.570;BOLíVAR;Vereda;CATALOGO
392;C-2071_F-010.jpg;ZARZALES;1427.0;2036.0;1583.0;2034.0;1583.0;2070.0;1428.0;2072.0;8;C-2071_F-010;-7.563.085.945.702.840;38.216.660.706.921.900;75.0;ZARZAL;Quebrada;CATALOGO
393;C-2071_F-010.jpg;RADA SAN FRANCIS;1138.0;2084.0;1416.0;1787.0;1455.0;1806.0;1165.0;2119.0;16;C-2071_F-010;-7.564.188.450.182.080;38.198.266.774.668.600;7.222.222.222.222.220;BAJO SAN FRANCISCO;Vereda;CATALOGO
394;C-2071_F-010.jpg;PSAUCES;1996.0;2042.0;2095.0;2036.0;2096.0;2058.0;1996.0;2063.0;7;C-2071_F-010;-7.560.915.270.793.880;38.214.361.465.390.200;7.142.857.142.857.140;SAUCE;Sitio;CATALOGO
395;C-2071_F-010.jpg;EL BRILLANTE;904.0;2109.0;1109.0;2110.0;1109.0;2148.0;904.0;2147.0;12;C-2071_F-010;-7.565.081.135.469.770;3.818.868.660.162.000;100.0;EL BRILLANTE;Sitio;CATALOGO
396;C-2071_F-010.jpg;FLORENC;2494.0;2038.0;2629.0;2031.0;2631.0;2060.0;2496.0;2068.0;7;C-2071_F-010;-7.559.015.453.386.740;38.215.894.293.078.000;7.142.857.142.857.140;LORENA;Sitio;CATALOGO
397;C-2071_F-010.jpg;LA ESMERALDA;1222.0;2128.0;1422.0;2122.0;1423.0;2157.0;1222.0;2161.0;12;C-2071_F-010;-7.563.867.999.053.160;38.181.405.670.103.000;100.0;LA ESMERALDA;Vereda;CATALOGO
398;C-2071_F-010.jpg;LAALBANIA;1715.0;2112.0;1881.0;2102.0;1883.0;2135.0;1715.0;2145.0;9;C-2071_F-010;-756.198.725.611.799;381.875.369.808.542;90.0;LA ALBANIA;Sitio;CATALOGO
399;C-2071_F-010.jpg;LAS PALNITAS;2000.0;2103.0;2221.0;2096.0;2222.0;2121.0;2000.0;2127.0;12;C-2071_F-010;-7.560.900.011.216.310;38.190.985.843.151.600;75.0;LAS PALMERAS;Sitio;CATALOGO
400;C-2071_F-010.jpg;LOS GUACHIRACOS;2262.0;2164.0;2513.0;2156.0;2514.0;2181.0;2263.0;2189.0;15;C-2071_F-010;-7.559.900.508.885.650;3.816.761.022.091.310;7.333.333.333.333.330;LOS GUARRUCOS;Sitio;CATALOGO
401;C-2071_F-010.jpg;QUE SE;1134.0;2214.0;1159.0;2082.0;1201.0;2091.0;1171.0;2224.0;6;C-2071_F-010;-756.420.370.975.965;3.814.844.987.481.590;6.666.666.666.666.660;;;
402;C-2071_F-010.jpg;VEGACHIQUITA;2296.0;2223.0;2493.0;2224.0;2492.0;2262.0;2296.0;2260.0;12;C-2071_F-010;-7.559.770.802.476.320;38.145.001.012.518.400;7.142.857.142.857.140;CEIBA CHIQUITA;Vereda;CATALOGO
403;C-2071_F-010.jpg;MANIZALES;1224.0;2452.0;1416.0;2438.0;1419.0;2472.0;1224.0;2490.0;9;C-2071_F-010;-7.563.860.369.264.380;38.057.246.627.393.200;100.0;MANIZALES;Sitio;CATALOGO
404;C-2071_F-010.jpg;SAN ISIDRO;1765.0;2416.0;1955.0;2409.0;1957.0;2444.0;1767.0;2452.0;10;C-2071_F-010;-7.561.796.511.398.390;38.071.042.076.583.200;8.333.333.333.333.330;SAN ISIDRO I;Vereda;CATALOGO
405;C-2071_F-010.jpg;LA FLORIDA;2075.0;2451.0;2215.0;2431.0;2220.0;2467.0;2075.0;2483.0;10;C-2071_F-010;-7.560.613.894.136.920;38.057.629.834.315.100;100.0;LA FLORIDA;Vereda;CATALOGO
406;M-1379_F-39722.jpg;CALLE LARGA;871.0;499.0;1105.0;504.0;1104.0;546.0;869.0;539.0;11;M-1379_F-39722;-7.572.918.380.374.160;384.662.499.334.638;7.272.727.272.727.270;CALLE ALTA;Sitio;CATALOGO
407;M-1379_F-39722.jpg;CAD YARUM;1397.0;678.0;1549.0;653.0;1556.0;692.0;1404.0;719.0;9;M-1379_F-39722;-757.064.811.387.222;383.885.947.592.955;6.666.666.666.666.660;;;
408;M-1379_F-39722.jpg;JANEIRO;2515.0;640.0;2629.0;639.0;2629.0;660.0;2515.0;661.0;7;M-1379_F-39722;-7.565.822.718.531.590;3.840.508.021.526.410;100.0;JANEIRO;Quebrada;CATALOGO
409;M-1379_F-39722.jpg;MONSERRATE;2471.0;655.0;2597.0;768.0;2581.0;787.0;2455.0;674.0;10;M-1379_F-39722;-756.601.262.675.609;3.839.857.279.843.440;100.0;MONSERRATE;Vereda;CATALOGO
410;M-1379_F-39722.jpg;RIO DAVIS;702.0;770.0;1086.0;523.0;1112.0;587.0;743.0;822.0;9;M-1379_F-39722;-757.364.780.060.007;38.348.682.602.739.700;6.666.666.666.666.660;;;
411;M-1379_F-39722.jpg;ISTA DE ATERRIZAJE;1197.0;729.0;1407.0;729.0;1407.0;760.0;1197.0;758.0;18;M-1379_F-39722;-757.151.133.307.448;38.366.469.542.074.300;61.111.111.111.111.100;;;
412;M-1379_F-39722.jpg;QLAS VEGAS;1656.0;711.0;1972.0;684.0;1976.0;733.0;1656.0;755.0;10;M-1379_F-39722;-7.569.530.245.005.290;38.374.278.442.270.000;80.0;LAS VIGAS;Quebrada;CATALOGO
413;M-1379_F-39722.jpg;CRISTALES;2007.0;737.0;2132.0;726.0;2136.0;762.0;2011.0;773.0;9;M-1379_F-39722;-7.568.015.295.305.330;3.836.299.891.976.510;7.777.777.777.777.770;CRISTAL;Caño;CATALOGO
414;M-1379_F-39722.jpg;ARAMAE;2476.0;729.0;2562.0;818.0;2547.0;833.0;2462.0;743.0;6;M-1379_F-39722;-7.565.991.046.276.030;38.366.469.542.074.300;7.142.857.142.857.140;PARAMEA;Quebrada;CATALOGO
415;M-1379_F-39722.jpg;EL BRILLANTE;539.0;887.0;678.0;874.0;681.0;907.0;539.0;919.0;12;M-1379_F-39722;-7.574.351.324.249.910;382.979.247.514.677;100.0;EL BRILLANTE;Sitio;CATALOGO
416;M-1379_F-39722.jpg;BARCELONA;2365.0;826.0;2482.0;826.0;2482.0;851.0;2365.0;850.0;9;M-1379_F-39722;-7.566.470.132.933.280;38.324.388.246.575.300;7.777.777.777.777.770;MARCELINA;Sitio;CATALOGO
417;M-1379_F-39722.jpg;SANIGNACIO;2294.0;867.0;2425.0;1086.0;2388.0;1104.0;2259.0;885.0;10;M-1379_F-39722;-7.566.776.575.750.080;383.066.013.072.407;909.090.909.090.909;SAN IGNACIO;Sitio;CATALOGO
418;M-1379_F-39722.jpg;FILO BONITO;2345.0;874.0;2516.0;874.0;2516.0;902.0;2345.0;902.0;11;M-1379_F-39722;-7.566.556.454.853.510;38.303.564.512.720.100;7.272.727.272.727.270;ALTO BONITO;Sitio;CATALOGO
419;M-1379_F-39722.jpg;LA ALDEA;1307.0;1002.0;1489.0;901.0;1509.0;934.0;1326.0;1038.0;8;M-1379_F-39722;-7.571.036.562.513.230;3.824.803.455.577.290;75.0;LA FALDA;Sitio;CATALOGO
420;M-1379_F-39722.jpg;CLARAS;1855.0;977.0;1985.0;811.0;2017.0;835.0;1887.0;1003.0;6;M-1379_F-39722;-756.867.134.189.905;38.258.880.250.489.200;7.142.857.142.857.140;CHARRAS;Sitio;CATALOGO
421;M-1379_F-39722.jpg;BRILLANTE;523.0;1089.0;745.0;889.0;776.0;920.0;551.0;1123.0;9;M-1379_F-39722;-7.574.420.381.786.090;3.821.029.153.816.040;75.0;EL BRILLANTE;Sitio;CATALOGO
422;M-1379_F-39722.jpg;VENECIA;1529.0;1045.0;1663.0;1045.0;1663.0;1075.0;1529.0;1075.0;7;M-1379_F-39722;-757.007.838.919.873;38.229.379.960.861.000;100.0;VENECIA;Sitio;CATALOGO
423;M-1379_F-39722.jpg;EL ROBLAR;964.0;1104.0;1218.0;895.0;1242.0;924.0;982.0;1132.0;9;M-1379_F-39722;-7.572.516.983.445.110;3.820.378.412.133.070;7.777.777.777.777.770;EL ROBLE;Caño;CATALOGO
424;M-1379_F-39722.jpg;ZANJJA HONDA;1124.0;1137.0;1313.0;934.0;1343.0;960.0;1152.0;1167.0;12;M-1379_F-39722;-7.571.826.408.083.300;38.189.467.804.305.200;9.166.666.666.666.660;ZANJA HONDA;Quebrada;CATALOGO
425;M-1379_F-39722.jpg;LAS JUNTAS;2555.0;1568.0;2581.0;1831.0;2539.0;1833.0;2513.0;1568.0;10;M-1379_F-39722;-756.565.007.469.114;3.800.248.802.739.720;80.0;LAS DUNAS;Vereda;CATALOGO
426;M-1379_F-39722.jpg;LA PALMA;1728.0;1926.0;1894.0;1987.0;1882.0;2025.0;1716.0;1960.0;8;M-1379_F-39722;-7.569.219.486.092.480;37.847.177.679.060.600;80.0;LAS PALMAS;Vereda;CATALOGO
427;M-1379_F-39722.jpg;EL SA LADO;1242.0;2028.0;1431.0;2125.0;1419.0;2158.0;1231.0;2061.0;10;M-1379_F-39722;-7.571.317.108.753.970;37.802.927.244.618.300;80.0;EL VALLADO;Quebrada;CATALOGO
428;C-1256_F-360.jpg;ALA CABA;1559.0;415.0;1710.0;414.0;1710.0;446.0;1559.0;448.0;8;C-1256_F-360;-7.563.506.907.120.080;3.780.683.875;75.0;LA CAJA;Quebrada;CATALOGO
429;C-1256_F-360.jpg;GRERAY;1515.0;568.0;1766.0;569.0;1766.0;636.0;1515.0;635.0;6;C-1256_F-360;-7.563.648.212.114.770;37.757.461.686.746.900;6.666.666.666.666.660;;;
430;C-1256_F-360.jpg;VILLAMARIA;2430.0;636.0;2618.0;633.0;2618.0;658.0;2430.0;661.0;10;C-1256_F-360;-7.560.709.710.520.720;37.735.516.325.301.200;75.0;VILLA MARTHA;Sitio;CATALOGO
431;C-1256_F-360.jpg;LOS NARANJOS;2217.0;666.0;2418.0;666.0;2418.0;687.0;2217.0;686.0;12;C-1256_F-360;-7.561.393.755.154.090;3.772.583.454.819.270;100.0;LOS NARANJOS;Caserío;CATALOGO
432;C-1256_F-360.jpg;EL ARRETRAN CO;1933.0;693.0;2142.0;687.0;2143.0;715.0;1934.0;720.0;14;C-1256_F-360;-756.230.581.466.525;3.771.712.094.879.510;7.857.142.857.142.850;EL ARRISTRANCO;Sitio;CATALOGO
433;C-1256_F-360.jpg;TACHUELA;674.0;741.0;824.0;744.0;823.0;776.0;673.0;773.0;8;C-1256_F-360;-7.566.349.064.399.570;37.701.630.105.421.600;7.272.727.272.727.270;EL TACHUELA;Sitio;CATALOGO
434;C-1256_F-360.jpg;PUERTO CIELO;1685.0;788.0;1902.0;787.0;1903.0;822.0;1686.0;827.0;12;C-1256_F-360;-7.563.102.260.998.930;37.686.461.987.951.800;75.0;PUERTO NUEVO;Sitio;CATALOGO
435;C-1256_F-360.jpg;CURUCUCU;1990.0;795.0;2147.0;703.0;2160.0;723.0;2001.0;816.0;8;C-1256_F-360;-7.562.122.760.467.580;37.684.202.906.626.400;7.777.777.777.777.770;CURRUCUCÚ;Caño;CATALOGO
436;C-1256_F-360.jpg;LA ESTRELLA;2303.0;811.0;2539.0;811.0;2539.0;853.0;2303.0;853.0;11;C-1256_F-360;-7.561.117.568.119.020;37.679.039.292.168.600;100.0;LA ESTRELLA;Chorro;CATALOGO
437;C-1256_F-360.jpg;BEGONIA;880.0;909.0;1037.0;902.0;1039.0;936.0;881.0;944.0;7;C-1256_F-360;-756.568.750.010.627;37.647.412.153.614.400;7.142.857.142.857.140;BETANIA;Sitio;CATALOGO
438;C-1256_F-360.jpg;EL BOSQUE;1644.0;959.0;1911.0;1108.0;1893.0;1147.0;1626.0;995.0;9;C-1256_F-360;-7.563.233.931.562.160;37.631.275.858.433.700;100.0;EL BOSQUE;Sabana;CATALOGO
439;C-1256_F-360.jpg;EL AGRADO;2053.0;941.0;2229.0;939.0;2230.0;966.0;2053.0;968.0;9;C-1256_F-360;-7.561.920.437.407.010;376.370.849.246.988;7.777.777.777.777.770;EL PRADO;Sitio;CATALOGO
440;C-1256_F-360.jpg;FLORENCIA;665.0;1040.0;855.0;1039.0;855.0;1072.0;665.0;1072.0;9;C-1256_F-360;-7.566.377.967.693.940;3.760.513.506.024.090;100.0;FLORENCIA;Sitio;CATALOGO
441;C-1256_F-360.jpg;SAN PEDRO;1967.0;1000.0;2157.0;1000.0;2157.0;1028.0;1967.0;1028.0;9;C-1256_F-360;-7.562.196.624.442.080;37.618.044.096.385.500;100.0;SAN PEDRO;Sitio;CATALOGO
442;C-1256_F-360.jpg;LAS PAVAS;2092.0;1044.0;2276.0;952.0;2289.0;983.0;2107.0;1067.0;9;C-1256_F-360;-7.561.795.189.798.080;376.038.441.566.265;7.777.777.777.777.770;LAS DAMAS;Vereda;CATALOGO
443;C-1256_F-360.jpg;JEL DIVISO;1113.0;1171.0;1282.0;1180.0;1280.0;1216.0;1113.0;1207.0;10;C-1256_F-360;-7.564.939.225.929.860;3.756.285.796.686.740;90.0;EL DIVISO;Sitio;CATALOGO
444;C-1256_F-360.jpg;EL REGALD;1688.0;1181.0;1854.0;1179.0;1855.0;1201.0;1688.0;1204.0;9;C-1256_F-360;-7.563.092.626.567.480;37.559.630.707.831.300;8.888.888.888.888.880;EL REGALO;Sitio;CATALOGO
445;C-1256_F-360.jpg;SANTA FE;1436.0;1215.0;1630.0;1215.0;1630.0;1255.0;1436.0;1256.0;8;C-1256_F-360;-7.563.901.918.809.770;37.548.658.027.108.400;100.0;SANTA FE;Sitio;CATALOGO
446;C-1256_F-360.jpg;LOMAEL CURAL;2433.0;1208.0;2559.0;1399.0;2538.0;1419.0;2401.0;1225.0;12;C-1256_F-360;-7.560.700.076.089.260;37.550.917.108.433.700;7.333.333.333.333.330;LOMA EL CHIRCAL;Sitio;CATALOGO
447;C-1256_F-360.jpg;CAMPO ALEGRE;1660.0;1244.0;1871.0;1239.0;1871.0;1259.0;1660.0;1264.0;12;C-1256_F-360;-7.563.182.547.927.730;37.539.298.975.903.600;100.0;CAMPO ALEGRE;Vereda;CATALOGO
448;C-1256_F-360.jpg;TRES ESQUINAS;721.0;1329.0;979.0;1328.0;979.0;1362.0;721.0;1363.0;13;C-1256_F-360;-7.566.198.124.973.430;37.511.867.274.096.300;100.0;TRES ESQUINAS;Sitio;CATALOGO
449;C-1256_F-360.jpg;LAS MARIAS;1070.0;1306.0;1279.0;1306.0;1279.0;1351.0;1070.0;1351.0;10;C-1256_F-360;-7.565.077.319.447.390;37.519.289.969.879.500;7.272.727.272.727.270;LAS ACACIAS;Sitio;CATALOGO
450;C-1256_F-360.jpg;SANTA INES;2023.0;1336.0;2228.0;1326.0;2230.0;1355.0;2023.0;1365.0;10;C-1256_F-360;-7.562.016.781.721.570;3.750.960.819.277.100;90.0;SANTA INÉS;Sitio;CATALOGO
451;C-1256_F-360.jpg;EL CURAL;2309.0;1320.0;2456.0;1320.0;2456.0;1341.0;2309.0;1342.0;8;C-1256_F-360;-7.561.098.299.256.100;3.751.477.180.722.890;75.0;EL CEJAL;Laguna;CATALOGO
452;C-1256_F-360.jpg;ALA MIRADA;791.0;1480.0;999.0;1473.0;1001.0;1515.0;791.0;1519.0;10;C-1256_F-360;-7.565.973.321.572.790;3.746.313.566.265.060;90.0;LA MIRADA;Sitio;CATALOGO
453;C-1256_F-360.jpg;LA ESPERANZA IL;1734.0;1486.0;2008.0;1485.0;2008.0;1510.0;1734.0;1511.0;15;C-1256_F-360;-756.294.489.861.849;37.461.199.307.228.900;80.0;LA ESPERANZA;Vereda;CATALOGO
454;C-1256_F-360.jpg;DEL SALADO;2383.0;1456.0;2544.0;1455.0;2545.0;1478.0;2383.0;1479.0;10;C-1256_F-360;-7.560.860.649.946.860;37.470.881.084.337.300;90.0;EL SALADO;Vereda;CATALOGO
455;C-1256_F-360.jpg;EL SALADO;2287.0;1514.0;2290.0;1328.0;2328.0;1329.0;2321.0;1515.0;9;C-1256_F-360;-7.561.168.951.753.450;37.452.162.981.927.700;7.777.777.777.777.770;EL SALTO;Sitio;CATALOGO
456;C-1256_F-360.jpg;EL DESCANSO;961.0;1580.0;1172.0;1582.0;1171.0;1620.0;961.0;1617.0;11;C-1256_F-360;-756.542.737.045.696;37.430.863.072.289.100;7.272.727.272.727.270;EL REMANSO;Sitio;CATALOGO
457;C-1256_F-360.jpg;FILO SECO SAN PABLOD;1667.0;1552.0;2075.0;1552.0;2075.0;1588.0;1667.0;1590.0;20;C-1256_F-360;-7.563.160.067.587.670;3.743.989.939.759.030;65.0;;;
458;C-1256_F-360.jpg;LOS ALTARES;2133.0;1553.0;2308.0;1553.0;2308.0;1576.0;2133.0;1576.0;11;C-1256_F-360;-7.561.663.519.234.850;3.743.957.667.168.670;7.272.727.272.727.270;LOS ALPES;Sitio;CATALOGO
459;C-1256_F-360.jpg;TLA TOLDA;936.0;1657.0;1126.0;1653.0;1127.0;1689.0;936.0;1693.0;9;C-1256_F-360;-756.550.765.738.576;3.740.601.317.771.080;8.888.888.888.888.880;LA TOLDA;Alto;CATALOGO
460;C-1256_F-360.jpg;LAS VIOLETAS;1279.0;1630.0;1492.0;1631.0;1491.0;1674.0;1278.0;1670.0;12;C-1256_F-360;-7.564.406.120.722.630;37.414.726.777.108.400;75.0;LAS PILITAS;Sitio;CATALOGO
461;C-1256_F-360.jpg;BOLIVIA;2055.0;1668.0;2160.0;1667.0;2160.0;1691.0;2055.0;1693.0;7;C-1256_F-360;-756.191.401.445.271;37.402.463.192.771.000;100.0;BOLIVIA;Quebrada;CATALOGO
462;C-1256_F-360.jpg;LAS FLORES;1516.0;1731.0;1677.0;1730.0;1677.0;1750.0;1516.0;1752.0;10;C-1256_F-360;-756.364.500.063.762;37.382.131.460.843.300;100.0;LAS FLORES;Vereda;CATALOGO
463;C-1256_F-360.jpg;FINLANDIA;1742.0;1722.0;1954.0;1731.0;1952.0;1769.0;1740.0;1760.0;9;C-1256_F-360;-7.562.919.206.801.270;37.385.035.993.975.900;8.888.888.888.888.880;FILANDIA;Sitio;CATALOGO
464;C-1256_F-360.jpg;SAN PABLO;2059.0;1709.0;2254.0;1709.0;2254.0;1736.0;2059.0;1737.0;9;C-1256_F-360;-7.561.901.168.544.100;37.389.231.430.722.800;100.0;SAN PABLO;Sitio;CATALOGO
465;C-1256_F-360.jpg;ULA MIRANDA;1031.0;1782.0;1256.0;1781.0;1256.0;1806.0;1031.0;1807.0;11;C-1256_F-360;-7.565.202.567.056.320;3.736.567.243.975.900;8.181.818.181.818.180;LA MIRADA;Sitio;CATALOGO
466;C-1256_F-360.jpg;NONOH VINVE;1979.0;1762.0;1845.0;1623.0;1871.0;1600.0;2009.0;1733.0;11;C-1256_F-360;-7.562.158.086.716.250;37.372.126.957.831.300;5.454.545.454.545.450;;;
467;C-1256_F-360.jpg;PTE COLGANTE;1950.0;1775.0;2158.0;1836.0;2151.0;1858.0;1947.0;1800.0;12;C-1256_F-360;-7.562.251.219.553.660;3.736.793.152.108.430;58.333.333.333.333.300;;;
468;C-1256_F-360.jpg;BETANIA;356.0;1825.0;535.0;1819.0;536.0;1855.0;356.0;1860.0;7;C-1256_F-360;-7.567.370.314.133.890;37.351.795.225.903.600;100.0;BETANIA;Sitio;CATALOGO
469;C-1256_F-360.jpg;DEL RELAM PAGO;1298.0;1795.0;1563.0;1792.0;1564.0;1829.0;1299.0;1835.0;14;C-1256_F-360;-7.564.345.102.656.740;3.736.147.700.301.200;7.857.142.857.142.850;EL RELÁMPAGO;Sitio;CATALOGO
470;C-1256_F-360.jpg;EL MIRADOR;1735.0;1809.0;1978.0;1810.0;1978.0;1841.0;1735.0;1841.0;10;C-1256_F-360;-7.562.941.687.141.330;37.356.958.840.361.400;100.0;EL MIRADOR;Sitio;CATALOGO
471;C-1256_F-360.jpg;LOS LAURELS;2109.0;1775.0;2308.0;1769.0;2309.0;1812.0;2109.0;1817.0;11;C-1256_F-360;-7.561.740.594.686.500;3.736.793.152.108.430;9.166.666.666.666.660;LOS LAURELES;Cuchilla;CATALOGO
472;C-1256_F-360.jpg;WAS DE COBRE;814.0;1858.0;1035.0;1851.0;1037.0;1893.0;815.0;1904.0;12;C-1256_F-360;-75.658.994.575.983;37.341.145.271.084.300;6.153.846.153.846.150;;;
473;C-1256_F-360.jpg;LA ALCANCINA;1080.0;1851.0;1300.0;1852.0;1300.0;1881.0;1080.0;1879.0;12;C-1256_F-360;-7.565.045.204.675.870;37.343.404.352.409.600;75.0;LA ALSACIA;Sitio;CATALOGO
474;C-1256_F-360.jpg;EXPLOT;865.0;1883.0;1004.0;1876.0;1006.0;1909.0;867.0;1915.0;6;C-1256_F-360;-756.573.567.226.355;37.333.077.123.493.900;5.714.285.714.285.710;;;
475;C-1256_F-360.jpg;XLA FONDA;1821.0;1863.0;2047.0;1850.0;2049.0;1881.0;1824.0;1902.0;9;C-1256_F-360;-756.266.550.010.627;37.339.531.641.566.200;7.777.777.777.777.770;LA HONDA;Sitio;CATALOGO
476;C-1256_F-360.jpg;EL SILENCIO;2160.0;1852.0;2319.0;1851.0;2319.0;1877.0;2160.0;1877.0;11;C-1256_F-360;-7.561.576.809.351.750;37.343.081.626.506.000;100.0;EL SILENCIO;Sitio;CATALOGO
477;C-1256_F-360.jpg;LA ESMERALDA;1089.0;1891.0;1294.0;1891.0;1294.0;1915.0;1089.0;1916.0;12;C-1256_F-360;-756.501.630.138.151;37.330.495.316.265.000;100.0;LA ESMERALDA;Vereda;CATALOGO
478;C-1256_F-360.jpg;SALENTO;2443.0;1851.0;2571.0;1852.0;2570.0;1879.0;2443.0;1877.0;7;C-1256_F-360;-7.560.667.961.317.740;37.343.404.352.409.600;7.142.857.142.857.140;SALIRTO;Caño;CATALOGO
479;C-1256_F-360.jpg;NEL TUNAL;1820.0;1913.0;2048.0;1891.0;2051.0;1913.0;1823.0;1945.0;9;C-1256_F-360;-7.562.668.711.583.420;37.323.395.346.385.500;8.888.888.888.888.880;EL TUNAL;Quebrada;CATALOGO
480;C-1256_F-360.jpg;SANTA LIBRADA;1953.0;1936.0;2144.0;1923.0;2145.0;1947.0;1953.0;1960.0;13;C-1256_F-360;-756.224.158.512.221;3.731.597.265.060.240;100.0;SANTA LIBRADA;Sitio;CATALOGO
481;C-1256_F-360.jpg;LA UNION;2249.0;1930.0;2430.0;1922.0;2432.0;1947.0;2249.0;1953.0;8;C-1256_F-360;-7.561.290.987.885.220;37.317.909.006.024.000;87.5;LA UNIÓN;Vereda;CATALOGO
482;C-1256_F-360.jpg;SAN FERNANDO;800.0;1979.0;1016.0;1980.0;1016.0;2018.0;799.0;2017.0;12;C-1256_F-360;-7.565.944.418.278.420;37.302.095.436.746.900;100.0;SAN FERNANDO;Alto;CATALOGO
483;C-1256_F-360.jpg;SOLA BALCANIA;1049.0;1980.0;1322.0;1960.0;1324.0;1988.0;1049.0;2018.0;13;C-1256_F-360;-7.565.144.760.467.580;37.301.772.710.843.300;8.461.538.461.538.460;LA BALCANIA;Sitio;CATALOGO
484;C-1256_F-360.jpg;EL CARMEN;1926.0;1959.0;2115.0;2110.0;2089.0;2147.0;1904.0;1982.0;9;C-1256_F-360;-7.562.328.295.005.310;3.730.854.995.481.920;100.0;EL CARMEN;Sitio;CATALOGO
485;C-1256_F-360.jpg;LOMA BUENOS AIRES;2017.0;1974.0;2319.0;2209.0;2300.0;2254.0;1983.0;1992.0;17;C-1256_F-360;-7.562.036.050.584.480;37.303.709.066.265.000;7.058.823.529.411.760;BUENOS AIRES;Vereda;CATALOGO
486;C-1256_F-360.jpg;LA UNION;774.0;2026.0;996.0;2019.0;997.0;2054.0;774.0;2063.0;8;C-1256_F-360;-7.566.027.916.684.370;37.286.927.319.277.100;87.5;LA UNIÓN;Vereda;CATALOGO
487;C-1256_F-360.jpg;LA MARINA FALA DIAMANTINA;1439.0;1983.0;1938.0;1940.0;1939.0;1982.0;1439.0;2026.0;25;C-1256_F-360;-756.389.228.437.832;37.300.804.533.132.500;5.600.000.000.000.000;;;
488;C-1256_F-360.jpg;CASERIO;1451.0;2008.0;1624.0;2001.0;1625.0;2040.0;1452.0;2045.0;7;C-1256_F-360;-7.563.853.746.652.490;37.292.736.385.542.100;7.142.857.142.857.140;CASTRO;Quebrada;CATALOGO
489;C-1256_F-360.jpg;BUENAVISTA;2174.0;2032.0;2349.0;2029.0;2349.0;2051.0;2174.0;2054.0;10;C-1256_F-360;-7.561.531.848.671.620;37.284.990.963.855.400;909.090.909.090.909;BUENA VISTA;Sitio;CATALOGO
490;C-1256_F-360.jpg;BLA PANELA;2499.0;2056.0;2660.0;2048.0;2661.0;2070.0;2500.0;2078.0;10;C-1256_F-360;-7.560.488.118.597.230;37.277.245.542.168.600;7.272.727.272.727.270;LAS PANELAS;Caño;CATALOGO
491;C-1256_F-360.jpg;FINLANDIA LOS ALPES;812.0;2103.0;1138.0;2087.0;1140.0;2125.0;812.0;2142.0;19;C-1256_F-360;-7.565.905.880.552.600;372.620.774.246.988;631.578.947.368.421;;;
492;C-1256_F-360.jpg;LA ESPERANZA;1122.0;2065.0;1366.0;2057.0;1367.0;2097.0;1124.0;2106.0;12;C-1256_F-360;-7.564.910.322.635.490;3.727.434.100.903.610;75.0;LA ESMERALDA;Vereda;CATALOGO
493;C-1256_F-360.jpg;LAS JUNTAS LA FLORESTA;1408.0;2085.0;1788.0;2073.0;1788.0;2098.0;1409.0;2107.0;22;C-1256_F-360;-7.563.991.840.170.030;37.267.886.490.963.800;6.521.739.130.434.780;;;
494;C-1256_F-360.jpg;LA SOLEDAD;1832.0;2087.0;1992.0;2077.0;1994.0;2101.0;1832.0;2112.0;10;C-1256_F-360;-7.562.630.173.857.590;37.267.241.039.156.600;100.0;LA SOLEDAD;Sitio;CATALOGO
495;C-1256_F-360.jpg;FE ONOSA;2447.0;2078.0;2493.0;1926.0;2519.0;1933.0;2468.0;2087.0;8;C-1256_F-360;-7.560.655.115.409.130;37.270.145.572.289.100;75.0;PEÑONOSA;Quebrada;CATALOGO
496;C-1256_F-360.jpg;PUENTE LE GANTES;1373.0;2120.0;1650.0;2118.0;1650.0;2145.0;1373.0;2148.0;16;C-1256_F-360;-7.564.104.241.870.340;37.256.591.084.337.300;68.75;;;
497;C-1256_F-360.jpg;EL SINA BRID;2260.0;2109.0;2404.0;2157.0;2396.0;2182.0;2252.0;2132.0;12;C-1256_F-360;-7.561.255.661.636.550;37.260.141.069.277.100;8.333.333.333.333.330;EL SINABRIO;Sitio;CATALOGO
498;C-1256_F-360.jpg;CAUCHOS;1618.0;2135.0;1651.0;2273.0;1629.0;2278.0;1597.0;2140.0;7;C-1256_F-360;-7.563.317.429.968.110;37.251.750.195.783.100;7.142.857.142.857.140;CACAOS;Sitio;CATALOGO
499;C-1256_F-360.jpg;EL PORVENIR;1048.0;2161.0;1230.0;2155.0;1231.0;2175.0;1048.0;2182.0;11;C-1256_F-360;-7.565.147.971.944.740;37.243.359.322.289.100;100.0;EL PORVENIR;Sitio;CATALOGO
500;C-1256_F-360.jpg;LOS ANDES;1387.0;2160.0;1459.0;2299.0;1431.0;2311.0;1368.0;2174.0;9;C-1256_F-360;-7.564.059.281.190.220;37.243.682.048.192.700;7.777.777.777.777.770;LOS ALPES;Sitio;CATALOGO
501;C-1256_F-360.jpg;PANELA;2445.0;2187.0;2526.0;2093.0;2545.0;2109.0;2465.0;2205.0;6;C-1256_F-360;-7.560.661.538.363.440;37.234.968.448.795.100;7.142.857.142.857.140;CANDELA;Laguna;CATALOGO
502;C-1256_F-360.jpg;EL ENCANTO EL PARAISO;552.0;2279.0;1025.0;2246.0;1029.0;2297.0;556.0;2352.0;21;C-1256_F-360;-7.566.740.864.612.110;37.205.277.665.662.600;7.272.727.272.727.270;EL ENCANTO (EL SALADO);Sitio;CATALOGO
503;C-1256_F-360.jpg;EL SALTO;1228.0;2306.0;1270.0;2149.0;1301.0;2157.0;1256.0;2315.0;8;C-1256_F-360;-7.564.569.906.057.380;37.196.564.066.265.000;75.0;EL PATO;Caserío;CATALOGO
504;C-1256_F-360.jpg;EL HORIZONTE;1350.0;2309.0;1578.0;2335.0;1576.0;2360.0;1347.0;2332.0;12;C-1256_F-360;-7.564.178.105.844.840;37.195.595.888.554.200;75.0;HORIZONTE;Vereda;CATALOGO
505;C-1256_F-360.jpg;SANTA ISABEL;1830.0;2337.0;2069.0;2324.0;2070.0;2357.0;1831.0;2370.0;12;C-1256_F-360;-7.562.636.596.811.900;37.186.559.563.253.000;100.0;SANTA ISABEL;Sitio;CATALOGO
506;C-1256_F-360.jpg;EL SANTUARIO;2095.0;2406.0;2295.0;2392.0;2297.0;2422.0;2096.0;2436.0;12;C-1256_F-360;-7.561.785.555.366.630;37.164.291.475.903.600;100.0;EL SANTUARIO;Alto;CATALOGO
507;C-2407_F-196.jpg;PARAMO;1526.0;1077.0;1728.0;1117.0;1716.0;1180.0;1515.0;1147.0;6;C-2407_F-196;-7.573.476.230.548.920;374.286.514.894.354;7.142.857.142.857.140;PARAÍSO;Vereda;CATALOGO
508;C-2407_F-196.jpg;POSAYRY;2037.0;712.0;2332.0;719.0;2331.0;803.0;2035.0;797.0;7;C-2407_F-196;-7.571.988.581.145.580;37.535.409.248.354.600;62.5;;;
509;C-2407_F-196.jpg;QUEBRADA;2396.0;1375.0;2423.0;1583.0;2364.0;1590.0;2345.0;1376.0;8;C-2407_F-196;-7.570.943.441.936.580;37.341.490.360.235.500;7.272.727.272.727.270;QUEBRADITAS;Vereda;CATALOGO
510;C-2407_F-196.jpg;AM BEIN;966.0;1378.0;1395.0;1404.0;1383.0;1551.0;961.0;1518.0;7;C-2407_F-196;-7.575.106.531.264.910;37.340.612.899.203.300;7.142.857.142.857.140;AMALEIN;Sitio;CATALOGO
511;C-2407_F-196.jpg;RIO AMBALANA;778.0;1523.0;1283.0;1542.0;1281.0;1636.0;776.0;1625.0;12;C-2407_F-196;-7.575.653.846.505.280;37.298.202.282.646.300;6.666.666.666.666.660;;;
512;C-2407_F-196.jpg;LINDOZA;2436.0;1583.0;2596.0;1570.0;2601.0;1630.0;2441.0;1650.0;7;C-2407_F-196;-7.570.826.991.885.440;37.280.653.062.002.000;7.142.857.142.857.140;MENDOZA;Arroyo;CATALOGO
513;C-2407_F-196.jpg;BOSQUES;931.0;1745.0;1258.0;1750.0;1257.0;1815.0;930.0;1809.0;7;C-2407_F-196;-7.575.208.425.059.660;3.723.327.016.626.250;8.571.428.571.428.570;BISQUES;Peñón;CATALOGO
514;C-2407_F-196.jpg;QUEBRADA LAS MIRLAS;1062.0;2104.0;1416.0;1826.0;1462.0;1874.0;1095.0;2158.0;19;C-2407_F-196;-7.574.827.051.142.170;37.128.267.329.407.600;6.842.105.263.157.890;;;
515;C-2407_F-196.jpg;POSSATS;1761.0;2063.0;2102.0;2105.0;2093.0;2172.0;1759.0;2136.0;7;C-2407_F-196;-7.572.792.086.498.460;3.714.025.929.684.790;60.0;;;
516;C-2407_F-196.jpg;QUEBRADA LOS SALTOS;2267.0;2450.0;2430.0;2112.0;2481.0;2136.0;2315.0;2475.0;19;C-2407_F-196;-7.571.318.993.351.510;37.027.066.823.692.400;65.0;;;
517;C-2407_F-196.jpg;QUEBRADA LA PROFUNDA;2154.0;2560.0;2110.0;2106.0;2168.0;2101.0;2215.0;2557.0;20;C-2407_F-196;-7.571.647.964.745.990;36.994.893.252.511.200;75.0;QUEBRADA LA NONA;Reserva Forestal Protectora Nacional;CATALOGO
518;M-1379_F-39724.jpg;SALADO;1748.0;973.0;1854.0;1175.0;1810.0;1198.0;1702.0;995.0;6;M-1379_F-39724;-7.569.266.327.990.970;37.650.382.114.014.200;100.0;SALADO;Caño;CATALOGO
519;M-1379_F-39724.jpg;LA PALMA;1897.0;1170.0;1987.0;879.0;2039.0;892.0;1950.0;1186.0;8;M-1379_F-39724;-7.568.637.870.880.360;37.566.964.278.927.700;80.0;LAS PALMAS;Vereda;CATALOGO
520;M-1379_F-39724.jpg;EL VERGEL;2200.0;1353.0;2295.0;1253.0;2319.0;1274.0;2223.0;1375.0;9;M-1379_F-39724;-7.567.359.867.494.350;37.489.474.614.862.500;7.777.777.777.777.770;EL VERDE;Cuchilla;CATALOGO
521;M-1379_F-39724.jpg;PA LUCIA;2266.0;1341.0;2388.0;1213.0;2420.0;1241.0;2297.0;1371.0;8;M-1379_F-39724;-7.567.081.490.519.180;3.749.455.590.430.940;75.0;LA LUCHA;Sitio;CATALOGO
522;M-1379_F-39724.jpg;SANTA LUC;1920.0;1531.0;2123.0;1554.0;2118.0;1595.0;1916.0;1572.0;9;M-1379_F-39724;-7.568.540.860.722.340;37.414.102.154.733.600;8.181.818.181.818.180;SANTA LUCÍA;Caserío;CATALOGO
523;M-1379_F-39724.jpg;BERLIN;1863.0;1625.0;2010.0;1640.0;2006.0;1679.0;1859.0;1667.0;6;M-1379_F-39724;-7.568.781.277.200.900;3.737.429.872.073.290;8.333.333.333.333.330;BERLÍN;Sitio;CATALOGO
524;M-1379_F-39724.jpg;LA LINDOZA;1838.0;1731.0;2047.0;1744.0;2045.0;1786.0;1838.0;1777.0;10;M-1379_F-39724;-7.568.886.723.024.820;37.329.413.997.285.300;90.0;LA LINDOSA;Sitio;CATALOGO
525;M-1379_F-39724.jpg;LA AURORA;2064.0;1781.0;2233.0;1799.0;2230.0;1839.0;2061.0;1821.0;9;M-1379_F-39724;-7.567.933.492.776.520;37.308.241.957.923.300;100.0;LA AURORA;Sitio;CATALOGO
526;M-1379_F-39724.jpg;LA CABANA;2278.0;1852.0;2448.0;1876.0;2444.0;1915.0;2273.0;1894.0;9;M-1379_F-39724;-7.567.030.876.523.700;37.278.177.662.029.100;8.888.888.888.888.880;LA CABAÑA;Sitio;CATALOGO
527;M-1379_F-39724.jpg;EL PARAISO;2312.0;2071.0;2490.0;2088.0;2489.0;2127.0;2308.0;2112.0;10;M-1379_F-39724;-7.566.887.470.203.150;37.185.444.129.623.300;90.0;EL PARAÍSO;Vereda;CATALOGO
528;M-1379_F-39724.jpg;LA ESMERALDA;1732.0;2076.0;2010.0;2116.0;2003.0;2163.0;1725.0;2129.0;12;M-1379_F-39724;-7.569.333.813.318.280;3.718.332.692.568.710;100.0;LA ESMERALDA;Vereda;CATALOGO
529;M-1379_F-39724.jpg;AMBEIMA;2265.0;2356.0;2398.0;2219.0;2428.0;2250.0;2292.0;2386.0;7;M-1379_F-39724;-7.567.085.708.352.140;37.064.763.505.259.500;7.142.857.142.857.140;AMBITA;Loma;CATALOGO
530;M-1379_F-39724.jpg;LAS MIRLAS;307.0;2030.0;525.0;1888.0;545.0;1917.0;326.0;2063.0;10;M-1379_F-39724;-7.575.344.225.282.160;37.202.805.201.900.200;7.272.727.272.727.270;LAS MINITAS;Sitio;CATALOGO
531;M-1379_F-39724.jpg;LA PROFUNDA;1151.0;2101.0;1222.0;2383.0;1172.0;2392.0;1102.0;2112.0;11;M-1379_F-39724;-7.571.784.374.266.360;37.172.740.906.006.000;100.0;LA PROFUNDA;Sitio;CATALOGO
532;M-1379_F-39724.jpg;EL MIRADE;2422.0;2249.0;2554.0;2256.0;2552.0;2288.0;2422.0;2278.0;9;M-1379_F-39724;-7.566.423.508.577.870;37.110.071.669.494.300;80.0;EL MIRADOR;Sitio;CATALOGO
533;M-1379_F-39724.jpg;LA CRISTALINA;1738.0;2265.0;2016.0;2392.0;1999.0;2433.0;1723.0;2309.0;13;M-1379_F-39724;-7.569.308.506.320.540;37.103.296.616.898.500;100.0;LA CRISTALINA;Vereda;CATALOGO
534;M-1379_F-39724.jpg;ELORIENTE;2386.0;2310.0;2536.0;2320.0;2534.0;2344.0;2384.0;2332.0;9;M-1379_F-39724;-7.566.575.350.564.330;37.084.241.781.472.600;90.0;EL ORIENTE;Sitio;CATALOGO
535;M-1379_F-39724.jpg;LAARENOSA;1603.0;2275.0;1645.0;2456.0;1609.0;2464.0;1567.0;2283.0;9;M-1379_F-39724;-7.569.877.913.769.750;37.099.062.209.026.100;90.0;LA ARENOSA;Sitio;CATALOGO
536;M-1379_F-39724.jpg;SANTA RITA;2384.0;2355.0;2499.0;2362.0;2497.0;2381.0;2383.0;2373.0;10;M-1379_F-39724;-7.566.583.786.230.240;37.065.186.946.046.800;100.0;SANTA RITA;Isla;CATALOGO
537;M-1379_F-39724.jpg;EL PORVENIR;2303.0;2395.0;2465.0;2402.0;2464.0;2423.0;2302.0;2415.0;11;M-1379_F-39724;-7.566.925.430.699.770;37.048.249.314.557.100;100.0;EL PORVENIR;Sitio;CATALOGO
538;M-1379_F-39724.jpg;PEDREGOSA;459.0;2272.0;733.0;2267.0;735.0;2308.0;460.0;2316.0;9;M-1379_F-39724;-7.574.703.114.672.680;3.710.033.253.138.780;8.888.888.888.888.880;PEDREGOSO;Caño;CATALOGO
539;M-1379_F-39724.jpg;LOS NARANJOS;2327.0;2438.0;2496.0;2457.0;2493.0;2479.0;2324.0;2458.0;12;M-1379_F-39724;-7.566.824.202.708.800;370.300.413.607.058;100.0;LOS NARANJOS;Caserío;CATALOGO
540;C-2465_F-210.jpg;AMBEIMA;401.0;343.0;532.0;272.0;554.0;312.0;422.0;384.0;7;C-2465_F-210;-7.568.086.625.463.740;3.699.753.082.623.190;7.142.857.142.857.140;AMBITA;Loma;CATALOGO
541;C-2465_F-210.jpg;PAYSILJAN;730.0;372.0;876.0;371.0;876.0;409.0;731.0;412.0;9;C-2465_F-210;-7.566.766.297.976.390;36.985.831.974.805.400;6.666.666.666.666.660;;;
542;C-2465_F-210.jpg;BOSQUES;302.0;1130.0;537.0;1137.0;536.0;1184.0;301.0;1179.0;7;C-2465_F-210;-7.568.483.927.655.980;36.680.048.203.038.100;8.571.428.571.428.570;BISQUES;Peñón;CATALOGO
543;C-2465_F-210.jpg;CORESTAL DATOS;857.0;520.0;1347.0;520.0;1347.0;582.0;857.0;582.0;14;C-2465_F-210;-7.566.256.627.487.350;36.926.127.491.663.500;6.428.571.428.571.420;;;
544;C-2465_F-210.jpg;QUSTA SAURA;1376.0;624.0;1382.0;417.0;1434.0;419.0;1426.0;626.0;11;C-2465_F-210;-756.417.380.084.317;3.688.417.298.999.620;6.363.636.363.636.360;;;
545;C-2465_F-210.jpg;CHICALI;1710.0;649.0;1945.0;645.0;1947.0;720.0;1713.0;729.0;7;C-2465_F-210;-7.562.833.407.588.530;3.687.408.777.324.930;7.142.857.142.857.140;CHITAL;Alto;CATALOGO
546;C-2465_F-210.jpg;VARIOS;1411.0;1413.0;1559.0;1410.0;1561.0;1464.0;1411.0;1467.0;6;C-2465_F-210;-7.564.033.340.472.170;36.565.883.549.462.700;7.142.857.142.857.140;VAHITOS;Sitio;CATALOGO
547;C-2465_F-210.jpg;CAPUCHA CARBONAD;2392.0;756.0;2589.0;1007.0;2550.0;1037.0;2351.0;788.0;16;C-2465_F-210;-756.009.643.693.086;36.830.923.045.572.400;56.25;;;
548;C-2465_F-210.jpg;QUER ELPROPICIO;1429.0;797.0;1620.0;644.0;1643.0;675.0;1449.0;826.0;15;C-2465_F-210;-756.396.110.370.995;36.814.383.290.107.400;5.555.555.555.555.550;;;
549;C-2465_F-210.jpg;FILO DE CDMBY;1492.0;818.0;1788.0;584.0;1807.0;614.0;1512.0;851.0;13;C-2465_F-210;-7.563.708.275.042.150;36.805.911.708.040.000;7.142.857.142.857.140;FILO DE HAMBRE;Cerro;CATALOGO
550;C-2465_F-210.jpg;PRODIGID;1495.0;965.0;1725.0;970.0;1723.0;1035.0;1494.0;1028.0;8;C-2465_F-210;-7.563.696.235.581.780;3.674.661.063.356.790;87.5;PRODIGIO;Quebrada;CATALOGO
551;C-2465_F-210.jpg;LTRINNIS;1747.0;958.0;1847.0;963.0;1846.0;983.0;1746.0;979.0;8;C-2465_F-210;-7.562.684.920.910.620;3.674.943.449.425.710;50.0;;;
552;C-2465_F-210.jpg;BRASILITO;1762.0;976.0;1856.0;1086.0;1831.0;1108.0;1738.0;997.0;9;C-2465_F-210;-7.562.624.723.608.760;36.742.173.138.199.300;7.777.777.777.777.770;BRASILIA;Sitio;CATALOGO
553;C-2465_F-210.jpg;MERED PURNAVISTILOS;1805.0;963.0;2212.0;975.0;2210.0;1038.0;1803.0;1033.0;19;C-2465_F-210;-7.562.452.158.010.110;36.747.417.450.907.700;47.368.421.052.631.500;;;
554;C-2465_F-210.jpg;EL ESPEID;205.0;1030.0;402.0;1040.0;400.0;1072.0;205.0;1065.0;9;C-2465_F-210;-7.568.873.203.541.310;36.720.389.070.025.900;7.777.777.777.777.770;EL ESPEJO;Sitio;CATALOGO
555;C-2465_F-210.jpg;EDONIA;1719.0;1090.0;1782.0;1092.0;1782.0;1107.0;1718.0;1104.0;6;C-2465_F-210;-756.279.728.920.742;36.696.184.549.833.200;7.142.857.142.857.140;REDONDA;Laguna;CATALOGO
556;C-2465_F-210.jpg;FASTOS;1261.0;1103.0;1418.0;1108.0;1416.0;1155.0;1260.0;1148.0;6;C-2465_F-210;-7.564.635.313.490.720;36.690.940.237.124.800;7.142.857.142.857.140;MASATOS;Vereda;CATALOGO
557;C-2465_F-210.jpg;BAISES ELLE DEN;2010.0;1083.0;2173.0;1084.0;2172.0;1125.0;2009.0;1123.0;15;C-2465_F-210;-7.561.629.461.551.430;36.699.008.410.522.400;56.25;;;
558;C-2465_F-210.jpg;PAN DE;1745.0;1106.0;1852.0;1109.0;1851.0;1136.0;1745.0;1133.0;6;C-2465_F-210;-7.562.692.947.217.530;3.668.973.001.111.520;6.666.666.666.666.660;;;
559;C-2465_F-210.jpg;LAARENOSA MIRAMAR;1260.0;1146.0;1589.0;1132.0;1591.0;1175.0;1262.0;1194.0;17;C-2465_F-210;-7.564.639.326.644.180;36.673.593.664.320.100;5.294.117.647.058.820;;;
560;C-2465_F-210.jpg;AZ CAR;1745.0;1140.0;1852.0;1142.0;1852.0;1166.0;1744.0;1164.0;6;C-2465_F-210;-7.562.692.947.217.530;36.676.014.116.339.300;8.333.333.333.333.330;AZÚCAR;Quebrada;CATALOGO
561;C-2465_F-210.jpg;TARADERD;1746.0;1163.0;1838.0;1170.0;1836.0;1190.0;1744.0;1183.0;8;C-2465_F-210;-7.562.688.934.064.080;366.667.357.169.322;75.0;VARADERO;Caserío;CATALOGO
562;C-2465_F-210.jpg;RALDE RID;1745.0;1183.0;1843.0;1184.0;1842.0;1204.0;1745.0;1202.0;9;C-2465_F-210;-7.562.692.947.217.530;36.658.667.543.534.600;60.0;;;
563;C-2465_F-210.jpg;PINERO;1990.0;1189.0;2068.0;1192.0;2067.0;1209.0;1990.0;1205.0;6;C-2465_F-210;-7.561.709.724.620.570;36.656.247.091.515.300;8.333.333.333.333.330;MINERO;Río;CATALOGO
564;C-2465_F-210.jpg;MANANTIAL;1995.0;1212.0;2143.0;1224.0;2143.0;1245.0;1994.0;1232.0;9;C-2465_F-210;-7.561.689.658.853.280;36.646.968.692.108.100;8.181.818.181.818.180;MANANTIALES;Vereda;CATALOGO
565;C-2465_F-210.jpg;NKUCLO PEDRAS;1990.0;1243.0;2137.0;1252.0;2135.0;1271.0;1990.0;1260.0;13;C-2465_F-210;-7.561.709.724.620.570;36.634.463.023.341.900;5.714.285.714.285.710;;;
566;C-2465_F-210.jpg;VEREDAS;1135.0;1293.0;1457.0;1319.0;1455.0;1379.0;1130.0;1361.0;7;C-2465_F-210;-7.565.140.970.826.300;36.614.292.589.848.000;7.142.857.142.857.140;VARELAS;Sitio;CATALOGO
567;C-2465_F-210.jpg;LA CABANA;1468.0;1297.0;1629.0;1219.0;1649.0;1260.0;1485.0;1338.0;9;C-2465_F-210;-7.563.804.590.725.120;3.661.267.895.516.850;8.888.888.888.888.880;LA CABAÑA;Sitio;CATALOGO
568;C-2465_F-210.jpg;SORPRES;1933.0;1325.0;2014.0;1329.0;2013.0;1347.0;1933.0;1341.0;7;C-2465_F-210;-7.561.938.474.367.620;36.601.383.512.412.000;7.142.857.142.857.140;SORUREI;Cañada;CATALOGO
569;C-2465_F-210.jpg;DANQUED;2555.0;1350.0;2610.0;1449.0;2579.0;1467.0;2523.0;1367.0;7;C-2465_F-210;-7.559.442.292.917.360;36.591.298.295.665.000;7.142.857.142.857.140;TANQUES;Sitio;CATALOGO
570;C-2465_F-210.jpg;LEL BELEN;1406.0;1378.0;1537.0;1377.0;1537.0;1417.0;1406.0;1418.0;9;C-2465_F-210;-7.564.053.406.239.460;3.658.000.285.290.840;6.666.666.666.666.660;;;
571;C-2465_F-210.jpg;LARIACRIA;1900.0;1342.0;2001.0;1347.0;2000.0;1366.0;1899.0;1361.0;9;C-2465_F-210;-7.562.070.908.431.700;36.594.525.565.024.000;70.0;;;
572;C-2465_F-210.jpg;LASOLEDAD;1869.0;1368.0;1982.0;1375.0;1980.0;1396.0;1869.0;1389.0;9;C-2465_F-210;-756.219.531.618.887;3.658.403.693.960.720;90.0;LA SOLEDAD;Sitio;CATALOGO
573;C-2465_F-210.jpg;GLUEBIRQUITO;1737.0;1426.0;1863.0;1307.0;1884.0;1331.0;1759.0;1450.0;12;C-2465_F-210;-7.562.725.052.445.190;36.560.639.236.754.300;6.666.666.666.666.660;;;
574;C-2465_F-210.jpg;QUEB LALAGRIMA;1312.0;1455.0;1585.0;1455.0;1585.0;1516.0;1312.0;1516.0;14;C-2465_F-210;-7.564.430.642.664.410;365.489.403.853.279;6.428.571.428.571.420;;;
575;C-2465_F-210.jpg;VEREDA;1769.0;2156.0;2050.0;2158.0;2049.0;2233.0;1768.0;2231.0;6;C-2465_F-210;-756.259.663.153.457;36.266.150.907.743.600;7.142.857.142.857.140;VERADAR;Sitio;CATALOGO
576;C-2465_F-210.jpg;LA BERMANI;1756.0;1502.0;1885.0;1496.0;1887.0;1527.0;1758.0;1535.0;10;C-2465_F-210;-7.562.648.802.529.500;36.529.980.177.843.600;80.0;LA GERMANA;Sitio;CATALOGO
577;C-2465_F-210.jpg;BALASTRERA;2048.0;1553.0;2079.0;1395.0;2112.0;1402.0;2080.0;1560.0;10;C-2465_F-210;-756.147.696.172.007;3.650.940.633.567.980;7.692.307.692.307.690;LA BALASTRERA;Sitio;CATALOGO
578;C-2465_F-210.jpg;PRIMAVERA;1211.0;1536.0;1367.0;1537.0;1367.0;1574.0;1211.0;1573.0;9;C-2465_F-210;-7.564.835.971.163.570;365.162.642.830.678;100.0;PRIMAVERA;Vereda;CATALOGO
579;C-2465_F-210.jpg;LANICTONIAU;1796.0;1569.0;2012.0;1572.0;2012.0;1598.0;1796.0;1589.0;11;C-2465_F-210;-7.562.488.276.391.230;3.650.295.179.696.180;6.363.636.363.636.360;;;
580;C-2465_F-210.jpg;ACO DO FISUAS LA ZANJA DEL GALLO;975.0;1598.0;1622.0;1489.0;1632.0;1642.0;999.0;1722.0;32;C-2465_F-210;-7.565.783.075.379.420;3.649.125.294.553.530;43.75;;;
581;C-2465_F-210.jpg;REE DOS AGUAS ES LA ZANIA DE POLLO;972.0;1600.0;1638.0;1473.0;1652.0;1632.0;999.0;1726.0;34;C-2465_F-210;-7.565.795.114.839.790;36.490.446.128.195.600;4.411.764.705.882.350;;;
582;C-2465_F-210.jpg;LA GERMANIA;1683.0;1598.0;1832.0;1601.0;1832.0;1623.0;1683.0;1621.0;11;C-2465_F-210;-7.562.941.762.731.870;3.649.125.294.553.530;7.272.727.272.727.270;LA SERRANÍA;Caño;CATALOGO
583;C-2465_F-210.jpg;EL DORAOD;1921.0;1609.0;2056.0;1609.0;2056.0;1631.0;1921.0;1630.0;9;C-2465_F-210;-7.561.986.632.209.100;36.486.815.450.166.700;8.888.888.888.888.880;EL DORADO;Sitio;CATALOGO
584;C-2465_F-210.jpg;IRCASIA;1564.0;1653.0;1639.0;1622.0;1654.0;1660.0;1579.0;1691.0;7;C-2465_F-210;-7.563.419.327.993.250;36.469.065.468.692.100;75.0;CIRCACIA;Cerro;CATALOGO
585;C-2465_F-210.jpg;GERMANIA VARIOS;1679.0;1627.0;2099.0;1630.0;2099.0;1670.0;1679.0;1667.0;15;C-2465_F-210;-75.629.578.153.457;36.479.554.094.108.900;53.333.333.333.333.300;;;
586;C-2465_F-210.jpg;EL DORADO;1681.0;1671.0;1804.0;1672.0;1804.0;1701.0;1681.0;1700.0;9;C-2465_F-210;-7.562.949.789.038.780;36.461.804.112.634.300;7.777.777.777.777.770;EL PRADO;Sitio;CATALOGO
587;C-2465_F-210.jpg;BRUSELAS;2441.0;1672.0;2739.0;1672.0;2739.0;1744.0;2441.0;1744.0;8;C-2465_F-210;-7.559.899.792.411.460;36.461.400.703.964.400;100.0;BRUSELAS;Sitio;CATALOGO
588;C-2465_F-210.jpg;EL MARROND;1412.0;1696.0;1554.0;1702.0;1553.0;1727.0;1412.0;1723.0;10;C-2465_F-210;-7.564.029.327.318.710;36.451.718.895.887.300;80.0;EL MADRONO;Sitio;CATALOGO
589;C-2465_F-210.jpg;LAGLORIETA;1923.0;1723.0;2203.0;1746.0;2201.0;1798.0;1919.0;1781.0;10;C-2465_F-210;-7.561.978.605.902.190;36.440.826.861.800.600;909.090.909.090.909;LA GLORIETA;Sitio;CATALOGO
590;C-2465_F-210.jpg;QUEA LA DANIAY;1492.0;1804.0;1650.0;1645.0;1677.0;1676.0;1517.0;1834.0;14;C-2465_F-210;-7.563.708.275.042.150;36.408.150.759.540.500;5.882.352.941.176.470;;;
591;C-2465_F-210.jpg;GUATEMALA;2198.0;1925.0;2402.0;1887.0;2412.0;1923.0;2201.0;1972.0;9;C-2465_F-210;-756.087.498.870.152;36.359.338.310.485.300;7.777.777.777.777.770;GUAMALA;Sitio;CATALOGO
592;C-2465_F-210.jpg;DOSSITES;285.0;1938.0;585.0;1939.0;584.0;2011.0;285.0;2008.0;8;C-2465_F-210;-7.568.552.151.264.750;3.635.409.399.777.690;62.5;;;
593;C-2465_F-210.jpg;JORDAN;1820.0;1991.0;2094.0;1987.0;2095.0;2050.0;1820.0;2053.0;6;C-2465_F-210;-7.562.391.960.708.260;36.332.713.338.273.400;8.333.333.333.333.330;JORDÁN;Sitio;CATALOGO
594;C-2465_F-210.jpg;LAFLORESTA;1843.0;2074.0;2025.0;2074.0;2025.0;2130.0;1843.0;2130.0;10;C-2465_F-210;-7.562.299.658.178.750;36.299.230.418.673.500;909.090.909.090.909;LA FLORESTA;Sitio;CATALOGO
595;C-2465_F-210.jpg;KULTNOS;1249.0;2245.0;1454.0;2246.0;1453.0;2294.0;1249.0;2290.0;7;C-2465_F-210;-756.468.347.133.221;36.230.247.536.124.400;5.714.285.714.285.710;;;
596;C-2465_F-210.jpg;MISCEL TIBER;1784.0;2350.0;2204.0;2344.0;2205.0;2411.0;1785.0;2416.0;12;C-2465_F-210;-7.562.536.434.232.710;36.187.889.625.787.300;6.666.666.666.666.660;;;
597;C-2465_F-210.jpg;NA STA TERESA;1387.0;2401.0;1586.0;2185.0;1626.0;2219.0;1427.0;2437.0;13;C-2465_F-210;-7.564.129.656.155.140;3.616.731.578.362.350;7.692.307.692.307.690;SANTA TERESA;Sitio;CATALOGO
598;M-1379_F-39726.jpg;LA ARENDSA;1791.0;408.0;1946.0;670.0;1911.0;689.0;1754.0;425.0;10;M-1379_F-39726;-7.569.662.580.974.560;370.321.254.601.227;90.0;LA ARENOSA;Sitio;CATALOGO
599;M-1379_F-39726.jpg;DEL PAISALET;860.0;712.0;1201.0;648.0;1213.0;712.0;874.0;786.0;12;M-1379_F-39726;-757.321.349.036.188;36.915.633.450.018.000;75.0;EL PAISAJE;Sitio;CATALOGO
600;M-1379_F-39726.jpg;LAS DAMAS;684.0;794.0;934.0;584.0;961.0;617.0;712.0;826.0;9;M-1379_F-39726;-7.573.884.768.613.400;3.688.421.126.308.190;7.777.777.777.777.770;LAS DUNAS;Vereda;CATALOGO
601;M-1379_F-39726.jpg;LA PRIMAVERA;1607.0;776.0;1899.0;773.0;1900.0;838.0;1607.0;841.0;12;M-1379_F-39726;-7.570.364.371.873.870;368.911.088.163.118;7.333.333.333.333.330;NUEVA PRIMAVERA;Vereda;CATALOGO
602;M-1379_F-39726.jpg;LAMBEIMA;1937.0;779.0;2170.0;619.0;2193.0;658.0;1962.0;820.0;8;M-1379_F-39726;-7.569.105.725.152.270;3.688.995.922.410.680;75.0;LA BEIBA;Sitio;CATALOGO
603;M-1379_F-39726.jpg;EL CAJUCHE;1870.0;1215.0;1939.0;1489.0;1888.0;1500.0;1820.0;1224.0;10;M-1379_F-39726;-756.936.126.857.757;36.722.885.156.983.000;7.272.727.272.727.270;EL CALDUCHO;Vereda;CATALOGO
604;M-1379_F-39726.jpg;LA GUNA;399.0;1773.0;583.0;1773.0;583.0;1816.0;399.0;1817.0;7;M-1379_F-39726;-7.574.971.781.691.150;36.509.061.006.856.700;8.571.428.571.428.570;LA LUNA;Sitio;CATALOGO
605;M-1379_F-39726.jpg;CHA LA SIERRA;210.0;1921.0;495.0;2240.0;456.0;2274.0;174.0;1959.0;13;M-1379_F-39726;-7.575.692.642.995.340;36.452.347.791.411.000;6.923.076.923.076.920;;;
606;M-1379_F-39726.jpg;BLANCO;1932.0;2134.0;2052.0;2373.0;2007.0;2391.0;1890.0;2154.0;6;M-1379_F-39726;-7.569.124.795.557.140;3.637.072.674.485.740;8.333.333.333.333.330;BLANCA;Laguna;CATALOGO
607;M-1379_F-39726.jpg;MIRLAS;1649.0;2173.0;1758.0;2149.0;1763.0;2181.0;1654.0;2207.0;6;M-1379_F-39726;-7.570.204.180.472.940;3.635.578.204.619.270;8.333.333.333.333.330;MIRTAS;Quebrada;CATALOGO
608;c-1857 f-198.jpg;MUNICIPI;1632.0;116.0;1849.0;115.0;1849.0;157.0;1632.0;158.0;8;c-1857 f-198;-7.540.985.397.432.330;36.311.207.939.823.000;6.666.666.666.666.660;;;
609;c-1857 f-198.jpg;HOSPITAL NT;1413.0;203.0;1632.0;202.0;1632.0;233.0;1413.0;236.0;11;c-1857 f-198;-7.541.632.883.622.480;36.285.361.394.690.200;7.272.727.272.727.270;HOSPITAL;Quebrada;CATALOGO
610;c-1857 f-198.jpg;DE LOURDES;1711.0;201.0;1888.0;201.0;1888.0;227.0;1711.0;227.0;10;c-1857 f-198;-7.540.751.829.354.610;36.285.955.568.141.600;80.0;EL LOURDES;Sitio;CATALOGO
611;c-1857 f-198.jpg;IGLESIA NERA SRA DE LOURDES;1920.0;182.0;2447.0;174.0;2448.0;213.0;1920.0;222.0;27;c-1857 f-198;-7.540.133.908.743.920;3.629.160.021.592.920;6.296.296.296.296.290;;;
612;c-1857 f-198.jpg;PALACIO MUNICIPAL;1439.0;243.0;1792.0;236.0;1792.0;264.0;1440.0;273.0;17;c-1857 f-198;-754.155.601.311.589;3.627.347.792.566.370;5.294.117.647.058.820;;;
613;c-1857 f-198.jpg;SRA DE LOURDES;2180.0;221.0;2443.0;219.0;2444.0;248.0;2181.0;253.0;14;c-1857 f-198;-7.539.365.203.678.000;3.628.001.383.362.830;7.058.823.529.411.760;VIRGEN DE LOURDES;Sitio;CATALOGO
614;c-1857 f-198.jpg;ESCUELA CAMILO TO;1416.0;279.0;1795.0;274.0;1796.0;301.0;1416.0;307.0;17;c-1857 f-198;-7.541.624.013.948.640;36.262.782.803.539.800;7.058.823.529.411.760;ESCUELA PABLO VI;Sitio;CATALOGO
615;c-1857 f-198.jpg;POLICIA;2174.0;291.0;2308.0;292.0;2308.0;322.0;2174.0;321.0;7;c-1857 f-198;-7.539.382.943.025.670;3.625.921.776.283.180;8.571.428.571.428.570;POLICÍA;Laguna;CATALOGO
616;c-1857 f-198.jpg;OCAIR AERARIA;1410.0;351.0;1715.0;344.0;1716.0;374.0;1411.0;382.0;13;c-1857 f-198;-7.541.641.753.296.320;36.241.392.559.292.000;6.153.846.153.846.150;;;
617;c-1857 f-198.jpg;COLEGIO SAN JUAN BOSCO;1923.0;333.0;2432.0;325.0;2433.0;365.0;1923.0;375.0;22;c-1857 f-198;-7.540.125.039.070.090;36.246.740.120.353.900;6.818.181.818.181.810;;;
618;c-1857 f-198.jpg;PUESTO DE MONTA SECRET AGRIC;1421.0;392.0;1899.0;379.0;1900.0;407.0;1421.0;423.0;28;c-1857 f-198;-7.541.609.231.158.910;3.622.921.200.353.980;5.357.142.857.142.850;;;
619;c-1857 f-198.jpg;JUVENIL;1537.0;425.0;1680.0;425.0;1680.0;452.0;1537.0;454.0;7;c-1857 f-198;-7.541.266.270.437.190;3.621.940.814.159.290;100.0;JUVENIL;Sitio;CATALOGO
620;c-1857 f-198.jpg;SANTA ROSA;2442.0;853.0;2598.0;850.0;2599.0;874.0;2442.0;878.0;10;c-1857 f-198;-7.538.590.585.496.180;3.609.225.502.300.880;80.0;SANTA RITA;Isla;CATALOGO
621;c-1857 f-198.jpg;FRAICHE;601.0;940.0;703.0;941.0;703.0;962.0;601.0;961.0;7;c-1857 f-198;-754.403.360.867.453;36.066.408.477.876.100;75.0;TRAPICHE;Isla;CATALOGO
622;c-1857 f-198.jpg;LA CUCARACHA;2366.0;1008.0;2549.0;1007.0;2550.0;1040.0;2366.0;1043.0;12;c-1857 f-198;-753.881.528.390.007;36.046.206.580.530.900;75.0;LA CAMACHA;Quebrada;CATALOGO
623;c-1857 f-198.jpg;EL MOLIND;1822.0;1288.0;1983.0;1290.0;1983.0;1323.0;1822.0;1322.0;9;c-1857 f-198;-7.540.423.651.422.620;35.963.022.297.345.100;8.888.888.888.888.880;EL MOLINO;Sitio;CATALOGO
624;c-1857 f-198.jpg;QUEBRADA;326.0;1429.0;564.0;1514.0;551.0;1564.0;310.0;1473.0;8;c-1857 f-198;-7.544.846.662.109.640;35.921.133.069.026.500;7.272.727.272.727.270;QUEBRADITAS;Vereda;CATALOGO
625;c-1857 f-198.jpg;LAS BRISAS;870.0;1401.0;1041.0;1396.0;1041.0;1420.0;870.0;1425.0;10;c-1857 f-198;-7.543.238.294.587.090;3.592.945.149.734.510;100.0;LAS BRISAS;Sitio;CATALOGO
626;c-1857 f-198.jpg;SUAHALITO;1751.0;1398.0;1921.0;1389.0;1923.0;1424.0;1752.0;1432.0;9;c-1857 f-198;-754.063.356.703.678;35.930.342.757.522.100;7.777.777.777.777.770;GUAMALITO;Sitio;CATALOGO
627;c-1857 f-198.jpg;QUEBRAD;733.0;2100.0;955.0;2033.0;970.0;2085.0;745.0;2144.0;7;c-1857 f-198;-7.543.643.343.025.670;35.721.787.876.106.100;7.777.777.777.777.770;QUEBRADAS;Vereda;CATALOGO
628;c-1857 f-200.jpg;QUENILERO;389.0;835.0;538.0;836.0;537.0;881.0;388.0;877.0;9;c-1857 f-200;-7.543.827.280.158.440;36.539.200.121.471.900;6.666.666.666.666.660;;;
629;c-1857 f-200.jpg;FERRO LAS SUACAS;553.0;938.0;869.0;944.0;868.0;992.0;553.0;986.0;16;c-1857 f-200;-7.543.417.398.271.510;36.513.337.884.958.900;62.5;;;
630;c-1857 f-200.jpg;QUEBRADA;553.0;1638.0;662.0;1499.0;694.0;1523.0;584.0;1662.0;8;c-1857 f-200;-7.543.417.398.271.510;36.337.575.112.540.100;7.272.727.272.727.270;QUEBRADITAS;Vereda;CATALOGO
631;c-1857 f-200.jpg;LA PALMA;2164.0;1107.0;2366.0;1106.0;2367.0;1168.0;2165.0;1170.0;8;c-1857 f-200;-7.539.391.058.516.380;36.470.903.729.903.500;80.0;LAS PALMAS;Vereda;CATALOGO
632;c-1857 f-200.jpg;BOCAS DE TULUNI;218.0;1353.0;418.0;1164.0;441.0;1189.0;240.0;1378.0;15;c-1857 f-200;-7.544.254.657.003.960;364.091.356.698.821;7.333.333.333.333.330;BOCAS DE MULATO;Sitio;CATALOGO
633;c-1857 f-200.jpg;ELRETIRO;774.0;1345.0;922.0;1337.0;925.0;1379.0;776.0;1391.0;8;c-1857 f-200;-7.542.865.057.436.080;3.641.114.438.728.110;8.888.888.888.888.880;EL RETIRO;Sitio;CATALOGO
634;c-1857 f-200.jpg;LA BARROSA;672.0;1438.0;776.0;1279.0;809.0;1295.0;703.0;1457.0;10;c-1857 f-200;-7.543.119.983.975.510;36.387.793.047.516.900;7.272.727.272.727.270;LA BARRIERA;Sitio;CATALOGO
635;c-1857 f-200.jpg;CORRAL;824.0;1480.0;916.0;1462.0;920.0;1489.0;827.0;1508.0;6;c-1857 f-200;-7.542.740.093.446.160;36.377.247.281.171.800;8.333.333.333.333.330;CORNAL;Quebrada;CATALOGO
636;c-1857 f-200.jpg;EL JUADAL;2308.0;1447.0;2459.0;1466.0;2455.0;1498.0;2304.0;1477.0;9;c-1857 f-200;-7.539.031.162.225.420;36.385.533.240.443.000;7.777.777.777.777.770;EL GUAMAL;Sitio;CATALOGO
637;c-1857 f-200.jpg;EL ESPINAL;1681.0;1598.0;1849.0;1601.0;1848.0;1637.0;1680.0;1634.0;10;c-1857 f-200;-7.540.598.210.658.980;36.347.618.699.535.500;80.0;EL ESPINO;Caño;CATALOGO
638;c-1857 f-200.jpg;CORENL;1840.0;1561.0;1921.0;1554.0;1923.0;1580.0;1842.0;1588.0;6;c-1857 f-200;-7.540.200.825.171.040;36.356.909.017.506.200;6.666.666.666.666.660;;;
639;c-1857 f-200.jpg;RASTROJO;1573.0;2192.0;1878.0;2063.0;1893.0;2100.0;1587.0;2231.0;8;c-1857 f-200;-7.540.868.132.877.200;3.619.847.143.265.450;8.888.888.888.888.880;RASTROJOS;Sitio;CATALOGO
640;c-2284 f-076.jpg;BUENA VISTA;405.0;523.0;544.0;515.0;545.0;542.0;407.0;551.0;11;c-2284 f-076;-755.798.995.493.562;35.833.705.051.730.200;7.272.727.272.727.270;BELLA VISTA;Sitio;CATALOGO
641;c-2284 f-076.jpg;EL RETIRO;736.0;505.0;862.0;509.0;860.0;548.0;735.0;544.0;9;c-2284 f-076;-7.556.844.903.290.410;35.839.961.512.664.900;80.0;EL RETORNO;Vereda;CATALOGO
642;c-2284 f-076.jpg;VDA STA RITA;751.0;529.0;1034.0;529.0;1034.0;574.0;751.0;571.0;12;c-2284 f-076;-7.556.793.012.732.470;35.831.619.564.752.000;6.666.666.666.666.660;;;
643;c-2284 f-076.jpg;EL HORIZONTE;1719.0;529.0;1924.0;557.0;1920.0;585.0;1716.0;564.0;12;c-2284 f-076;-7.553.444.342.060.080;35.831.619.564.752.000;75.0;HORIZONTE;Vereda;CATALOGO
644;c-2284 f-076.jpg;LOS THING;1698.0;541.0;1825.0;668.0;1809.0;689.0;1677.0;562.0;9;c-2284 f-076;-7.553.516.988.841.200;35.827.448.590.795.500;7.272.727.272.727.270;LOS CHINGOS;Quebrada;CATALOGO
645;c-2284 f-076.jpg;MULICUL ALTA GRACIA;1285.0;592.0;1548.0;608.0;1545.0;653.0;1284.0;640.0;19;c-2284 f-076;-7.554.945.708.869.810;35.809.721.951.480.500;8.947.368.421.052.630;MULICÚ ALTA GRACIA;Vereda;CATALOGO
646;c-2284 f-076.jpg;PCE DE;191.0;629.0;293.0;615.0;296.0;649.0;193.0;663.0;6;c-2284 f-076;-7.558.730.260.228.890;35.796.861.448.448.000;5.714.285.714.285.710;;;
647;c-2284 f-076.jpg;EL CIPRES;1602.0;622.0;1720.0;628.0;1718.0;655.0;1601.0;646.0;9;c-2284 f-076;-7.553.849.088.412.010;3.579.929.451.658.930;8.888.888.888.888.880;EL CIPRÉS;Sitio;CATALOGO
648;c-2284 f-076.jpg;LOK APART;1392.0;647.0;1575.0;650.0;1574.0;691.0;1391.0;687.0;9;c-2284 f-076;-7.554.575.556.223.170;35.790.604.987.513.300;6.363.636.363.636.360;;;
649;c-2284 f-076.jpg;COPETY;681.0;669.0;679.0;553.0;721.0;552.0;723.0;668.0;6;c-2284 f-076;-7.557.035.168.669.520;35.782.958.201.926.500;7.142.857.142.857.140;COPETÓN;Sitio;CATALOGO
650;c-2284 f-076.jpg;QUEARADA;945.0;676.0;809.0;714.0;803.0;679.0;935.0;640.0;8;c-2284 f-076;-7.556.121.894.849.780;3.578.052.513.378.520;7.777.777.777.777.770;QUEBRADAS;Vereda;CATALOGO
651;c-2284 f-076.jpg;UDA MULICU ALTA GRACIA;1330.0;682.0;1639.0;693.0;1636.0;741.0;1329.0;725.0;22;c-2284 f-076;-7.554.790.037.195.990;35.778.439.646.806.900;7.727.272.727.272.720;MULICÚ ALTA GRACIA;Vereda;CATALOGO
652;c-2284 f-076.jpg;SAN MARINO LI ESMERALDA;1162.0;744.0;1554.0;759.0;1552.0;800.0;1160.0;789.0;23;c-2284 f-076;-7.555.371.211.444.920;3.575.688.961.469.850;6.521.739.130.434.780;;;
653;c-2284 f-076.jpg;EL DAVI;760.0;768.0;859.0;773.0;857.0;796.0;759.0;789.0;7;c-2284 f-076;-7.556.761.878.397.710;35.748.547.666.785.500;7.142.857.142.857.140;EL DATO;Loma;CATALOGO
654;c-2284 f-076.jpg;DOS AGUAS;1648.0;758.0;1793.0;757.0;1794.0;794.0;1648.0;797.0;9;c-2284 f-076;-7.553.689.957.367.660;3.575.202.347.841.590;7.272.727.272.727.270;LOS AGUACOS;Sitio;CATALOGO
655;c-2284 f-076.jpg;LA FORTUNA;213.0;825.0;342.0;815.0;345.0;844.0;216.0;857.0;10;c-2284 f-076;-7.558.654.154.077.250;3.572.873.554.049.230;100.0;LA FORTUNA;Sitio;CATALOGO
656;c-2284 f-076.jpg;LA ALDE;914.0;851.0;1021.0;843.0;1022.0;875.0;914.0;884.0;7;c-2284 f-076;-7.556.229.135.336.190;357.196.984.302.533;75.0;LA FALDA;Sitio;CATALOGO
657;c-2284 f-076.jpg;ELPENSAMIENTO;138.0;929.0;337.0;913.0;340.0;955.0;139.0;966.0;13;c-2284 f-076;-7.558.913.606.866.950;35.692.587.099.536.200;8.461.538.461.538.460;PENSAMIENTO;Sitio;CATALOGO
658;c-2284 f-076.jpg;QUEBRADA;1745.0;1860.0;1746.0;1740.0;1783.0;1740.0;1782.0;1861.0;8;c-2284 f-076;-7.553.354.398.426.320;35.368.989.036.746.300;7.272.727.272.727.270;QUEBRADITAS;Vereda;CATALOGO
659;c-2284 f-076.jpg;LA ALC ARENOSA;481.0;940.0;648.0;963.0;644.0;996.0;477.0;972.0;14;c-2284 f-076;-7.557.727.042.775.390;3.568.876.370.674.270;7.142.857.142.857.140;LA ARENOSA;Sitio;CATALOGO
660;c-2284 f-076.jpg;EL PORVENIR;470.0;977.0;638.0;994.0;636.0;1018.0;468.0;1000.0;11;c-2284 f-076;-7.557.765.095.851.210;3.567.590.320.371.030;100.0;EL PORVENIR;Sitio;CATALOGO
661;c-2284 f-076.jpg;LA ALBANIA;837.0;967.0;977.0;969.0;976.0;1005.0;837.0;1003.0;10;c-2284 f-076;-7.556.495.506.866.950;35.679.379.015.340.600;80.0;LA ALSACIA;Sitio;CATALOGO
662;c-2284 f-076.jpg;ALA VIRGINIA LA PALMAY;1125.0;1011.0;1401.0;1007.0;1402.0;1043.0;1125.0;1050.0;22;c-2284 f-076;-7.555.499.208.154.500;35.664.085.444.166.900;7.727.272.727.272.720;LA VITILIA LA PALMA;Reserva Forestal Protectora Regional;CATALOGO
663;c-2284 f-076.jpg;MULILU EL NGRADO;1254.0;1045.0;1472.0;1057.0;1470.0;1095.0;1251.0;1079.0;16;c-2284 f-076;-7.555.052.949.356.220;35.652.267.684.623.600;81.25;MULICÚ EL AGRADO;Vereda;CATALOGO
664;c-2284 f-076.jpg;EL PARISO;191.0;1094.0;322.0;1097.0;321.0;1123.0;190.0;1119.0;9;c-2284 f-076;-7.558.730.260.228.890;3.563.523.620.763.460;80.0;EL PARAÍSO;Vereda;CATALOGO
665;c-2284 f-076.jpg;PR ALE GRAMALES;495.0;1118.0;729.0;1098.0;731.0;1135.0;498.0;1166.0;15;c-2284 f-076;-7.557.678.611.587.980;35.626.894.259.721.700;60.0;;;
666;c-2284 f-076.jpg;LAS MONTAS;1274.0;1112.0;1415.0;1126.0;1411.0;1161.0;1271.0;1146.0;10;c-2284 f-076;-7.554.983.761.945.630;3.562.897.974.669.990;8.333.333.333.333.330;LAS MONTAÑAS;Loma;CATALOGO
667;c-2284 f-076.jpg;LA HOLANDA;169.0;1204.0;374.0;1204.0;374.0;1245.0;169.0;1243.0;10;c-2284 f-076;-7.558.806.366.380.540;35.597.002.279.700.300;100.0;LA HOLANDA;Sitio;CATALOGO
668;c-2284 f-076.jpg;VEREDA LA HOLANDA;464.0;1175.0;772.0;1182.0;770.0;1233.0;463.0;1222.0;17;c-2284 f-076;-7.557.785.852.074.390;35.607.082.133.428.400;7.058.823.529.411.760;VEREDA LA ARABIA;Sitio;CATALOGO
669;c-2284 f-076.jpg;TVDA EL AGRADO;1006.0;1134.0;1271.0;1144.0;1267.0;1200.0;1005.0;1183.0;14;c-2284 f-076;-7.555.910.873.247.490;3.562.133.296.111.300;7.142.857.142.857.140;ALTO EL AGRADO;Sitio;CATALOGO
670;c-2284 f-076.jpg;LUSITANA;902.0;1197.0;1044.0;1203.0;1041.0;1240.0;900.0;1231.0;8;c-2284 f-076;-7.556.270.647.782.540;355.994.353.478.416;8.888.888.888.888.880;LUSITANIA;Sitio;CATALOGO
671;c-2284 f-076.jpg;FLA FLORIA;1539.0;1175.0;1689.0;1175.0;1689.0;1212.0;1538.0;1212.0;10;c-2284 f-076;-7.554.067.028.755.360;35.607.082.133.428.400;80.0;LA FLORIDA;Vereda;CATALOGO
672;c-2284 f-076.jpg;EL JARDIN;382.0;1931.0;505.0;1931.0;505.0;1955.0;382.0;1953.0;9;c-2284 f-076;-7.558.069.520.457.790;35.344.310.774.170.500;8.888.888.888.888.880;EL JARDÍN;Sitio;CATALOGO
673;c-2284 f-076.jpg;LAS PALMAS;265.0;1306.0;429.0;1303.0;429.0;1330.0;265.0;1333.0;10;c-2284 f-076;-7.558.474.266.809.720;35.561.549.001.070.200;80.0;LAS DAMAS;Vereda;CATALOGO
674;c-2284 f-076.jpg;MASTOS;899.0;1315.0;1041.0;1324.0;1040.0;1367.0;896.0;1357.0;6;c-2284 f-076;-7.556.281.025.894.130;35.558.420.770.602.900;8.571.428.571.428.570;MASATOS;Vereda;CATALOGO
675;c-2284 f-076.jpg;MARACAIBO;1456.0;1311.0;1576.0;1303.0;1577.0;1334.0;1456.0;1343.0;9;c-2284 f-076;-7.554.354.156.509.290;35.559.811.095.255.000;7.777.777.777.777.770;MANACABO;Caño;CATALOGO
676;c-2284 f-076.jpg;STA LUCIA;1639.0;1308.0;1765.0;1302.0;1767.0;1340.0;1640.0;1346.0;9;c-2284 f-076;-7.553.721.091.702.430;35.560.853.838.744.100;7.272.727.272.727.270;SANTA LUCÍA;Caserío;CATALOGO
677;c-2284 f-076.jpg;LAS MARGARITAS;236.0;1360.0;430.0;1352.0;431.0;1379.0;237.0;1387.0;14;c-2284 f-076;-7.558.574.588.555.070;35.542.779.618.266.100;7.142.857.142.857.140;MARGARITAS;Quebrada;CATALOGO
678;c-2284 f-076.jpg;VILLA LIKDA;512.0;1344.0;661.0;1332.0;664.0;1365.0;516.0;1383.0;11;c-2284 f-076;-7.557.619.802.288.980;35.548.340.916.874.700;8.181.818.181.818.180;VILLA LIGIA;Sitio;CATALOGO
679;c-2284 f-076.jpg;LA VICTORIA;571.0;1380.0;771.0;1378.0;771.0;1414.0;571.0;1416.0;11;c-2284 f-076;-7.557.415.699.427.750;3.553.582.799.500.530;7.272.727.272.727.270;VICTORIA;Caño;CATALOGO
680;c-2284 f-076.jpg;MENDARLO;283.0;1401.0;290.0;1536.0;261.0;1537.0;256.0;1402.0;8;c-2284 f-076;-75.584.119.981.402;35.528.528.790.581.500;87.5;MENDARCO;Río;CATALOGO
681;c-2284 f-076.jpg;LA QUINTA;885.0;1414.0;1017.0;1414.0;1017.0;1446.0;885.0;1445.0;9;c-2284 f-076;-7.556.329.457.081.540;35.524.010.235.462.000;7.777.777.777.777.770;LA PUNTA;Sitio;CATALOGO
682;c-2284 f-076.jpg;QUEBRADA EL ASERRADE;1333.0;1457.0;1270.0;1175.0;1317.0;1166.0;1371.0;1446.0;20;c-2284 f-076;-7.554.779.659.084.400;355.090.642.454.513;65.0;;;
683;c-2284 f-076.jpg;BUENA VISTA;582.0;1470.0;742.0;1470.0;742.0;1507.0;582.0;1507.0;11;c-2284 f-076;-7.557.377.646.351.930;35.504.545.690.331.700;7.272.727.272.727.270;BELLA VISTA;Sitio;CATALOGO
684;c-2284 f-076.jpg;LA PRIMAVERA;1445.0;1451.0;1610.0;1447.0;1611.0;1479.0;1445.0;1482.0;12;c-2284 f-076;-7.554.392.209.585.120;35.511.149.732.429.500;7.333.333.333.333.330;NUEVA PRIMAVERA;Vereda;CATALOGO
685;c-2284 f-076.jpg;LA ILUSI;860.0;1493.0;1010.0;1496.0;1009.0;1540.0;859.0;1538.0;8;c-2284 f-076;-7.556.415.941.344.770;35.496.551.323.581.800;80.0;LA ILUSIÓN;Sitio;CATALOGO
686;c-2284 f-076.jpg;LA ESPERANZA;1146.0;1512.0;1299.0;1496.0;1302.0;1525.0;1148.0;1542.0;12;c-2284 f-076;-755.542.656.137.339;35.489.947.281.484.100;75.0;LA ESMERALDA;Vereda;CATALOGO
687;c-2284 f-076.jpg;EL ASERRADE;278.0;1549.0;452.0;1443.0;468.0;1464.0;290.0;1576.0;11;c-2284 f-076;-7.558.429.294.992.840;3.547.708.677.845.160;8.181.818.181.818.180;EL ATERRADO;Sitio;CATALOGO
688;c-2284 f-076.jpg;QUE BRADA EL;1309.0;1526.0;1215.0;1374.0;1255.0;1354.0;1340.0;1499.0;12;c-2284 f-076;-7.554.862.683.977.100;3.548.508.114.520.150;6.923.076.923.076.920;;;
689;c-2284 f-076.jpg;LOS LIRIOS;553.0;1570.0;705.0;1566.0;706.0;1600.0;553.0;1605.0;10;c-2284 f-076;-7.557.477.968.097.280;3.546.978.757.402.780;80.0;LOS LIBROS;Quebrada;CATALOGO
690;c-2284 f-076.jpg;MONTEBELLO;1425.0;1591.0;1424.0;1432.0;1454.0;1432.0;1456.0;1591.0;10;c-2284 f-076;-7.554.461.396.995.700;35.462.488.369.603.900;100.0;MONTEBELLO;Sitio;CATALOGO
691;c-2284 f-076.jpg;LEL AGRADO;521.0;1638.0;666.0;1636.0;667.0;1677.0;521.0;1678.0;10;c-2284 f-076;-7.557.588.667.954.220;35.446.152.054.941.100;80.0;EL GRADO;Sitio;CATALOGO
692;c-2284 f-076.jpg;AGUA FRIA;615.0;1606.0;778.0;1657.0;763.0;1705.0;605.0;1646.0;9;c-2284 f-076;-7.557.263.487.124.460;35.457.274.652.158.400;7.777.777.777.777.770;AGUAFRÍA;Quebrada;CATALOGO
693;c-2284 f-076.jpg;NRK TAR BONALIG;1019.0;1587.0;1235.0;1579.0;1237.0;1627.0;1021.0;1634.0;15;c-2284 f-076;-7.555.865.901.430.610;3.546.387.869.425.610;53.333.333.333.333.300;;;
694;c-2284 f-076.jpg;LOS CERRITOS;86.0;1720.0;277.0;1722.0;277.0;1750.0;85.0;1747.0;12;c-2284 f-076;-7.559.093.494.134.470;3.541.765.039.957.180;8.333.333.333.333.330;LOS CERROS;Sitio;CATALOGO
695;c-2284 f-076.jpg;LA DESPENSA;1521.0;1703.0;1715.0;1700.0;1716.0;1729.0;1521.0;1734.0;11;c-2284 f-076;-7.554.129.297.424.890;3.542.355.927.934.350;100.0;LA DESPENSA;Sitio;CATALOGO
696;c-2284 f-076.jpg;EL SALTOY;95.0;1783.0;273.0;1748.0;275.0;1779.0;102.0;1819.0;9;c-2284 f-076;-7.559.062.359.799.710;35.395.752.786.300.300;8.888.888.888.888.880;EL SALTO;Sitio;CATALOGO
697;c-2284 f-076.jpg;TESDRITO;86.0;1831.0;258.0;1834.0;257.0;1860.0;86.0;1856.0;8;c-2284 f-076;-7.559.093.494.134.470;35.379.068.890.474.400;87.5;TESORITO;Sitio;CATALOGO
698;c-2284 f-076.jpg;CARBONALITO;887.0;1824.0;1106.0;1828.0;1104.0;1870.0;886.0;1865.0;11;c-2284 f-076;-7.556.322.538.340.480;35.381.501.958.615.700;7.272.727.272.727.270;CARRIZALITO;Vereda;CATALOGO
699;c-2284 f-076.jpg;CARBONKLITO;1121.0;1811.0;1269.0;1805.0;1270.0;1840.0;1123.0;1847.0;11;c-2284 f-076;-7.555.513.045.636.620;3.538.602.051.373.520;7.272.727.272.727.270;ARBOLITO;Sitio;CATALOGO
700;c-2284 f-076.jpg;LDS LIRIOS;1399.0;1837.0;1575.0;1818.0;1579.0;1857.0;1401.0;1870.0;10;c-2284 f-076;-755.455.134.062.947;35.376.983.403.496.200;90.0;LOS LIRIOS;Sitio;CATALOGO
701;c-2284 f-076.jpg;QUE BR;972.0;1910.0;1015.0;1978.0;990.0;1991.0;951.0;1922.0;6;c-2284 f-076;-7.556.028.491.845.490;35.351.609.978.594.300;6.666.666.666.666.660;;;
702;c-2284 f-076.jpg;LIBANO;834.0;1951.0;952.0;1951.0;952.0;1977.0;834.0;1977.0;6;c-2284 f-076;-755.650.588.497.854;35.337.359.150.909.700;8.333.333.333.333.330;LÍBANO;Sitio;CATALOGO
703;c-2284 f-076.jpg;LA AGUADA;1033.0;1952.0;1181.0;1954.0;1181.0;1979.0;1033.0;1976.0;9;c-2284 f-076;-7.555.817.470.243.200;353.370.115.697.467;7.272.727.272.727.270;LA PANGUANA;Vereda;CATALOGO
704;c-2284 f-076.jpg;LA VIETA;90.0;1977.0;217.0;1959.0;222.0;1988.0;92.0;2003.0;8;c-2284 f-076;-755.907.965.665.236;3.532.832.204.067.070;75.0;LA OVITA;Sitio;CATALOGO
705;c-2284 f-076.jpg;MARABEL;612.0;1955.0;759.0;1956.0;758.0;1990.0;611.0;1988.0;7;c-2284 f-076;-7.557.273.865.236.050;3.533.596.882.625.750;7.142.857.142.857.140;MARANAL;Caño;CATALOGO
706;c-2284 f-076.jpg;EL PORTICO;93.0;2000.0;244.0;1998.0;244.0;2029.0;93.0;2031.0;10;c-2284 f-076;-7.559.069.278.540.770;35.320.327.673.920.700;80.0;EL CORTIJO;Sitio;CATALOGO
707;c-2284 f-076.jpg;VDA GUANABAND;1457.0;1998.0;1739.0;1996.0;1739.0;2044.0;1457.0;2045.0;13;c-2284 f-076;-755.435.069.713.877;3.532.102.283.624.680;6.923.076.923.076.920;;;
708;c-2284 f-076.jpg;LOS PINOS;601.0;2069.0;738.0;2069.0;738.0;2093.0;601.0;2093.0;9;c-2284 f-076;-7.557.311.918.311.870;35.296.344.573.671.000;7.777.777.777.777.770;LOS MICOS;Loma;CATALOGO
709;c-2284 f-076.jpg;ESCALERA;1105.0;2055.0;1228.0;2008.0;1238.0;2047.0;1114.0;2091.0;8;c-2284 f-076;-7.555.568.395.565.090;35.301.210.709.953.600;100.0;ESCALERA;Caño;CATALOGO
710;c-2284 f-076.jpg;GUASIMAL;95.0;2088.0;270.0;2090.0;270.0;2116.0;95.0;2114.0;8;c-2284 f-076;-7.559.062.359.799.710;3.528.974.053.157.330;75.0;GUAMAL;Sitio;CATALOGO
711;c-2284 f-076.jpg;EL ESPETO;334.0;2089.0;476.0;2091.0;476.0;2125.0;333.0;2122.0;9;c-2284 f-076;-7.558.235.570.243.200;35.289.392.950.410.200;7.777.777.777.777.770;EL ESPINO;Caño;CATALOGO
712;c-2284 f-076.jpg;CARBONAL;1480.0;2080.0;1648.0;2080.0;1648.0;2127.0;1480.0;2125.0;8;c-2284 f-076;-7.554.271.131.616.590;3.529.252.118.087.760;87.5;CARDONAL;Vereda;CATALOGO
713;c-2284 f-076.jpg;LATINANA;71.0;2154.0;243.0;2192.0;236.0;2232.0;68.0;2193.0;8;c-2284 f-076;-7.559.145.384.692.410;352.668.001.748.127;7.777.777.777.777.770;LA TINAJA;Sitio;CATALOGO
714;c-2284 f-076.jpg;LA FLORESTA;327.0;2142.0;481.0;2139.0;482.0;2177.0;328.0;2179.0;11;c-2284 f-076;-755.825.978.583.691;35.270.971.148.769.100;7.272.727.272.727.270;LA FLORIDA;Vereda;CATALOGO
715;c-2284 f-076.jpg;CASA DE ZINE;1687.0;2179.0;1825.0;2167.0;1828.0;2201.0;1687.0;2210.0;12;c-2284 f-076;-7.553.555.041.917.020;3.525.811.064.573.670;8.461.538.461.538.460;CASA DEL ZINC;Sitio;CATALOGO
716;c-2284 f-076.jpg;LA ALBANIA;116.0;2236.0;263.0;2242.0;262.0;2271.0;115.0;2265.0;10;c-2284 f-076;-7.558.989.713.018.590;35.238.298.519.443.400;80.0;LA ALSACIA;Sitio;CATALOGO
717;c-2284 f-076.jpg;QUEBRADA LA;373.0;2234.0;590.0;2191.0;594.0;2219.0;378.0;2260.0;11;c-2284 f-076;-755.810.065.479.256;3.523.899.368.176.950;7.692.307.692.307.690;QUEBRADA SECA;Zanjón;CATALOGO
718;c-2284 f-076.jpg;WDA MEN DARLO CARBONAL VDA BRISAS CARBONAL;368.0;2270.0;1182.0;2270.0;1181.0;2318.0;368.0;2317.0;42;c-2284 f-076;-7.558.117.951.645.200;3.522.648.075.990.010;42.857.142.857.142.800;;;
719;c-2284 f-076.jpg;GUANA BANITO;780.0;2305.0;816.0;2048.0;850.0;2050.0;815.0;2309.0;12;c-2284 f-076;-7.556.692.690.987.120;35.214.315.419.193.700;75.0;JUAN BENITO;Vereda;CATALOGO
720;c-2284 f-076.jpg;CANCHA FUTBOL;144.0;2339.0;350.0;2340.0;350.0;2362.0;144.0;2360.0;13;c-2284 f-076;-7.558.892.850.643.770;3.520.249.765.965.030;6.153.846.153.846.150;;;
721;c-2284 f-076.jpg;MENDARLD CARBONAL;459.0;2335.0;768.0;2343.0;767.0;2374.0;459.0;2365.0;17;c-2284 f-076;-7.557.803.148.927.030;35.203.887.984.302.500;6.470.588.235.294.110;;;
722;c-2284 f-076.jpg;VIGA GRANDE;493.0;2382.0;728.0;2394.0;726.0;2435.0;491.0;2425.0;11;c-2284 f-076;-7.557.685.530.329.040;3.518.755.166.963.960;7.272.727.272.727.270;HOYA GRANDE;Vereda;CATALOGO
723;c-2284 f-076.jpg;LAS PALOMAS;724.0;2378.0;953.0;2367.0;955.0;2408.0;724.0;2420.0;11;c-2284 f-076;-7.556.886.415.736.760;3.518.894.199.429.180;7.272.727.272.727.270;LAS DAMAS;Vereda;CATALOGO
724;c-2284 f-076.jpg;BELLA VISTA;975.0;2349.0;1223.0;2345.0;1224.0;2392.0;977.0;2401.0;11;c-2284 f-076;-7.556.018.113.733.900;35.199.021.848.019.900;100.0;BELLA VISTA;Sitio;CATALOGO
725;c-2284 f-076.jpg;LA ESPERAUNITA;780.0;2431.0;1029.0;2444.0;1025.0;2502.0;776.0;2481.0;14;c-2284 f-076;-7.556.692.690.987.120;35.170.520.192.650.700;7.857.142.857.142.850;LA ESPERANZA;Vereda;CATALOGO
726;c-2284 f-076.jpg;NUDO DE PIEDRA;446.0;2479.0;707.0;2493.0;705.0;2533.0;444.0;2519.0;14;c-2284 f-076;-755.784.812.074.392;3.515.383.629.682.480;7.142.857.142.857.140;CRUZ DE PIEDRA;Cerro;CATALOGO
727;c-2284 f-076.jpg;MIPORDRD LAS DELICIAS;668.0;2567.0;975.0;2564.0;976.0;2603.0;668.0;2604.0;21;c-2284 f-076;-7.557.080.140.486.400;35.123.249.154.477.300;6.666.666.666.666.660;;;
728;c-2284 f-78.jpg;GUATEMALA;347.0;715.0;556.0;579.0;572.0;604.0;360.0;743.0;9;c-2284 f-78;-7.557.930.642.920.960;36.363.979.056.603.700;7.777.777.777.777.770;GUAMALA;Sitio;CATALOGO
729;c-2284 f-78.jpg;VEREDA;1922.0;1143.0;2013.0;1142.0;2013.0;1179.0;1924.0;1178.0;6;c-2284 f-78;-7.553.120.506.323.020;36.232.651.331.046.300;7.142.857.142.857.140;VERADAR;Sitio;CATALOGO
730;c-2284 f-78.jpg;VDA EL PARALSO;916.0;815.0;1216.0;817.0;1215.0;870.0;916.0;867.0;14;c-2284 f-78;-755.619.288.563.574;36.333.295.008.576.300;68.75;;;
731;c-2284 f-78.jpg;DE LA GLORIA;1834.0;864.0;1980.0;866.0;1980.0;905.0;1834.0;903.0;12;c-2284 f-78;-7.553.389.263.161.510;3.631.825.982.504.280;75.0;LA GLORIA;Sitio;CATALOGO
732;c-2284 f-78.jpg;LA PALMERI;191.0;811.0;307.0;821.0;304.0;846.0;189.0;835.0;10;c-2284 f-78;-7.558.407.075.498.280;3.633.452.237.049.740;8.333.333.333.333.330;LA PALMERITA;Sitio;CATALOGO
733;c-2284 f-78.jpg;BEGONIA;1284.0;879.0;1412.0;880.0;1412.0;924.0;1284.0;923.0;7;c-2284 f-78;-7.555.068.993.402.060;3.631.365.721.783.870;7.142.857.142.857.140;BETANIA;Sitio;CATALOGO
734;c-2284 f-78.jpg;PUNTE RALES;242.0;862.0;379.0;876.0;374.0;913.0;238.0;897.0;11;c-2284 f-78;-7.558.251.318.694.150;36.318.873.506.003.400;8.181.818.181.818.180;PUNTARALES;Sitio;CATALOGO
735;c-2284 f-78.jpg;EL PORVENIRA;1751.0;927.0;1892.0;933.0;1891.0;967.0;1750.0;961.0;12;c-2284 f-78;-7.553.642.749.725.080;36.298.928.874.785.500;9.166.666.666.666.660;EL PORVENIR;Sitio;CATALOGO
736;c-2284 f-78.jpg;QUEBRAD;558.0;915.0;625.0;1004.0;606.0;1020.0;536.0;930.0;7;c-2284 f-78;-7.557.286.237.319.580;36.302.610.960.548.800;7.777.777.777.777.770;QUEBRADAS;Vereda;CATALOGO
737;c-2284 f-78.jpg;LA ESPERANZA;610.0;949.0;793.0;946.0;794.0;970.0;610.0;972.0;12;c-2284 f-78;-7.557.127.426.460.480;36.292.178.384.219.500;75.0;LA ESMERALDA;Vereda;CATALOGO
738;c-2284 f-78.jpg;EL BOSQUE EL VERGEVA;1132.0;1019.0;1477.0;1042.0;1473.0;1092.0;1129.0;1065.0;20;c-2284 f-78;-755.553.320.975.945;36.270.699.550.600.300;5.909.090.909.090.900;;;
739;c-2284 f-78.jpg;EL MIRADOR;1733.0;1034.0;1864.0;1032.0;1865.0;1059.0;1733.0;1062.0;10;c-2284 f-78;-7.553.697.722.714.770;36.266.096.943.396.200;100.0;EL MIRADOR;Sitio;CATALOGO
740;c-2284 f-78.jpg;LA ESPERANZA;343.0;982.0;557.0;1006.0;555.0;1038.0;339.0;1014.0;12;c-2284 f-78;-7.557.942.859.140.890;36.282.052.648.370.400;75.0;LA ESMERALDA;Vereda;CATALOGO
741;c-2284 f-78.jpg;BUENA VISTA;1552.0;2312.0;1702.0;2327.0;1698.0;2362.0;1548.0;2351.0;11;c-2284 f-78;-7.554.250.506.666.660;3.587.395.480.960.540;7.272.727.272.727.270;BELLA VISTA;Sitio;CATALOGO
742;c-2284 f-78.jpg;ELRECREO;638.0;1057.0;797.0;1066.0;795.0;1095.0;637.0;1084.0;8;c-2284 f-78;-7.557.041.912.920.960;36.259.039.612.349.900;8.888.888.888.888.880;EL RECREO;Sitio;CATALOGO
743;c-2284 f-78.jpg;RIO TOLONDI;1325.0;1116.0;1472.0;1115.0;1474.0;1151.0;1325.0;1155.0;11;c-2284 f-78;-7.554.943.777.147.760;3.624.093.602.401.370;58.333.333.333.333.300;;;
744;c-2284 f-78.jpg;LI MIRANDA;163.0;1121.0;356.0;1136.0;353.0;1170.0;161.0;1155.0;10;c-2284 f-78;-7.558.492.589.037.800;36.239.401.821.612.300;80.0;LA MIRADA;Sitio;CATALOGO
745;c-2284 f-78.jpg;GUATAVITALE;1162.0;1166.0;1330.0;1166.0;1330.0;1205.0;1162.0;1205.0;11;c-2284 f-78;-7.555.441.588.109.960;36.225.593.999.999.900;8.181.818.181.818.180;GUATAVITA;Sitio;CATALOGO
746;c-2284 f-78.jpg;EL PITAL;1504.0;1168.0;1613.0;1262.0;1587.0;1290.0;1479.0;1197.0;8;c-2284 f-78;-7.554.397.101.305.840;36.224.980.319.039.400;75.0;EL PATA;Laguna;CATALOGO
747;c-2284 f-78.jpg;GUATAVITE;1458.0;1221.0;1454.0;1374.0;1414.0;1373.0;1421.0;1221.0;9;c-2284 f-78;-7.554.537.587.835.050;362.087.177.735.849;8.888.888.888.888.880;GUATAVITA;Sitio;CATALOGO
748;c-2284 f-78.jpg;VDA LAS MESETAS;380.0;1171.0;646.0;1194.0;642.0;1241.0;376.0;1217.0;15;c-2284 f-78;-7.557.829.859.106.520;3.622.405.979.759.860;7.333.333.333.333.330;LAS MESETAS;Quebrada;CATALOGO
749;c-2284 f-78.jpg;STA SOFIA;724.0;1188.0;896.0;1188.0;896.0;1231.0;724.0;1231.0;9;c-2284 f-78;-7.556.779.264.192.440;36.218.843.509.433.900;7.272.727.272.727.270;SANTA SOFÍA;Sitio;CATALOGO
750;c-2284 f-78.jpg;PASTALL;1049.0;1204.0;1140.0;1211.0;1135.0;1244.0;1049.0;1239.0;7;c-2284 f-78;-7.555.786.696.323.020;3.621.393.406.174.950;7.142.857.142.857.140;PASMAL;Sitio;CATALOGO
751;c-2284 f-78.jpg;LA HOCHINDA;1874.0;1269.0;2052.0;1410.0;2032.0;1437.0;1856.0;1298.0;11;c-2284 f-78;-7.553.267.100.962.190;36.193.989.430.531.700;7.272.727.272.727.270;LA HOLANDA;Sitio;CATALOGO
752;c-2284 f-78.jpg;MEYETAS;392.0;1235.0;536.0;1258.0;530.0;1288.0;387.0;1260.0;7;c-2284 f-78;-7.557.793.210.446.730;36.204.422.006.861.000;7.142.857.142.857.140;MESETA;Sitio;CATALOGO
753;c-2284 f-78.jpg;QUEBRADA;310.0;1250.0;496.0;1286.0;489.0;1325.0;304.0;1280.0;8;c-2284 f-78;-7.558.043.642.955.320;36.199.819.399.656.900;7.272.727.272.727.270;QUEBRADITAS;Vereda;CATALOGO
754;c-2284 f-78.jpg;LA ARENOSA;1092.0;1273.0;1221.0;1274.0;1220.0;1303.0;1092.0;1302.0;10;c-2284 f-78;-7.555.655.371.958.760;3.619.276.206.861.060;100.0;LA ARENOSA;Sitio;CATALOGO
755;c-2284 f-78.jpg;APARTE;541.0;1275.0;650.0;1306.0;643.0;1343.0;531.0;1313.0;6;c-2284 f-78;-7.557.338.156.254.290;3.619.214.838.765.000;7.142.857.142.857.140;TAPARTÓ;Reserva Natural;CATALOGO
756;c-2284 f-78.jpg;LA ESPERANMA;1478.0;1299.0;1643.0;1313.0;1639.0;1353.0;1475.0;1339.0;12;c-2284 f-78;-7.554.476.506.735.390;36.184.784.216.123.500;75.0;LA ESMERALDA;Vereda;CATALOGO
757;c-2284 f-78.jpg;MIRAMAR;654.0;1291.0;780.0;1296.0;778.0;1328.0;652.0;1322.0;7;c-2284 f-78;-7.556.993.048.041.230;36.187.238.939.965.700;7.142.857.142.857.140;MIRADOR;Vereda;CATALOGO
758;c-2284 f-78.jpg;VDA BELONIL;1399.0;1317.0;1668.0;1352.0;1664.0;1396.0;1394.0;1367.0;11;c-2284 f-78;-7.554.717.777.079.030;36.179.261.087.478.500;6.363.636.363.636.360;;;
759;c-2284 f-78.jpg;INDA PITALITO;1081.0;1326.0;1257.0;1329.0;1257.0;1353.0;1080.0;1350.0;13;c-2284 f-78;-7.555.688.966.563.570;36.176.499.523.156.000;6.923.076.923.076.920;;;
760;c-2284 f-78.jpg;LAS MINAS;356.0;1317.0;498.0;1334.0;494.0;1360.0;354.0;1343.0;9;c-2284 f-78;-7.557.903.156.426.110;36.179.261.087.478.500;7.777.777.777.777.770;LAS DUNAS;Vereda;CATALOGO
761;c-2284 f-78.jpg;BUENAVISTA;269.0;1356.0;515.0;1368.0;513.0;1405.0;267.0;1392.0;10;c-2284 f-78;-7.558.168.859.209.620;36.167.294.308.747.800;909.090.909.090.909;BUENA VISTA;Sitio;CATALOGO
762;c-2284 f-78.jpg;LAS PALMAS;525.0;1366.0;649.0;1369.0;647.0;1402.0;525.0;1397.0;10;c-2284 f-78;-7.557.387.021.134.010;3.616.422.590.394.510;80.0;LAS DAMAS;Vereda;CATALOGO
763;c-2284 f-78.jpg;FASTOS;1197.0;1388.0;1348.0;1395.0;1346.0;1440.0;1194.0;1432.0;6;c-2284 f-78;-7.555.334.696.185.560;36.157.475.413.379.000;7.142.857.142.857.140;MASATOS;Vereda;CATALOGO
764;c-2284 f-78.jpg;LAS GAVIOTAS;701.0;1481.0;856.0;1486.0;854.0;1523.0;699.0;1516.0;12;c-2284 f-78;-7.556.849.507.457.040;36.128.939.248.713.500;75.0;LAS LAJITAS;Quebrada;CATALOGO
765;c-2284 f-78.jpg;EL KARAKT;1577.0;1517.0;1783.0;1536.0;1777.0;1582.0;1573.0;1555.0;9;c-2284 f-78;-7.554.174.155.292.090;36.117.892.991.423.600;70.0;;;
766;c-2284 f-78.jpg;EL ROBLE;1806.0;1535.0;1919.0;1539.0;1917.0;1572.0;1805.0;1569.0;8;c-2284 f-78;-7.553.474.776.701.030;3.611.236.986.277.870;100.0;EL ROBLE;Caño;CATALOGO
767;c-2284 f-78.jpg;EL JORDAN;327.0;1519.0;466.0;1518.0;466.0;1553.0;327.0;1554.0;9;c-2284 f-78;-7.557.991.724.020.610;36.117.279.310.463.100;7.777.777.777.777.770;EL JARDÍN;Sitio;CATALOGO
768;c-2284 f-78.jpg;HUIS BRISITAGL;542.0;1585.0;789.0;1602.0;786.0;1642.0;540.0;1623.0;14;c-2284 f-78;-7.557.335.102.199.310;36.097.027.838.765.000;50.0;;;
769;c-2284 f-78.jpg;LI ESPERANZA;1135.0;1589.0;1348.0;1591.0;1347.0;1629.0;1135.0;1624.0;12;c-2284 f-78;-7.555.524.047.594.500;36.095.800.476.843.900;9.166.666.666.666.660;LA ESPERANZA;Vereda;CATALOGO
770;c-2284 f-78.jpg;EL GUADUAL;1486.0;1618.0;1677.0;1604.0;1680.0;1647.0;1488.0;1658.0;10;c-2284 f-78;-7.554.452.074.295.530;36.086.902.102.915.900;80.0;EL GUAMAL;Sitio;CATALOGO
771;c-2284 f-78.jpg;VEREDA LA DIMA;1775.0;1658.0;2002.0;1662.0;2001.0;1711.0;1774.0;1705.0;14;c-2284 f-78;-7.553.569.452.405.490;3.607.462.848.370.490;68.75;;;
772;c-2284 f-78.jpg;LA GURMERA;118.0;1590.0;244.0;1600.0;241.0;1625.0;116.0;1615.0;10;c-2284 f-78;-7.558.630.021.512.020;36.095.493.636.363.600;7.272.727.272.727.270;LA PARAMERA;Quebrada;CATALOGO
773;c-2284 f-78.jpg;GURTMAR;1365.0;1683.0;1458.0;1778.0;1430.0;1802.0;1339.0;1711.0;7;c-2284 f-78;-7.554.821.614.948.450;36.066.957.471.698.100;7.142.857.142.857.140;GUIMAR;Sitio;CATALOGO
774;c-2284 f-78.jpg;LA LINDO;202.0;1655.0;297.0;1735.0;277.0;1759.0;182.0;1678.0;8;c-2284 f-78;-7.558.373.480.893.470;360.755.490.051.458;80.0;LA LINDOSA;Sitio;CATALOGO
775;c-2284 f-78.jpg;LAS DELICIAS;631.0;1680.0;761.0;1682.0;760.0;1706.0;630.0;1704.0;12;c-2284 f-78;-7.557.063.291.305.840;36.067.877.993.138.900;100.0;LAS DELICIAS;Zanja;CATALOGO
776;c-2284 f-78.jpg;EL DIVISO;1074.0;1697.0;1181.0;1699.0;1180.0;1730.0;1073.0;1728.0;9;c-2284 f-78;-7.555.710.344.948.450;3.606.266.170.497.420;100.0;EL DIVISO;Sitio;CATALOGO
777;c-2284 f-78.jpg;GURTMIR;1334.0;1692.0;1582.0;1777.0;1570.0;1811.0;1322.0;1742.0;7;c-2284 f-78;-755.491.629.065.292;36.064.195.907.375.600;6.666.666.666.666.660;;;
778;c-2284 f-78.jpg;LISTATO;571.0;1700.0;661.0;1710.0;658.0;1733.0;570.0;1723.0;7;c-2284 f-78;-7.557.246.534.604.810;36.061.741.183.533.400;7.142.857.142.857.140;LISTARÁ;Caserío;CATALOGO
779;c-2284 f-78.jpg;LA TIME;1456.0;1734.0;1619.0;1742.0;1618.0;1768.0;1455.0;1760.0;7;c-2284 f-78;-7.554.543.695.945.010;36.051.308.607.204.100;7.142.857.142.857.140;LA TOMA;Sitio;CATALOGO
780;c-2284 f-78.jpg;APOSENTOS;132.0;1691.0;269.0;1821.0;250.0;1842.0;110.0;1708.0;9;c-2284 f-78;-7.558.587.264.742.260;36.064.502.747.855.900;100.0;APOSENTOS;Caserío;CATALOGO
781;c-2284 f-78.jpg;LA CINA;1552.0;1803.0;1652.0;1806.0;1651.0;1830.0;1551.0;1826.0;7;c-2284 f-78;-7.554.250.506.666.660;36.030.136.614.065.100;75.0;LA CEIBA;Raudal;CATALOGO
782;c-2284 f-78.jpg;LAS VIOLETAS;1162.0;1834.0;1314.0;1839.0;1314.0;1865.0;1161.0;1861.0;12;c-2284 f-78;-7.555.441.588.109.960;3.602.062.455.917.660;75.0;LAS PILITAS;Sitio;CATALOGO
783;c-2284 f-78.jpg;QUEBRADA;930.0;1920.0;996.0;1818.0;1018.0;1831.0;950.0;1934.0;8;c-2284 f-78;-755.615.012.886.598;3.599.423.627.787.300;7.272.727.272.727.270;QUEBRADITAS;Vereda;CATALOGO
784;c-2284 f-78.jpg;VDA LA LINDOSA;435.0;1823.0;750.0;1832.0;749.0;1881.0;433.0;1875.0;14;c-2284 f-78;-7.557.661.886.082.470;36.023.999.804.459.600;7.142.857.142.857.140;LA LINDOSA;Sitio;CATALOGO
785;c-2284 f-78.jpg;SAN ISIDRO;734.0;1845.0;938.0;1847.0;937.0;1879.0;734.0;1875.0;10;c-2284 f-78;-7.556.748.723.642.610;36.017.249.313.893.600;8.333.333.333.333.330;SAN ISIDRO I;Vereda;CATALOGO
786;c-2284 f-78.jpg;JEL DESED;1043.0;1869.0;1173.0;1872.0;1172.0;1899.0;1043.0;1894.0;9;c-2284 f-78;-7.555.805.020.652.920;36.009.885.142.367.000;7.777.777.777.777.770;EL DESEO;Sitio;CATALOGO
787;c-2284 f-78.jpg;EL ALGODO HAI;1295.0;1889.0;1467.0;1997.0;1449.0;2034.0;1273.0;1925.0;13;c-2284 f-78;-7.555.035.398.797.250;3.600.374.833.276.150;7.692.307.692.307.690;EL ALGODONAL;Quebrada;CATALOGO
788;c-2284 f-78.jpg;SAN DIETO;1821.0;1908.0;1969.0;1919.0;1966.0;1958.0;1818.0;1946.0;9;c-2284 f-78;-7.553.428.965.876.280;35.997.918.363.636.300;8.888.888.888.888.880;SAN DIEGO;Quebrada;CATALOGO
789;c-2284 f-78.jpg;QUEOVLADA;1697.0;1932.0;1767.0;1840.0;1793.0;1859.0;1722.0;1952.0;9;c-2284 f-78;-7.553.807.668.694.150;35.990.554.192.109.700;6.666.666.666.666.660;;;
790;c-2284 f-78.jpg;LOS LIRIDS;1139.0;1954.0;1253.0;1961.0;1252.0;1988.0;1137.0;1980.0;10;c-2284 f-78;-755.551.183.137.457;35.983.803.701.543.700;90.0;LOS LIRIOS;Sitio;CATALOGO
791;c-2284 f-78.jpg;EL CAIRO;845.0;1950.0;971.0;1950.0;970.0;1979.0;845.0;1978.0;8;c-2284 f-78;-7.556.409.723.539.520;35.985.031.063.464.800;75.0;EL CAÍDO;Alto;CATALOGO
792;c-2284 f-78.jpg;VDA SANTA RITA;1105.0;1993.0;1356.0;2001.0;1353.0;2048.0;1102.0;2036.0;14;c-2284 f-78;-7.555.615.669.243.980;3.597.183.692.281.300;7.142.857.142.857.140;SANTA RITA;Isla;CATALOGO
793;c-2284 f-78.jpg;CARTAGUAR;1035.0;2001.0;1060.0;1865.0;1086.0;1867.0;1066.0;2006.0;9;c-2284 f-78;-7.555.829.453.092.780;35.969.382.198.970.800;7.777.777.777.777.770;CARAGUA;Vereda;CATALOGO
794;c-2284 f-78.jpg;VA ILUSION;187.0;1971.0;342.0;1986.0;337.0;2024.0;184.0;2011.0;10;c-2284 f-78;-7.558.419.291.718.210;35.978.587.413.379.000;80.0;LA ILUSIÓN;Sitio;CATALOGO
795;c-2284 f-78.jpg;TESORITO;559.0;1999.0;719.0;2003.0;717.0;2040.0;558.0;2032.0;8;c-2284 f-78;-7.557.283.183.264.600;35.969.995.879.931.300;100.0;TESORITO;Sitio;CATALOGO
796;c-2284 f-78.jpg;MONSERRATE;1399.0;2025.0;1609.0;2059.0;1602.0;2095.0;1393.0;2065.0;10;c-2284 f-78;-7.554.717.777.079.030;35.962.018.027.444.200;100.0;MONSERRATE;Vereda;CATALOGO
797;c-2284 f-78.jpg;SANTA RITA;1051.0;2097.0;1214.0;2107.0;1212.0;2137.0;1049.0;2126.0;10;c-2284 f-78;-7.555.780.588.213.050;3.593.992.551.286.440;100.0;SANTA RITA;Isla;CATALOGO
798;c-2284 f-78.jpg;GUADU ALITO;455.0;2106.0;416.0;2288.0;389.0;2282.0;421.0;2100.0;11;c-2284 f-78;-7.557.600.804.982.810;35.937.163.948.542.000;7.272.727.272.727.270;GUAMALITO;Sitio;CATALOGO
799;c-2284 f-78.jpg;EL ACEITUNO;863.0;2132.0;1007.0;2142.0;1005.0;2168.0;861.0;2157.0;11;c-2284 f-78;-7.556.354.750.549.820;3.592.918.609.605.480;7.272.727.272.727.270;EL ARENTINO;Vereda;CATALOGO
800;c-2284 f-78.jpg;QUEBRA DA;1673.0;2169.0;1778.0;2236.0;1761.0;2263.0;1656.0;2194.0;9;c-2284 f-78;-7.553.880.966.013.740;35.917.832.998.284.700;7.777.777.777.777.770;QUEBRADAS;Vereda;CATALOGO
801;c-2284 f-78.jpg;SAILAN;1060.0;2163.0;1131.0;2206.0;1118.0;2227.0;1047.0;2184.0;6;c-2284 f-78;-7.555.753.101.718.210;35.919.674.041.166.300;7.142.857.142.857.140;MARILAN;Sitio;CATALOGO
802;c-2284 f-78.jpg;LA FLORIDA;591.0;2160.0;749.0;2168.0;747.0;2201.0;589.0;2193.0;10;c-2284 f-78;-7.557.185.453.505.150;35.920.594.562.607.200;100.0;LA FLORIDA;Vereda;CATALOGO
803;c-2284 f-78.jpg;SAN ROQUE;917.0;2186.0;1048.0;2202.0;1045.0;2227.0;914.0;2210.0;9;c-2284 f-78;-7.556.189.831.580.750;3.591.261.671.012.000;100.0;SAN ROQUE;Cerro;CATALOGO
804;c-2284 f-78.jpg;BL TESOR;1801.0;2257.0;1913.0;2243.0;1917.0;2280.0;1803.0;2289.0;8;c-2284 f-78;-7.553.490.046.975.940;35.890.831.036.020.500;7.777.777.777.777.770;EL TESORO;Sitio;CATALOGO
805;c-2284 f-78.jpg;LIS LAMITAS;78.0;2242.0;279.0;2260.0;275.0;2293.0;76.0;2273.0;11;c-2284 f-78;-7.558.752.183.711.340;35.895.433.643.224.700;8.181.818.181.818.180;LAS LAJITAS;Quebrada;CATALOGO
806;c-2284 f-78.jpg;SAN JUAN;1401.0;2311.0;1595.0;2417.0;1576.0;2457.0;1383.0;2346.0;8;c-2284 f-78;-7.554.711.668.969.070;35.874.261.650.085.700;100.0;SAN JUAN;Isla;CATALOGO
807;c-2284 f-78.jpg;LA PRIMAVERA;1175.0;2412.0;1402.0;2439.0;1396.0;2478.0;1169.0;2444.0;12;c-2284 f-78;-7.555.401.885.395.180;35.843.270.761.578.000;7.333.333.333.333.330;NUEVA PRIMAVERA;Vereda;CATALOGO
808;c-2284 f-78.jpg;MERARELI;1779.0;2431.0;1892.0;2443.0;1890.0;2467.0;1777.0;2455.0;8;c-2284 f-78;-7.553.557.236.185.560;3.583.744.079.245.280;62.5;;;
809;c-2284 f-78.jpg;ALTA GRACIA;1648.0;2475.0;1812.0;2482.0;1811.0;2507.0;1647.0;2500.0;11;c-2284 f-78;-7.553.957.317.388.310;3.582.393.981.132.070;909.090.909.090.909;ALTAGRACIA;Sitio;CATALOGO
810;C-1256_F-328.jpg;LA PASTA;1814.0;269.0;2011.0;257.0;2014.0;301.0;1815.0;314.0;8;C-1256_F-328;-7.556.398.898.126.460;38.522.813.458.068.800;75.0;LA PUNTA;Sitio;CATALOGO
811;C-1256_F-328.jpg;LA CIMA;1979.0;282.0;2112.0;271.0;2115.0;308.0;1980.0;319.0;7;C-1256_F-328;-755.585.206.030.445;3.851.848.979.619.110;75.0;LA CEIBA;Raudal;CATALOGO
812;C-1256_F-328.jpg;IL PERDO;1681.0;366.0;1816.0;356.0;1818.0;389.0;1683.0;402.0;8;C-1256_F-328;-7.556.839.682.552.690;3.849.055.228.867.350;75.0;EL PERRO;Caño;CATALOGO
813;C-1256_F-328.jpg;BLA PRADERA;2256.0;299.0;2437.0;283.0;2440.0;319.0;2258.0;334.0;11;C-1256_F-328;-7.554.934.035.597.180;38.512.835.776.812.500;909.090.909.090.909;LA PRADERA;Sitio;CATALOGO
814;C-1256_F-328.jpg;EL CHINAL;2127.0;381.0;2280.0;370.0;2283.0;405.0;2129.0;417.0;9;C-1256_F-328;-7.555.361.563.348.940;3.848.556.344.804.540;7.777.777.777.777.770;EL CHUPAL;Vereda;CATALOGO
815;C-1256_F-328.jpg;VELCOLEGA;1398.0;535.0;1422.0;392.0;1460.0;398.0;1435.0;542.0;9;C-1256_F-328;-7.557.777.592.271.660;3.843.434.468.426.320;6.666.666.666.666.660;;;
816;C-1256_F-328.jpg;CHINAL;1717.0;509.0;1860.0;461.0;1875.0;504.0;1731.0;551.0;6;C-1256_F-328;-7.556.720.372.482.430;3.844.299.200.801.870;7.142.857.142.857.140;CHONTAL;Río;CATALOGO
817;C-1256_F-328.jpg;LAS DELICIAS;1881.0;519.0;2063.0;504.0;2066.0;538.0;1884.0;555.0;12;C-1256_F-328;-7.556.176.848.829.040;3.843.966.611.426.660;100.0;LAS DELICIAS;Zanja;CATALOGO
818;C-1256_F-328.jpg;MIRD BEILO;1616.0;690.0;1810.0;655.0;1817.0;690.0;1622.0;727.0;10;C-1256_F-328;-7.557.055.103.512.870;38.382.793.331.105.900;80.0;MIRO BELLO;Sitio;CATALOGO
819;C-1256_F-328.jpg;BELLAS PAVAS;1544.0;754.0;1791.0;697.0;1801.0;739.0;1553.0;795.0;12;C-1256_F-328;-7.557.293.723.653.390;3.836.150.761.109.250;75.0;LAS PAVAS;Sitio;CATALOGO
820;C-1256_F-328.jpg;LUXEMBURGO;1806.0;785.0;2041.0;766.0;2045.0;806.0;1811.0;832.0;10;C-1256_F-328;-7.556.425.411.475.400;3.835.119.734.046.100;100.0;LUXEMBURGO;Sitio;CATALOGO
821;C-1256_F-328.jpg;MIROLINIID;1482.0;881.0;1695.0;815.0;1709.0;861.0;1495.0;923.0;10;C-1256_F-328;-7.557.499.202.107.720;38.319.268.760.441.000;70.0;;;
822;C-1256_F-328.jpg;MIROLINDO LA LORENDO;1550.0;937.0;1979.0;890.0;1986.0;939.0;1556.0;991.0;20;C-1256_F-328;-7.557.273.838.641.680;38.300.643.755.429.300;60.0;;;
823;C-1256_F-328.jpg;LA PRONUNCIA;1145.0;1100.0;1309.0;1081.0;1313.0;1113.0;1146.0;1133.0;12;C-1256_F-328;-7.558.616.076.932.080;38.246.431.687.270.200;8.333.333.333.333.330;LA PROVINCIA;Sitio;CATALOGO
824;C-1256_F-328.jpg;REFORMA;1442.0;1187.0;1575.0;1173.0;1578.0;1203.0;1445.0;1215.0;7;C-1256_F-328;-7.557.631.768.852.450;38.217.496.411.627.100;100.0;REFORMA;Sitio;CATALOGO
825;C-1256_F-328.jpg;TETRAL;1693.0;1162.0;1817.0;1061.0;1851.0;1100.0;1724.0;1204.0;6;C-1256_F-328;-7.556.799.912.529.270;38.225.811.146.007.300;8.571.428.571.428.570;TETERAL;Quebrada;CATALOGO
826;C-1256_F-328.jpg;JEL IT RIO;454.0;1508.0;592.0;1485.0;598.0;1522.0;461.0;1545.0;10;C-1256_F-328;-7.560.906.167.447.300;38.110.735.222.185.000;6.363.636.363.636.360;;;
827;C-1256_F-328.jpg;AROCHE;1497.0;1377.0;1614.0;1354.0;1621.0;1392.0;1503.0;1413.0;6;C-1256_F-328;-7.557.449.489.578.450;38.154.304.430.337.400;7.142.857.142.857.140;ARCACHE;Vereda;CATALOGO
828;C-1256_F-328.jpg;EL LANVENTA;1659.0;1483.0;1912.0;1356.0;1935.0;1404.0;1682.0;1529.0;11;C-1256_F-328;-7.556.912.594.262.290;38.119.049.956.565.300;7.272.727.272.727.270;EL CONVENTO;Sitio;CATALOGO
829;C-1256_F-328.jpg;CORINTO;597.0;1718.0;818.0;1678.0;826.0;1719.0;603.0;1762.0;7;C-1256_F-328;-7.560.432.241.334.890;3.804.089.145.339.120;7.142.857.142.857.140;COROATO;Sabana;CATALOGO
830;C-1256_F-328.jpg;AR ESMERALDA;793.0;1698.0;1066.0;1676.0;1072.0;1723.0;799.0;1754.0;12;C-1256_F-328;-7.559.782.664.285.710;38.047.543.240.895.400;8.333.333.333.333.330;LA ESMERALDA;Vereda;CATALOGO
831;C-1256_F-328.jpg;VERA CRUZ;1718.0;1576.0;1886.0;1553.0;1891.0;1592.0;1722.0;1616.0;9;C-1256_F-328;-7.556.717.058.313.810;38.088.119.144.670.800;7.777.777.777.777.770;VERACRÚZ;Sitio;CATALOGO
832;C-1256_F-328.jpg;VEGA CHIQUITA OMARAVALES;756.0;1752.0;1392.0;1690.0;1398.0;1740.0;762.0;1810.0;24;C-1256_F-328;-7.559.905.288.524.590;3.802.958.341.463.410;4.583.333.333.333.330;;;
833;C-1256_F-328.jpg;BUEN GUSTO;1551.0;1640.0;1736.0;1610.0;1742.0;1643.0;1556.0;1675.0;10;C-1256_F-328;-755.727.052.447.307;38.066.833.424.657.500;7.272.727.272.727.270;BUEN PASTOR;Sitio;CATALOGO
834;C-1256_F-328.jpg;LOPINTO;653.0;1805.0;769.0;1785.0;775.0;1818.0;658.0;1840.0;7;C-1256_F-328;-7.560.246.647.892.270;38.011.956.177.748.000;7.142.857.142.857.140;CORINTO;Sitio;CATALOGO
835;C-1256_F-328.jpg;EL DIRMANTE;702.0;1924.0;883.0;1901.0;887.0;1935.0;707.0;1958.0;11;C-1256_F-328;-7.560.084.253.629.970;3.797.237.804.209.820;909.090.909.090.909;EL DIAMANTE;Sitio;CATALOGO
836;C-1256_F-328.jpg;LA ESMERALDA;1088.0;1866.0;1301.0;1847.0;1304.0;1885.0;1091.0;1904.0;12;C-1256_F-328;-7.558.804.984.543.320;3.799.166.822.586.030;100.0;LA ESMERALDA;Vereda;CATALOGO
837;C-1256_F-328.jpg;LA DIESPELLSA;1696.0;1833.0;1888.0;1757.0;1898.0;1786.0;1706.0;1863.0;13;C-1256_F-328;-7.556.789.970.023.420;38.002.643.675.242.200;7.692.307.692.307.690;LA DESPENSA;Sitio;CATALOGO
838;C-1256_F-328.jpg;LAMISA;1665.0;1873.0;1727.0;2041.0;1684.0;2057.0;1619.0;1890.0;6;C-1256_F-328;-7.556.892.709.250.580;37.989.340.100.233.800;7.142.857.142.857.140;LA ISLA;Raudal;CATALOGO
839;C-1256_F-328.jpg;IA DESPENSA;1686.0;1886.0;1877.0;1850.0;1885.0;1884.0;1693.0;1922.0;11;C-1256_F-328;-7.556.823.111.709.600;37.985.016.438.356.100;909.090.909.090.909;LA DESPENSA;Sitio;CATALOGO
840;C-1256_F-328.jpg;BUENAVISTA;442.0;2089.0;623.0;2071.0;625.0;2111.0;445.0;2131.0;10;C-1256_F-328;-7.560.945.937.470.720;37.917.500.795.188.700;909.090.909.090.909;BUENA VISTA;Sitio;CATALOGO
841;C-1256_F-328.jpg;EL CARACOL;1012.0;2071.0;1216.0;2048.0;1221.0;2085.0;1017.0;2109.0;10;C-1256_F-328;-7.559.056.861.358.310;3.792.348.740.394.250;7.272.727.272.727.270;LA CARACOLA;Sitio;CATALOGO
842;C-1256_F-328.jpg;EL PENSAMIENTO;1264.0;2099.0;1525.0;2077.0;1529.0;2117.0;1267.0;2142.0;14;C-1256_F-328;-7.558.221.690.866.500;3.791.417.490.143.660;7.857.142.857.142.850;PENSAMIENTO;Sitio;CATALOGO
843;C-1256_F-328.jpg;OLA ALDEA;708.0;2243.0;864.0;2243.0;865.0;2283.0;708.0;2285.0;9;C-1256_F-328;-7.560.064.368.618.260;37.866.282.031.406.600;8.888.888.888.888.880;LA ALDEA;Sitio;CATALOGO
844;C-1256_F-328.jpg;ARGENTINA;1024.0;2194.0;1186.0;2173.0;1191.0;2209.0;1028.0;2230.0;9;C-1256_F-328;-7.559.017.091.334.890;3.788.257.891.079.180;75.0;LA ARGENTINA;Sitio;CATALOGO
845;C-1256_F-328.jpg;LAS BRISAS;574.0;2343.0;728.0;2330.0;731.0;2366.0;577.0;2382.0;10;C-1256_F-328;-7.560.508.467.213.110;37.833.023.093.885.700;100.0;LAS BRISAS;Sitio;CATALOGO
846;C-1256_F-328.jpg;LAESPERANZA MIEL MORAL;931.0;2385.0;1377.0;2354.0;1380.0;2398.0;934.0;2429.0;22;C-1256_F-328;-7.559.325.309.016.390;3.781.905.434.012.690;6.086.956.521.739.130;;;
847;C-1256_F-328.jpg;EL BRICE;838.0;2482.0;1048.0;2450.0;1055.0;2498.0;844.0;2527.0;8;C-1256_F-328;-7.559.633.526.697.890;37.786.793.170.731.600;75.0;EL BROCO;Sitio;CATALOGO
848;C-1256_F-328.jpg;LOS NARANJOS;1376.0;2473.0;1594.0;2441.0;1599.0;2479.0;1382.0;2510.0;12;C-1256_F-328;-7.557.850.503.981.260;3.778.978.647.510.850;100.0;LOS NARANJOS;Caserío;CATALOGO
849;C-1256_F-328.jpg;LA SOLEDAD;827.0;2588.0;1006.0;2561.0;1011.0;2598.0;833.0;2626.0;10;C-1256_F-328;-7.559.669.982.552.690;37.751.538.696.959.500;100.0;LA SOLEDAD;Sitio;CATALOGO
850;c-1917 f-090.jpg;MESETAS;804.0;188.0;882.0;196.0;879.0;226.0;801.0;218.0;7;c-1917 f-090;-7.551.763.416.655.000;38.941.995.802.292.200;8.571.428.571.428.570;MESETA;Sitio;CATALOGO
851;c-1917 f-090.jpg;BALCONES;714.0;294.0;846.0;298.0;845.0;325.0;713.0;320.0;8;c-1917 f-090;-7.552.032.922.253.320;3.891.010.886.103.150;100.0;BALCONES;Sitio;CATALOGO
852;c-1917 f-090.jpg;LOS CUCHARAL;1241.0;296.0;1391.0;306.0;1390.0;336.0;1239.0;327.0;12;c-1917 f-090;-7.550.454.817.249.820;38.909.507.220.630.300;75.0;EL CUCHARAL;Sitio;CATALOGO
853;c-1917 f-090.jpg;CARRASPOJO;1138.0;338.0;1393.0;336.0;1394.0;377.0;1138.0;380.0;10;c-1917 f-090;-7.550.763.251.434.560;38.896.872.772.206.300;7.272.727.272.727.270;CARRASPOZAL;Sitio;CATALOGO
854;c-1917 f-090.jpg;LA ESPERANZA;1826.0;1707.0;2007.0;1713.0;2006.0;1737.0;1825.0;1731.0;12;c-1917 f-090;-7.548.703.030.860.740;3.848.504.991.762.170;75.0;LA ESMERALDA;Vereda;CATALOGO
855;c-1917 f-090.jpg;EL MIRADOR;2040.0;335.0;2228.0;337.0;2228.0;373.0;2040.0;369.0;10;c-1917 f-090;-7.548.062.206.438.060;38.897.775.232.808.000;100.0;EL MIRADOR;Sitio;CATALOGO
856;c-1917 f-090.jpg;VENTARRO HA;841.0;367.0;994.0;370.0;993.0;402.0;840.0;399.0;11;c-1917 f-090;-7.551.652.619.909.020;38.888.148.986.389.600;6.363.636.363.636.360;;;
857;c-1917 f-090.jpg;LOS MANGOS;927.0;1643.0;1098.0;1636.0;1099.0;1664.0;927.0;1671.0;10;c-1917 f-090;-7.551.395.092.337.290;38.504.302.410.458.400;7.272.727.272.727.270;LOS CANELOS;Sitio;CATALOGO
858;c-1917 f-090.jpg;BUENOS AIRELA;1166.0;397.0;1372.0;401.0;1372.0;427.0;1166.0;422.0;13;c-1917 f-090;-7.550.679.405.248.420;38.879.124.380.372.400;8.461.538.461.538.460;BUENOS AIRES;Vereda;CATALOGO
859;c-1917 f-090.jpg;SAN ISIDRO;1282.0;427.0;1418.0;433.0;1417.0;454.0;1281.0;449.0;10;c-1917 f-090;-7.550.332.042.477.250;388.700.997.743.553;8.333.333.333.333.330;SAN ISIDRO I;Vereda;CATALOGO
860;c-1917 f-090.jpg;BUENAVISTA;1472.0;898.0;1631.0;908.0;1629.0;933.0;1472.0;922.0;10;c-1917 f-090;-7.549.763.086.214.130;3.872.841.345.988.530;909.090.909.090.909;BUENA VISTA;Sitio;CATALOGO
861;c-1917 f-090.jpg;LA ESMERALDA;1267.0;469.0;1460.0;481.0;1458.0;502.0;1266.0;490.0;12;c-1917 f-090;-7.550.376.960.076.970;38.857.465.325.931.200;100.0;LA ESMERALDA;Vereda;CATALOGO
862;c-1917 f-090.jpg;EL ROCIO;1917.0;489.0;2033.0;493.0;2033.0;514.0;1917.0;510.0;8;c-1917 f-090;-7.548.430.530.755.770;3.885.144.892.191.970;75.0;EL COCO;Caño;CATALOGO
863;c-1917 f-090.jpg;LUNARAJOS;737.0;479.0;918.0;484.0;917.0;507.0;737.0;501.0;9;c-1917 f-090;-7.551.964.048.600.410;38.854.457.123.925.400;6.666.666.666.666.660;;;
864;c-1917 f-090.jpg;LIGURIA;1233.0;515.0;1383.0;520.0;1382.0;542.0;1233.0;535.0;7;c-1917 f-090;-7.550.478.773.303.000;38.843.627.596.704.800;7.142.857.142.857.140;LIBERIA;Sitio;CATALOGO
865;c-1917 f-090.jpg;VAL LA COMARCA;1621.0;510.0;1901.0;357.0;1926.0;405.0;1645.0;557.0;14;c-1917 f-090;-7.549.316.904.723.580;38.845.131.697.707.700;7.142.857.142.857.140;LA COMARCA;Sitio;CATALOGO
866;c-1917 f-090.jpg;ANTONIO;1535.0;529.0;1615.0;432.0;1636.0;448.0;1555.0;546.0;7;c-1917 f-090;-7.549.574.432.295.310;38.839.416.113.896.800;8.571.428.571.428.570;ANTONIA;Quebrada;CATALOGO
867;c-1917 f-090.jpg;CAMPO HERKELL;1868.0;543.0;2052.0;546.0;2051.0;570.0;1868.0;567.0;13;c-1917 f-090;-7.548.577.261.581.520;38.835.204.631.088.800;7.692.307.692.307.690;CAMPO VERGEL;Sitio;CATALOGO
868;c-1917 f-090.jpg;ELTRIM;2214.0;544.0;2352.0;551.0;2351.0;574.0;2213.0;567.0;6;c-1917 f-090;-7.547.541.162.281.310;38.834.903.810.888.200;7.142.857.142.857.140;EL TRIN;Quebrada;CATALOGO
869;c-1917 f-090.jpg;LA PRIMA;954.0;542.0;1071.0;542.0;1071.0;565.0;954.0;565.0;8;c-1917 f-090;-7.551.314.240.657.800;388.355.054.512.894;75.0;LA PALMA;Sitio;CATALOGO
870;c-1917 f-090.jpg;ENKELHARRISO;2280.0;577.0;2461.0;585.0;2460.0;608.0;2280.0;599.0;12;c-1917 f-090;-7.547.343.524.842.540;38.824.976.744.269.300;58.333.333.333.333.300;;;
871;c-1917 f-090.jpg;ELDIVINO;1096.0;574.0;1209.0;577.0;1209.0;601.0;1095.0;600.0;8;c-1917 f-090;-7.550.889.020.713.780;38.825.879.204.871.000;75.0;EL VINO;Quebrada;CATALOGO
872;c-1917 f-090.jpg;LALIPERUNZA;2254.0;599.0;2440.0;606.0;2439.0;630.0;2253.0;623.0;11;c-1917 f-090;-7.547.421.382.015.390;38.818.358.699.856.700;6.666.666.666.666.660;;;
873;c-1917 f-090.jpg;LAESPERANZA;1140.0;597.0;1316.0;601.0;1316.0;621.0;1140.0;616.0;11;c-1917 f-090;-7.550.757.262.421.270;3.881.896.034.025.780;9.166.666.666.666.660;LA ESPERANZA;Vereda;CATALOGO
874;c-1917 f-090.jpg;ELPIRIER;2346.0;631.0;2480.0;638.0;2479.0;661.0;2346.0;654.0;8;c-1917 f-090;-7.547.145.887.403.770;388.087.324.534.384;6.363.636.363.636.360;;;
875;c-1917 f-090.jpg;LA AURORA;1048.0;613.0;1177.0;621.0;1175.0;645.0;1047.0;636.0;9;c-1917 f-090;-755.103.275.703.289;38.814.147.217.048.700;100.0;LA AURORA;Sitio;CATALOGO
876;c-1917 f-090.jpg;EL JIVISO;904.0;634.0;1014.0;638.0;1013.0;660.0;904.0;656.0;9;c-1917 f-090;-7.551.463.965.990.200;38.807.829.992.836.600;8.888.888.888.888.880;EL DIVISO;Sitio;CATALOGO
877;c-1917 f-090.jpg;LITUANIA;994.0;735.0;1152.0;743.0;1150.0;779.0;992.0;772.0;8;c-1917 f-090;-755.119.446.039.188;387.774.471.525.788;75.0;LIMBANIA;Quebrada;CATALOGO
878;c-1917 f-090.jpg;LA ALBANIA;1264.0;1909.0;1476.0;1907.0;1477.0;1942.0;1264.0;1945.0;10;c-1917 f-090;-755.038.594.359.692;38.424.284.237.106.000;80.0;LA ALSACIA;Sitio;CATALOGO
879;c-1917 f-090.jpg;EL LIMON;590.0;734.0;747.0;735.0;747.0;761.0;590.0;760.0;8;c-1917 f-090;-7.552.404.241.077.670;3.877.774.797.277.930;87.5;EL LIMÓN;Vereda;CATALOGO
880;c-1917 f-090.jpg;SAH PABLO;1150.0;758.0;1323.0;761.0;1322.0;798.0;1149.0;795.0;9;c-1917 f-090;-7.550.727.317.354.790;38.770.528.287.965.600;8.888.888.888.888.880;SAN PABLO;Sitio;CATALOGO
881;c-1917 f-090.jpg;BARRIA LOS;1609.0;784.0;1928.0;569.0;1964.0;627.0;1641.0;834.0;10;c-1917 f-090;-7.549.352.838.803.350;38.762.706.962.750.700;80.0;BARRIALOSA;Quebrada;CATALOGO
882;c-1917 f-090.jpg;PATIO BONITO;1704.0;792.0;1917.0;805.0;1915.0;832.0;1704.0;815.0;12;c-1917 f-090;-75.490.683.606.718;38.760.300.401.146.100;100.0;PATIO BONITO;Vereda;CATALOGO
883;c-1917 f-090.jpg;CASAVERDE;739.0;781.0;859.0;781.0;859.0;801.0;739.0;799.0;9;c-1917 f-090;-7.551.958.059.587.120;38.763.609.423.352.400;7.777.777.777.777.770;CASANERE;Sitio;CATALOGO
884;c-1917 f-090.jpg;SM PEDROL;1060.0;855.0;1275.0;873.0;1272.0;908.0;1057.0;890.0;9;c-1917 f-090;-7.550.996.822.953.110;38.741.348.728.510.000;70.0;;;
885;c-1917 f-090.jpg;LOS OLIVOS;1695.0;864.0;1854.0;868.0;1853.0;896.0;1694.0;889.0;10;c-1917 f-090;-7.549.095.311.231.620;38.738.641.346.704.800;7.272.727.272.727.270;LOS COLONOS;Caserío;CATALOGO
886;c-1917 f-090.jpg;PLESET AUS;2010.0;878.0;2177.0;884.0;2176.0;907.0;2010.0;899.0;10;c-1917 f-090;-7.548.152.041.637.500;38.734.429.863.896.800;60.0;;;
887;c-1917 f-090.jpg;EL PORVENIR;2385.0;1421.0;2540.0;1423.0;2539.0;1450.0;2384.0;1447.0;11;c-1917 f-090;-7.547.029.101.644.500;38.571.084.494.985.600;100.0;EL PORVENIR;Sitio;CATALOGO
888;c-1917 f-090.jpg;LAURELES;760.0;880.0;898.0;887.0;895.0;921.0;757.0;911.0;8;c-1917 f-090;-7.551.895.174.947.510;38.733.828.223.495.600;100.0;LAURELES;Sitio;CATALOGO
889;c-1917 f-090.jpg;MONIERROTE;508.0;900.0;662.0;900.0;662.0;922.0;508.0;922.0;10;c-1917 f-090;-7.552.649.790.622.810;3.872.781.181.948.420;80.0;MONSERRATE;Vereda;CATALOGO
890;c-1917 f-090.jpg;LA BARRANCA;876.0;900.0;1094.0;914.0;1093.0;939.0;874.0;925.0;11;c-1917 f-090;-7.551.547.812.176.340;3.872.781.181.948.420;7.272.727.272.727.270;LA SERRANÍA;Caño;CATALOGO
891;c-1917 f-090.jpg;LA ELBA;2052.0;909.0;2175.0;913.0;2174.0;938.0;2052.0;933.0;7;c-1917 f-090;-7.548.026.272.358.290;38.725.104.437.679.000;75.0;LA CEIBA;Raudal;CATALOGO
892;c-1917 f-090.jpg;SAN ISIDRO;1735.0;927.0;1902.0;928.0;1902.0;959.0;1734.0;957.0;10;c-1917 f-090;-754.897.553.096.571;38.719.689.674.068.700;8.333.333.333.333.330;SAN ISIDRO I;Vereda;CATALOGO
893;c-1917 f-090.jpg;TIRICO;2027.0;936.0;2155.0;939.0;2155.0;960.0;2026.0;956.0;6;c-1917 f-090;-7.548.101.135.024.490;38.716.982.292.263.600;7.142.857.142.857.140;IBIRICO;Sabana;CATALOGO
894;c-1917 f-090.jpg;ELTROCHDIRG;2203.0;932.0;2391.0;940.0;2390.0;970.0;2202.0;962.0;11;c-1917 f-090;-7.547.574.101.854.440;38.718.185.573.065.900;6.666.666.666.666.660;;;
895;c-1917 f-090.jpg;LA MIRRNDR;511.0;922.0;687.0;919.0;687.0;942.0;511.0;944.0;10;c-1917 f-090;-7.552.640.807.102.860;38.721.193.775.071.600;80.0;LA MIRANDA;Serranía;CATALOGO
896;c-1917 f-090.jpg;MANZANAREL;655.0;939.0;840.0;939.0;840.0;964.0;655.0;962.0;10;c-1917 f-090;-7.552.209.598.145.550;38.716.079.831.661.800;90.0;MANZANARES;Sitio;CATALOGO
897;c-1917 f-090.jpg;ELPOQUENLR;961.0;940.0;1096.0;947.0;1095.0;968.0;961.0;961.0;10;c-1917 f-090;-7.551.293.279.111.260;38.715.779.011.461.300;6.363.636.363.636.360;;;
898;c-1917 f-090.jpg;ELTOLMAIL;1689.0;972.0;1852.0;979.0;1850.0;1017.0;1687.0;1009.0;9;c-1917 f-090;-7.549.113.278.271.510;38.706.152.765.042.900;6.666.666.666.666.660;;;
899;c-1917 f-090.jpg;EL INSLANS;2184.0;969.0;2347.0;974.0;2346.0;999.0;2184.0;993.0;10;c-1917 f-090;-7.547.630.997.480.750;387.070.552.256.447;70.0;;;
900;c-1917 f-090.jpg;ZEL CRISOL;786.0;976.0;950.0;977.0;950.0;1001.0;786.0;999.0;10;c-1917 f-090;-7.551.817.317.774.660;38.704.949.484.240.600;90.0;EL CRISOL;Sitio;CATALOGO
901;c-1917 f-090.jpg;MARADLI AY;939.0;963.0;1094.0;970.0;1093.0;992.0;938.0;985.0;10;c-1917 f-090;-7.551.359.158.257.520;38.708.860.146.848.100;60.0;;;
902;c-1917 f-090.jpg;MIRADOR;1012.0;989.0;1160.0;994.0;1159.0;1015.0;1011.0;1010.0;7;c-1917 f-090;-7.551.140.559.272.210;38.701.038.821.633.200;100.0;MIRADOR;Vereda;CATALOGO
903;c-1917 f-090.jpg;RIFLEYO;1152.0;976.0;1242.0;975.0;1242.0;998.0;1153.0;999.0;7;c-1917 f-090;-7.550.721.328.341.490;38.704.949.484.240.600;7.142.857.142.857.140;RIFLES;Sitio;CATALOGO
904;c-1917 f-090.jpg;LOS CAUCHOS;1510.0;981.0;1664.0;988.0;1663.0;1011.0;1509.0;1004.0;11;c-1917 f-090;-7.549.649.294.961.510;38.703.445.383.237.800;7.272.727.272.727.270;LOS CAÑOS;Vereda;CATALOGO
905;c-1917 f-090.jpg;JUINTES;1954.0;1003.0;2203.0;1111.0;2179.0;1164.0;1938.0;1054.0;7;c-1917 f-090;-7.548.319.734.009.790;38.696.827.338.825.200;7.142.857.142.857.140;JUANES;Sitio;CATALOGO
906;c-1917 f-090.jpg;ELBOSQUELE;958.0;1005.0;1139.0;1013.0;1138.0;1034.0;958.0;1026.0;10;c-1917 f-090;-7.551.302.262.631.210;38.696.225.698.424.000;7.272.727.272.727.270;EL ROSQUETE;Caserío;CATALOGO
907;c-1917 f-090.jpg;IRCANIA;2099.0;1024.0;2212.0;1025.0;2212.0;1047.0;2099.0;1046.0;7;c-1917 f-090;-7.547.885.530.545.830;38.690.510.114.613.100;75.0;CIRCACIA;Cerro;CATALOGO
908;c-1917 f-090.jpg;LFINLANDIA;1215.0;1020.0;1401.0;1019.0;1401.0;1051.0;1216.0;1054.0;10;c-1917 f-090;-7.550.532.674.422.670;38.691.713.395.415.400;7.272.727.272.727.270;LLANOLANDIA;Sitio;CATALOGO
909;c-1917 f-090.jpg;FILO DRANTIS;2348.0;1035.0;2542.0;1035.0;2542.0;1059.0;2348.0;1058.0;12;c-1917 f-090;-754.713.989.839.048;3.868.720.109.240.680;58.333.333.333.333.300;;;
910;c-1917 f-090.jpg;INVICENTE;1024.0;1037.0;1206.0;1040.0;1205.0;1062.0;1024.0;1058.0;9;c-1917 f-090;-7.551.104.625.192.440;3.868.659.945.200.570;7.272.727.272.727.270;SAN VICENTE;Vereda;CATALOGO
911;c-1917 f-090.jpg;AL CAMPO ALEGRE;940.0;1058.0;1145.0;1059.0;1145.0;1081.0;940.0;1079.0;15;c-1917 f-090;-7.551.356.163.750.870;386.802.822.277.937;80.0;CAMPO ALEGRE;Vereda;CATALOGO
912;c-1917 f-090.jpg;EL LU GO;932.0;1076.0;1077.0;1079.0;1077.0;1102.0;932.0;1101.0;8;c-1917 f-090;-7.551.380.119.804.050;3.867.486.746.418.330;75.0;EL ZUNGO;Caserío;CATALOGO
913;c-1917 f-090.jpg;DUARUMAL;1861.0;1111.0;2039.0;1121.0;2037.0;1155.0;1858.0;1141.0;8;c-1917 f-090;-7.548.598.223.128.060;3.866.433.875.716.330;75.0;UARUMA;Isla;CATALOGO
914;c-1917 f-090.jpg;GUIMARAL;823.0;1086.0;964.0;1092.0;963.0;1119.0;822.0;1112.0;8;c-1917 f-090;-7.551.706.521.028.690;38.671.859.262.177.600;75.0;CUMARAL;Laguna;CATALOGO
915;c-1917 f-090.jpg;EL MIRADOR;1031.0;1105.0;1155.0;1102.0;1156.0;1121.0;1031.0;1124.0;10;c-1917 f-090;-7.551.083.663.645.900;3.866.614.367.836.670;100.0;EL MIRADOR;Sitio;CATALOGO
916;c-1917 f-090.jpg;GALAXIA;735.0;1117.0;886.0;1115.0;886.0;1137.0;736.0;1139.0;7;c-1917 f-090;-7.551.970.037.613.710;38.662.533.835.959.800;7.142.857.142.857.140;GALICIA;Sitio;CATALOGO
917;c-1917 f-090.jpg;LAS MARGALIZ;975.0;1124.0;1083.0;1218.0;1068.0;1235.0;961.0;1140.0;12;c-1917 f-090;-7.551.251.356.018.190;38.660.428.094.555.800;7.142.857.142.857.140;LAS MARGARITAS;Sitio;CATALOGO
918;c-1917 f-090.jpg;BELLICA;1627.0;1140.0;1742.0;1136.0;1743.0;1172.0;1627.0;1176.0;7;c-1917 f-090;-7.549.298.937.683.690;38.655.614.971.346.700;7.142.857.142.857.140;BÉLGICA;Sitio;CATALOGO
919;c-1917 f-090.jpg;VARSOVIA;1870.0;1135.0;2031.0;1144.0;2029.0;1174.0;1869.0;1164.0;8;c-1917 f-090;-7.548.571.272.568.220;3.865.711.907.234.950;100.0;VARSOVIA;Sitio;CATALOGO
920;c-1917 f-090.jpg;IL GENIL;1879.0;1187.0;2081.0;1199.0;2078.0;1241.0;1877.0;1223.0;8;c-1917 f-090;-7.548.544.322.008.390;38.641.476.421.919.700;6.666.666.666.666.660;;;
921;c-1917 f-090.jpg;CAMPO HERMOSO;823.0;1184.0;1002.0;1186.0;1001.0;1208.0;823.0;1206.0;13;c-1917 f-090;-7.551.706.521.028.690;38.642.378.882.521.400;100.0;CAMPO HERMOSO;Sitio;CATALOGO
922;c-1917 f-090.jpg;MESETAS;1183.0;1212.0;1322.0;1214.0;1321.0;1250.0;1183.0;1247.0;7;c-1917 f-090;-7.550.628.498.635.400;38.633.955.916.905.400;8.571.428.571.428.570;MESETA;Sitio;CATALOGO
923;c-1917 f-090.jpg;LA PEDREGOSA;1770.0;1264.0;1963.0;1277.0;1961.0;1301.0;1768.0;1287.0;12;c-1917 f-090;-754.887.072.323.303;38.618.313.266.475.600;75.0;LA PODEROSA;Sitio;CATALOGO
924;c-1917 f-090.jpg;LASHONDAL;908.0;1263.0;1085.0;1262.0;1085.0;1284.0;908.0;1286.0;9;c-1917 f-090;-755.145.198.796.361;38.618.614.086.676.200;7.777.777.777.777.770;LA HONDA;Sitio;CATALOGO
925;c-1917 f-090.jpg;VIA EL CURAL;1482.0;1289.0;1935.0;1304.0;1933.0;1355.0;1480.0;1339.0;12;c-1917 f-090;-7.549.733.141.147.650;3.861.079.276.146.130;68.75;;;
926;c-1917 f-090.jpg;CAMPO ALEGRE;1255.0;1310.0;1448.0;1306.0;1449.0;1334.0;1255.0;1337.0;12;c-1917 f-090;-7.550.412.894.156.750;38.604.475.537.249.200;100.0;CAMPO ALEGRE;Vereda;CATALOGO
927;c-1917 f-090.jpg;EL PARAISO;2124.0;1324.0;2275.0;1326.0;2274.0;1363.0;2124.0;1361.0;10;c-1917 f-090;-7.547.810.667.879.630;38.600.264.054.441.200;90.0;EL PARAÍSO;Vereda;CATALOGO
928;c-1917 f-090.jpg;ELCARTUCHO;974.0;1327.0;1128.0;1332.0;1128.0;1355.0;973.0;1350.0;10;c-1917 f-090;-7.551.254.350.524.840;38.599.361.593.839.500;7.272.727.272.727.270;EL CALDUCHO;Vereda;CATALOGO
929;c-1917 f-090.jpg;LA AURORA;842.0;1355.0;1031.0;1359.0;1031.0;1388.0;842.0;1384.0;9;c-1917 f-090;-755.164.962.540.238;38.590.938.628.223.400;100.0;LA AURORA;Sitio;CATALOGO
930;c-1917 f-090.jpg;LAARGENTINA;1236.0;1362.0;1429.0;1354.0;1430.0;1379.0;1237.0;1387.0;11;c-1917 f-090;-7.550.469.789.783.060;38.588.832.886.819.400;9.166.666.666.666.660;LA ARGENTINA;Sitio;CATALOGO
931;c-1917 f-090.jpg;VISTAHERMOSA;1721.0;1377.0;1952.0;1380.0;1952.0;1404.0;1721.0;1400.0;12;c-1917 f-090;-7.549.017.454.058.780;3.858.432.058.381.080;7.692.307.692.307.690;VILLA HERMOSA;Sitio;CATALOGO
932;c-1917 f-090.jpg;GUARUMAL;2261.0;1404.0;2421.0;1542.0;2390.0;1580.0;2232.0;1440.0;8;c-1917 f-090;-7.547.400.420.468.850;38.576.198.438.395.400;75.0;GUAMAL;Sitio;CATALOGO
933;c-1917 f-090.jpg;ELSANTUARIO;2353.0;1453.0;2577.0;1453.0;2577.0;1479.0;2353.0;1477.0;11;c-1917 f-090;-7.547.124.925.857.240;38.561.458.248.567.300;9.166.666.666.666.660;EL SANTUARIO;Alto;CATALOGO
934;c-1917 f-090.jpg;LAS MORAL;782.0;1446.0;968.0;1446.0;969.0;1475.0;782.0;1475.0;9;c-1917 f-090;-755.182.929.580.126;3.856.356.398.997.130;7.777.777.777.777.770;LAS MONAS;Sitio;CATALOGO
935;c-1917 f-090.jpg;BIN DE CHATE;1009.0;1444.0;1157.0;1447.0;1156.0;1470.0;1008.0;1466.0;12;c-1917 f-090;-7.551.149.542.792.160;38.564.165.630.372.400;58.333.333.333.333.300;;;
936;c-1917 f-090.jpg;SAL SIPUEDES;1383.0;1440.0;1573.0;1440.0;1573.0;1481.0;1383.0;1481.0;12;c-1917 f-090;-7.550.029.597.305.800;38.565.368.911.174.700;8.461.538.461.538.460;SAN SI PUEDES;Sitio;CATALOGO
937;c-1917 f-090.jpg;HAIRBLON;1650.0;1463.0;1874.0;1481.0;1870.0;1524.0;1650.0;1503.0;8;c-1917 f-090;-754.923.006.403.079;38.558.450.046.561.600;5.454.545.454.545.450;;;
938;c-1917 f-090.jpg;BELLAVISTALONA;2044.0;1474.0;2315.0;1516.0;2308.0;1559.0;2039.0;1507.0;14;c-1917 f-090;-7.548.050.228.411.470;38.555.141.024.355.200;7.142.857.142.857.140;BELLAVISTA;Sitio;CATALOGO
939;c-1917 f-090.jpg;GALARCIA;745.0;1497.0;920.0;1497.0;920.0;1532.0;745.0;1530.0;8;c-1917 f-090;-7.551.940.092.547.230;3.854.822.215.974.210;75.0;GARCIA;Sitio;CATALOGO
940;c-1917 f-090.jpg;ELCAJON;1642.0;1628.0;1807.0;1628.0;1807.0;1659.0;1642.0;1658.0;7;c-1917 f-090;-7.549.254.020.083.970;3.850.881.471.346.700;7.142.857.142.857.140;EL AJO;Quebrada;CATALOGO
941;c-1917 f-090.jpg;EL JUAGD;1854.0;1609.0;2109.0;1562.0;2120.0;1619.0;1862.0;1666.0;8;c-1917 f-090;-7.548.619.184.674.590;3.851.453.029.727.790;87.5;EL JUAGO;Quebrada;CATALOGO
942;c-1917 f-090.jpg;TETUAN;1256.0;1631.0;1236.0;1849.0;1183.0;1844.0;1204.0;1629.0;6;c-1917 f-090;-7.550.409.899.650.100;3.850.791.225.286.530;7.142.857.142.857.140;TETUACO;Quebrada;CATALOGO
943;c-1917 f-090.jpg;REAL MEDIO;1903.0;1672.0;2124.0;1683.0;2123.0;1712.0;1902.0;1702.0;10;c-1917 f-090;-7.548.472.453.848.840;38.495.578.624.641.800;80.0;EL MEDIO;Alto;CATALOGO
944;c-1917 f-090.jpg;LALAGUNA;1538.0;1771.0;1731.0;1785.0;1729.0;1812.0;1537.0;1799.0;8;c-1917 f-090;-7.549.565.448.775.360;38.465.797.424.785.000;8.888.888.888.888.880;LA LAGUNA;Sitio;CATALOGO
945;c-1917 f-090.jpg;LURUGUAL;1672.0;1808.0;1832.0;1808.0;1832.0;1837.0;1672.0;1838.0;8;c-1917 f-090;-7.549.164.184.884.530;38.454.667.077.363.900;75.0;URUGUAY;Caserío;CATALOGO
946;c-1917 f-090.jpg;ELCURAL;1828.0;1795.0;1969.0;1800.0;1968.0;1831.0;1828.0;1824.0;7;c-1917 f-090;-7.548.697.041.847.440;38.458.577.739.971.300;7.142.857.142.857.140;EL UPAL;Zanjón;CATALOGO
947;c-1917 f-090.jpg;EL RASO;2094.0;1875.0;2219.0;1876.0;2218.0;1912.0;2093.0;1910.0;7;c-1917 f-090;-7.547.900.503.079.070;38.434.512.123.925.400;7.142.857.142.857.140;EL PATO;Caserío;CATALOGO
948;c-1917 f-090.jpg;SALADA;987.0;1869.0;1110.0;1887.0;1105.0;1922.0;983.0;1904.0;6;c-1917 f-090;-7.551.215.421.938.410;38.436.317.045.128.900;7.142.857.142.857.140;SALDAÑA;Quebrada;CATALOGO
949;c-1917 f-090.jpg;SANRAFAEL;1717.0;1890.0;1874.0;1893.0;1873.0;1918.0;1717.0;1915.0;9;c-1917 f-090;-7.549.029.432.085.370;38.429.999.820.916.900;90.0;SAN RAFAEL;Isla;CATALOGO
950;c-1917 f-090.jpg;BUENAVISTA;1544.0;1915.0;1755.0;1928.0;1753.0;1955.0;1543.0;1939.0;10;c-1917 f-090;-7.549.547.481.735.470;38.422.479.315.902.500;909.090.909.090.909;BUENA VISTA;Sitio;CATALOGO
951;c-1917 f-090.jpg;LAS BRISAS;1958.0;1932.0;2146.0;1929.0;2147.0;1967.0;1959.0;1969.0;10;c-1917 f-090;-7.548.307.755.983.200;38.417.365.372.492.800;100.0;LAS BRISAS;Sitio;CATALOGO
952;c-1917 f-090.jpg;EL CARMEN;1956.0;1956.0;1971.0;2152.0;1937.0;2154.0;1921.0;1959.0;9;c-1917 f-090;-75.483.137.449.965;38.410.145.687.679.000;100.0;EL CARMEN;Sitio;CATALOGO
953;c-1917 f-090.jpg;LOS LIMONES;1503.0;1955.0;1659.0;1965.0;1657.0;1988.0;1502.0;1978.0;11;c-1917 f-090;-7.549.670.256.508.040;38.410.446.507.879.600;75.0;LOS CAIMANES;Sitio;CATALOGO
954;c-1917 f-090.jpg;BUENOS AIRES;764.0;1964.0;946.0;1968.0;945.0;1996.0;764.0;1991.0;12;c-1917 f-090;-7.551.883.196.920.920;38.407.739.126.074.500;100.0;BUENOS AIRES;Vereda;CATALOGO
955;c-1917 f-090.jpg;VILLA HERMOSA;955.0;1958.0;1116.0;1964.0;1116.0;1985.0;955.0;1980.0;13;c-1917 f-090;-7.551.311.246.151.150;3.840.954.404.727.790;100.0;VILLA HERMOSA;Sitio;CATALOGO
956;c-1917 f-090.jpg;LADIAMANTINA;2014.0;1996.0;2280.0;2003.0;2278.0;2039.0;2013.0;2029.0;12;c-1917 f-090;-7.548.140.063.610.910;3.839.811.287.965.610;8.333.333.333.333.330;DIAMANTINA;Quebrada;CATALOGO
957;c-1917 f-090.jpg;SH MIGUEL;745.0;1996.0;913.0;2000.0;913.0;2022.0;745.0;2018.0;9;c-1917 f-090;-7.551.940.092.547.230;3.839.811.287.965.610;80.0;SAN MIGUEL;Sitio;CATALOGO
958;c-1917 f-090.jpg;LA ISMER AIDA;972.0;1985.0;1171.0;1984.0;1172.0;2004.0;972.0;2005.0;13;c-1917 f-090;-7.551.260.339.538.130;3.840.142.190.186.240;7.692.307.692.307.690;LA ESMERALDA;Vereda;CATALOGO
959;c-1917 f-090.jpg;POTRETITO BI LUCO;958.0;2002.0;1182.0;2001.0;1182.0;2021.0;958.0;2022.0;17;c-1917 f-090;-7.551.302.262.631.210;3.839.630.795.845.270;7.647.058.823.529.410;POTRERITO DE LUGO;Vereda;CATALOGO
960;c-1917 f-090.jpg;LOS GUAYA BOS;1578.0;2007.0;1784.0;2012.0;1784.0;2036.0;1577.0;2030.0;13;c-1917 f-090;-7.549.445.668.509.440;38.394.803.857.449.800;7.142.857.142.857.140;LOS GUAYACANES;Sitio;CATALOGO
961;c-1917 f-090.jpg;ELCASTEL;2229.0;2036.0;2387.0;2045.0;2385.0;2080.0;2227.0;2073.0;8;c-1917 f-090;-7.547.496.244.681.590;3.838.608.007.163.320;8.888.888.888.888.880;EL CASTEL;Sitio;CATALOGO
962;c-1917 f-090.jpg;HIF BEPTAL DE POLICIA;958.0;2040.0;1239.0;2041.0;1238.0;2072.0;957.0;2069.0;21;c-1917 f-090;-7.551.302.262.631.210;38.384.876.790.830.900;5.714.285.714.285.710;;;
963;c-1917 f-090.jpg;BETANIA;1586.0;2038.0;1700.0;2042.0;1699.0;2069.0;1585.0;2064.0;7;c-1917 f-090;-7.549.421.712.456.260;38.385.478.431.232.000;100.0;BETANIA;Sitio;CATALOGO
964;c-1917 f-090.jpg;USSOLEDAD;2128.0;2075.0;2339.0;2089.0;2336.0;2132.0;2126.0;2115.0;9;c-1917 f-090;-7.547.798.689.853.040;3.837.434.808.381.080;7.777.777.777.777.770;SOLEDAD;Quebrada;CATALOGO
965;c-1917 f-090.jpg;ELBODAS;784.0;2062.0;918.0;2064.0;918.0;2087.0;784.0;2085.0;7;c-1917 f-090;-7.551.823.306.787.960;3.837.825.874.641.830;75.0;EL BODAL;Alto;CATALOGO
966;c-1917 f-090.jpg;POTRIDITO DE LUGO;970.0;2061.0;1219.0;2061.0;1219.0;2091.0;970.0;2090.0;17;c-1917 f-090;-7.551.266.328.551.430;38.378.559.566.618.900;7.058.823.529.411.760;POTRERITO DE AGUA;Vereda;CATALOGO
967;c-1917 f-090.jpg;IRLHDRN;1274.0;2094.0;1422.0;2097.0;1421.0;2122.0;1273.0;2119.0;7;c-1917 f-090;-755.035.599.853.044;383.686.325;50.0;;;
968;c-1917 f-090.jpg;ZAPATERO;1771.0;2105.0;2052.0;2198.0;2032.0;2256.0;1757.0;2167.0;8;c-1917 f-090;-7.548.867.728.726.380;383.653.234.777.937;75.0;CAPADERO;Quebrada;CATALOGO
969;c-1917 f-090.jpg;LOWER PATAID;1454.0;2132.0;1637.0;2137.0;1636.0;2160.0;1453.0;2154.0;12;c-1917 f-090;-75.498.169.873.338;38.357.201.332.378.200;58.333.333.333.333.300;;;
970;c-1917 f-090.jpg;ELPORVENIR;2086.0;2149.0;2357.0;2162.0;2355.0;2201.0;2084.0;2186.0;10;c-1917 f-090;-754.792.445.913.226;3.835.208.738.896.840;909.090.909.090.909;EL PORVENIR;Sitio;CATALOGO
971;c-1917 f-090.jpg;LA FLORIDA;1158.0;2149.0;1296.0;2155.0;1295.0;2183.0;1157.0;2176.0;10;c-1917 f-090;-7.550.703.361.301.600;3.835.208.738.896.840;100.0;LA FLORIDA;Vereda;CATALOGO
972;c-1917 f-090.jpg;MONTE VERDE;1395.0;2161.0;1578.0;2165.0;1577.0;2190.0;1394.0;2185.0;11;c-1917 f-090;-7.549.993.663.226.030;3.834.847.754.656.160;100.0;MONTE VERDE;Sitio;CATALOGO
973;c-1917 f-090.jpg;EL MISETON;1699.0;2189.0;1839.0;2195.0;1838.0;2217.0;1698.0;2212.0;10;c-1917 f-090;-7.549.083.333.205.030;38.340.054.580.945.500;80.0;EL MESETÓN;Sitio;CATALOGO
974;c-1917 f-090.jpg;BUENOS AIRES;1122.0;2222.0;1332.0;2229.0;1331.0;2252.0;1121.0;2244.0;12;c-1917 f-090;-7.550.811.163.540.930;3.833.012.751.432.660;100.0;BUENOS AIRES;Vereda;CATALOGO
975;c-1917 f-090.jpg;ELPARAISO;849.0;2236.0;1016.0;2238.0;1015.0;2284.0;849.0;2280.0;9;c-1917 f-090;-7.551.628.663.855.840;38.325.916.031.518.600;80.0;EL PARAÍSO;Vereda;CATALOGO
976;c-1917 f-090.jpg;EL MANGO;1530.0;2243.0;1705.0;2242.0;1706.0;2279.0;1530.0;2280.0;8;c-1917 f-090;-754.958.940.482.855;38.323.810.290.114.600;75.0;EL BANCO;Cuchilla;CATALOGO
977;c-1917 f-090.jpg;LAS FLORES;1773.0;2232.0;1904.0;2239.0;1903.0;2263.0;1772.0;2256.0;10;c-1917 f-090;-7.548.861.739.713.080;38.327.119.312.320.900;100.0;LAS FLORES;Vereda;CATALOGO
978;c-1917 f-090.jpg;CATONTITO;1722.0;2277.0;1936.0;2361.0;1925.0;2402.0;1709.0;2316.0;9;c-1917 f-090;-7.549.014.459.552.130;3.831.358.240.329.510;7.777.777.777.777.770;CAJONCITO;Quebrada;CATALOGO
979;c-1917 f-090.jpg;VISTAHERMOSA;1955.0;2313.0;2143.0;2317.0;2143.0;2342.0;1955.0;2337.0;12;c-1917 f-090;-7.548.316.739.503.140;38.302.752.876.074.500;7.692.307.692.307.690;VILLA HERMOSA;Sitio;CATALOGO
980;c-1917 f-090.jpg;LUSITANIA;1528.0;2359.0;1720.0;2358.0;1720.0;2395.0;1528.0;2397.0;9;c-1917 f-090;-7.549.595.393.841.840;38.288.915.146.848.100;100.0;LUSITANIA;Sitio;CATALOGO
981;c-1917 f-090.jpg;QUIMANISTA;2117.0;2354.0;2357.0;2353.0;2357.0;2378.0;2117.0;2381.0;10;c-1917 f-090;-7.547.831.629.426.170;38.290.419.247.851.000;70.0;;;
982;c-1917 f-090.jpg;MATA REDONDA;1781.0;2405.0;1988.0;2412.0;1987.0;2440.0;1780.0;2432.0;12;c-1917 f-090;-7.548.837.783.659.900;38.275.077.417.621.700;75.0;LA REDONDA;Sitio;CATALOGO
983;c-1917 f-090.jpg;EL FILM;1731.0;2455.0;1820.0;2457.0;1819.0;2478.0;1731.0;2475.0;7;c-1917 f-090;-7.548.987.508.992.300;3.826.003.640.759.310;8.571.428.571.428.570;EL FILO;Sitio;CATALOGO
984;c-1917 f-102.jpg;ZOLOUL;2518.0;69.0;2698.0;74.0;2697.0;121.0;2517.0;116.0;6;c-1917 f-102;-7.542.038.930.494.900;3.896.071.849.727.760;5.714.285.714.285.710;;;
985;c-1917 f-102.jpg;CA SAN;1104.0;912.0;1264.0;1008.0;1245.0;1044.0;1082.0;952.0;6;c-1917 f-102;-7.545.699.533.624.450;38.741.520.137.931.000;7.142.857.142.857.140;LA SANA;Quebrada;CATALOGO
986;c-1917 f-102.jpg;LASIERRA;760.0;936.0;893.0;937.0;893.0;965.0;760.0;962.0;8;c-1917 f-102;-7.546.590.090.538.570;38.735.279.615.245.000;8.888.888.888.888.880;LA SIERRA;Vereda;CATALOGO
987;c-1917 f-102.jpg;KA SOLEN AI;810.0;1045.0;991.0;1042.0;992.0;1079.0;811.0;1085.0;11;c-1917 f-102;-7.546.460.649.126.630;38.706.937.241.379.300;6.363.636.363.636.360;;;
988;c-1917 f-102.jpg;BUENAVISTA;1087.0;1078.0;1262.0;1086.0;1261.0;1118.0;1086.0;1110.0;10;c-1917 f-102;-7.545.743.543.704.510;38.698.356.522.686.000;909.090.909.090.909;BUENA VISTA;Sitio;CATALOGO
989;c-1917 f-102.jpg;ISIDRO;1313.0;1061.0;1397.0;972.0;1427.0;999.0;1340.0;1087.0;6;c-1917 f-102;-7.545.158.468.522.560;3.870.277.689.292.190;100.0;ISIDRO;Quebrada;CATALOGO
990;c-1917 f-102.jpg;CHIPAILL;2271.0;1083.0;2379.0;1221.0;2345.0;1246.0;2237.0;1106.0;8;c-1917 f-102;-7.542.678.371.069.860;38.697.056.413.793.100;75.0;CHIPALO;Sitio;CATALOGO
991;c-1917 f-102.jpg;SOLEDAD;620.0;1140.0;734.0;1024.0;767.0;1053.0;654.0;1172.0;7;c-1917 f-102;-7.546.952.526.491.990;38.682.235.172.413.700;100.0;SOLEDAD;Quebrada;CATALOGO
992;c-1917 f-102.jpg;LAS ATALIAS;1241.0;1126.0;1482.0;1103.0;1486.0;1144.0;1244.0;1162.0;11;c-1917 f-102;-7.545.344.864.155.740;38.685.875.477.313.900;8.181.818.181.818.180;LAS ACACIAS;Sitio;CATALOGO
993;c-1917 f-102.jpg;ELENCANTO;1978.0;1143.0;2185.0;1158.0;2181.0;1203.0;1975.0;1181.0;9;c-1917 f-102;-7.543.436.897.743.810;38.681.455.107.078.000;90.0;EL ENCANTO;Vereda;CATALOGO
994;c-1917 f-102.jpg;LIESPEJO;851.0;1179.0;996.0;1174.0;997.0;1209.0;852.0;1215.0;8;c-1917 f-102;-754.635.450.716.885;38.672.094.323.048.900;7.777.777.777.777.770;EL ESPEJO;Sitio;CATALOGO
995;c-1917 f-102.jpg;LAS VID STAJ;1703.0;1184.0;1857.0;1184.0;1856.0;1220.0;1703.0;1218.0;12;c-1917 f-102;-7.544.148.825.509.460;3.867.079.421.415.600;75.0;LAS VISTAS;Sitio;CATALOGO
996;c-1917 f-102.jpg;EL DURJAARL;442.0;1248.0;612.0;1250.0;610.0;1290.0;441.0;1284.0;11;c-1917 f-102;-7.547.413.337.918.480;3.865.415.282.032.660;6.363.636.363.636.360;;;
997;c-1917 f-102.jpg;JUNIES;1304.0;1258.0;1516.0;1117.0;1550.0;1168.0;1338.0;1309.0;6;c-1917 f-102;-7.545.181.767.976.700;38.651.552.602.540.800;6.666.666.666.666.660;;;
998;c-1917 f-102.jpg;EL ENCANTO;2062.0;1291.0;2007.0;1478.0;1970.0;1468.0;2023.0;1282.0;10;c-1917 f-102;-7.543.219.436.171.750;38.642.971.883.847.500;100.0;EL ENCANTO;Vereda;CATALOGO
999;c-1917 f-102.jpg;EL BAMIO;638.0;1301.0;816.0;1301.0;816.0;1335.0;638.0;1335.0;8;c-1917 f-102;-7.546.905.927.583.690;38.640.371.666.061.600;75.0;EL BANCO;Cuchilla;CATALOGO
1000;c-1917 f-102.jpg;ELGUAYABO;790.0;1335.0;986.0;1338.0;985.0;1379.0;789.0;1374.0;9;c-1917 f-102;-7.546.512.425.691.410;3.863.153.092.558.980;7.272.727.272.727.270;EL GUAYABAL;Sitio;CATALOGO
1001;c-1917 f-102.jpg;LEELROCIO SANMIGUEL;1229.0;1379.0;1592.0;1397.0;1589.0;1445.0;1228.0;1418.0;19;c-1917 f-102;-7.545.375.930.094.610;3.862.008.996.733.210;5.909.090.909.090.900;;;
1002;c-1917 f-102.jpg;ELBA SO;565.0;1447.0;741.0;1449.0;740.0;1488.0;564.0;1485.0;7;c-1917 f-102;-7.547.094.912.045.120;38.602.408.486.388.300;75.0;EL BALSO;Sitio;CATALOGO
1003;c-1917 f-102.jpg;EL MAURONO;734.0;1430.0;1003.0;1431.0;1003.0;1473.0;734.0;1473.0;10;c-1917 f-102;-754.665.740.007.278;38.606.828.856.624.300;90.0;EL MADRONO;Sitio;CATALOGO
1004;c-1917 f-102.jpg;YEL ESPEJO;1496.0;1470.0;1695.0;1479.0;1693.0;1524.0;1496.0;1513.0;10;c-1917 f-102;-7.544.684.712.954.870;38.596.427.985.480.900;90.0;EL ESPEJO;Sitio;CATALOGO
1005;c-1917 f-102.jpg;NAPICH;695.0;1559.0;805.0;1560.0;805.0;1595.0;695.0;1594.0;6;c-1917 f-102;-7.546.758.364.374.090;38.573.286.047.186.900;7.142.857.142.857.140;RAPICHA;Laguna;CATALOGO
1006;c-1917 f-102.jpg;LA PRIMAVERA;1145.0;1544.0;1431.0;1541.0;1431.0;1579.0;1145.0;1580.0;12;c-1917 f-102;-7.545.593.391.666.660;385.771.863.738.657;7.333.333.333.333.330;NUEVA PRIMAVERA;Vereda;CATALOGO
1007;c-1917 f-102.jpg;LA PIRRMA;1112.0;1593.0;1304.0;1593.0;1305.0;1627.0;1113.0;1628.0;9;c-1917 f-102;-7.545.678.822.998.540;38.564.445.306.715.000;7.777.777.777.777.770;LA PIARDA;Caño;CATALOGO
1008;c-1917 f-102.jpg;LAZIAMONTINA;2288.0;1580.0;2480.0;1582.0;2479.0;1612.0;2288.0;1610.0;12;c-1917 f-102;-7.542.634.360.989.810;38.567.825.589.836.600;7.692.307.692.307.690;LA DIAMANTINA;Vereda;CATALOGO
1009;c-1917 f-102.jpg;VDA LAS JUNTAS;1216.0;1641.0;1670.0;1634.0;1671.0;1694.0;1217.0;1704.0;14;c-1917 f-102;-7.545.409.584.861.710;38.551.964.261.343.000;7.142.857.142.857.140;LAS JUNTAS;Sitio;CATALOGO
1010;c-1917 f-102.jpg;IRESTRELLA;1619.0;1624.0;1806.0;1622.0;1807.0;1665.0;1619.0;1668.0;10;c-1917 f-102;-7.544.366.287.081.510;3.855.638.463.157.890;7.272.727.272.727.270;LA ESTRELLA;Chorro;CATALOGO
1011;c-1917 f-102.jpg;PELALA;2176.0;1634.0;2195.0;1782.0;2142.0;1789.0;2128.0;1637.0;6;c-1917 f-102;-7.542.924.309.752.540;38.553.784.413.793.100;8.333.333.333.333.330;PELADA;Loma;CATALOGO
1012;c-1917 f-102.jpg;LAS JUNTR;702.0;1631.0;905.0;1639.0;903.0;1682.0;701.0;1671.0;9;c-1917 f-102;-7.546.740.242.576.410;38.554.564.479.128.800;80.0;LAS JUNTAS;Sitio;CATALOGO
1013;c-1917 f-102.jpg;AFLORIDR;411.0;1733.0;574.0;1746.0;571.0;1783.0;408.0;1768.0;8;c-1917 f-102;-7.547.493.591.593.880;38.528.042.257.713.200;75.0;FLORIDA;Sitio;CATALOGO
1014;c-1917 f-102.jpg;ELORIENTE;828.0;1778.0;1019.0;1773.0;1020.0;1813.0;829.0;1820.0;9;c-1917 f-102;-7.546.414.050.218.340;38.516.341.277.676.900;90.0;EL ORIENTE;Sitio;CATALOGO
1015;c-1917 f-102.jpg;CORDOBA;1548.0;1761.0;1695.0;1753.0;1697.0;1784.0;1549.0;1791.0;7;c-1917 f-102;-7.544.550.093.886.460;38.520.761.647.912.800;7.142.857.142.857.140;CORONA;Isla;CATALOGO
1016;c-1917 f-102.jpg;HOS ANDES;2139.0;1788.0;2261.0;1791.0;2260.0;1829.0;2138.0;1826.0;9;c-1917 f-102;-754.302.009.639.738;3.851.374.105.989.110;8.888.888.888.888.880;LOS ANDES;Sitio;CATALOGO
1017;c-1917 f-102.jpg;LOSNARANJOS;438.0;1825.0;692.0;1826.0;692.0;1868.0;437.0;1867.0;11;c-1917 f-102;-7.547.423.693.231.440;38.504.120.254.083.400;9.166.666.666.666.660;LOS NARANJOS;Caserío;CATALOGO
1018;c-1917 f-102.jpg;LEMAYR;2017.0;1854.0;2169.0;2023.0;2127.0;2057.0;1973.0;1890.0;6;c-1917 f-102;-7.543.335.933.442.500;38.496.579.622.504.500;8.333.333.333.333.330;LEMAYA;Vereda;CATALOGO
1019;c-1917 f-102.jpg;BOSQUE;1088.0;1924.0;1239.0;1929.0;1237.0;1971.0;1087.0;1965.0;6;c-1917 f-102;-7.545.740.954.876.270;38.478.378.098.003.600;7.142.857.142.857.140;BOSÍCUE;Laguna;CATALOGO
1020;c-1917 f-102.jpg;EL BOLSILLO;1629.0;1904.0;1852.0;1898.0;1854.0;1934.0;1629.0;1943.0;11;c-1917 f-102;-7.544.340.398.799.120;3.848.357.853.357.530;7.272.727.272.727.270;EL PORTILLO;Peñón;CATALOGO
1021;c-1917 f-102.jpg;EL MIRADOR;447.0;1965.0;634.0;1973.0;632.0;2015.0;445.0;2007.0;10;c-1917 f-102;-7.547.400.393.777.290;38.467.717.205.081.600;100.0;EL MIRADOR;Sitio;CATALOGO
1022;c-1917 f-102.jpg;ELL TOPACIO;399.0;2016.0;662.0;2030.0;661.0;2069.0;398.0;2060.0;11;c-1917 f-102;-754.752.465.753.275;38.454.456.094.373.800;909.090.909.090.909;EL TOPACIO;Sitio;CATALOGO
1023;c-1917 f-102.jpg;LAS DELICIAS;730.0;2085.0;915.0;2089.0;914.0;2127.0;729.0;2123.0;12;c-1917 f-102;-7.546.667.755.385.730;38.436.514.591.651.500;100.0;LAS DELICIAS;Zanja;CATALOGO
1024;c-1917 f-102.jpg;LIBERALTR;1668.0;2068.0;1867.0;2077.0;1865.0;2113.0;1666.0;2104.0;9;c-1917 f-102;-7.544.239.434.497.810;38.440.934.961.887.400;7.777.777.777.777.770;LIBERATO;Arroyo;CATALOGO
1025;c-1917 f-102.jpg;TREPILLE;1900.0;2068.0;2045.0;2068.0;2046.0;2106.0;1900.0;2106.0;8;c-1917 f-102;-7.543.638.826.346.430;38.440.934.961.887.400;75.0;TRESILLO;Sitio;CATALOGO
1026;c-1917 f-102.jpg;LAFLORIDA;1927.0;2109.0;2106.0;2107.0;2106.0;2144.0;1927.0;2146.0;9;c-1917 f-102;-7.543.568.927.983.980;38.430.274.068.965.500;90.0;LA FLORIDA;Vereda;CATALOGO
1027;c-1917 f-102.jpg;LA ESMERALDA;1178.0;2212.0;1462.0;2217.0;1461.0;2259.0;1177.0;2254.0;12;c-1917 f-102;-7.545.507.960.334.780;3.840.349.182.577.130;100.0;LA ESMERALDA;Vereda;CATALOGO
1028;c-1917 f-102.jpg;TAR HOREST;1578.0;2197.0;1833.0;2200.0;1832.0;2245.0;1578.0;2239.0;10;c-1917 f-102;-7.544.472.429.039.300;3.840.739.215.245.000;60.0;;;
1029;c-1917 f-102.jpg;LH ENXAMAZA;1727.0;2266.0;1935.0;2259.0;1937.0;2298.0;1727.0;2306.0;11;c-1917 f-102;-754.408.669.363.173;38.389.450.649.727.700;7.272.727.272.727.270;LA ENRAMADA;Sitio;CATALOGO
1030;c-1917 f-102.jpg;EL CARMENZ;1658.0;2310.0;1866.0;2301.0;1867.0;2340.0;1660.0;2348.0;10;c-1917 f-102;-7.544.265.322.780.200;3.837.800.969.147.000;90.0;EL CARMEN;Sitio;CATALOGO
1031;c-1917 f-102.jpg;IR DUINTE;1914.0;2340.0;2082.0;2320.0;2087.0;2360.0;1917.0;2377.0;9;c-1917 f-102;-7.543.602.582.751.090;3.837.020.903.811.250;60.0;;;
1032;c-1917 f-102.jpg;LACABA;509.0;2346.0;671.0;2351.0;670.0;2390.0;507.0;2384.0;6;c-1917 f-102;-7.547.239.886.426.490;3.836.864.890.744.100;7.142.857.142.857.140;LA CAJA;Quebrada;CATALOGO
1033;c-1917 f-102.jpg;BRILLANTEN;663.0;2326.0;864.0;2340.0;860.0;2385.0;659.0;2368.0;10;c-1917 f-102;-7.546.841.206.877.720;38.373.849.343.012.700;90.0;BRILLANTE;Alto;CATALOGO
1034;c-1917 f-102.jpg;CAMPO HERMOSO;1509.0;2378.0;1728.0;2374.0;1729.0;2410.0;1511.0;2416.0;13;c-1917 f-102;-7.544.651.058.187.770;38.360.328.210.526.300;100.0;CAMPO HERMOSO;Sitio;CATALOGO
1035;m-1359 f-37742.jpg;LITU NIA;2208.0;223.0;2305.0;375.0;2272.0;393.0;2177.0;242.0;8;m-1359 f-37742;-7.552.083.987.601.550;3.886.902.973.919.250;87.5;LITUANIA;Quebrada;CATALOGO
1036;m-1359 f-37742.jpg;VEREDA EL SILENCIO;1533.0;396.0;2103.0;379.0;2104.0;431.0;1533.0;443.0;18;m-1359 f-37742;-7.554.804.993.429.880;38.798.976.173.633.400;7.222.222.222.222.220;REGIÓN EL SILENCIO;Sitio;CATALOGO
1037;m-1359 f-37742.jpg;VEREDA;315.0;2254.0;534.0;2258.0;533.0;2303.0;314.0;2301.0;6;m-1359 f-37742;-7.559.714.897.280.110;38.046.608.978.206.400;7.142.857.142.857.140;VERADAR;Sitio;CATALOGO
1038;m-1359 f-37742.jpg;LAS MORAS;2128.0;782.0;2297.0;877.0;2283.0;910.0;2114.0;815.0;9;m-1359 f-37742;-7.552.406.477.181.200;38.642.671.686.316.500;7.777.777.777.777.770;LAS VARAS;Quebrada;CATALOGO
1039;m-1359 f-37742.jpg;CERRO EL GRANISO;1058.0;858.0;1257.0;1100.0;1224.0;1121.0;1032.0;880.0;16;m-1359 f-37742;-7.556.719.775.309.070;3.861.189.670.953.910;75.0;CERRO EL NARANJO;Sitio;CATALOGO
1040;m-1359 f-37742.jpg;EL SALADO;1668.0;831.0;1833.0;821.0;1836.0;859.0;1671.0;871.0;9;m-1359 f-37742;-7.554.260.792.264.210;38.622.829.924.973.100;7.777.777.777.777.770;EL SALTO;Sitio;CATALOGO
1041;m-1359 f-37742.jpg;VEREDA BABILONIA;284.0;911.0;641.0;1175.0;615.0;1210.0;266.0;943.0;16;m-1359 f-37742;-7.559.839.861.992.220;3.859.043.521.257.590;62.5;;;
1042;m-1359 f-37742.jpg;LA ARMENIA;507.0;1014.0;659.0;1099.0;639.0;1138.0;489.0;1049.0;10;m-1359 f-37742;-7.558.940.922.288.940;38.548.727.020.364.400;80.0;LA ARGELIA;Sitio;CATALOGO
1043;m-1359 f-37742.jpg;LOMMA EL SALADP;1964.0;1052.0;2037.0;807.0;2072.0;819.0;1999.0;1062.0;15;m-1359 f-37742;-7.553.067.580.819.490;38.533.339.531.975.600;6.666.666.666.666.660;;;
1044;m-1359 f-37742.jpg;EL JARDIN;1110.0;1112.0;1279.0;1128.0;1275.0;1168.0;1106.0;1151.0;9;m-1359 f-37742;-7.556.510.157.082.300;38.509.043.497.677.700;8.888.888.888.888.880;EL JARDÍN;Sitio;CATALOGO
1045;m-1359 f-37742.jpg;SALADO;1989.0;1061.0;2189.0;1176.0;2171.0;1218.0;1968.0;1107.0;6;m-1359 f-37742;-7.552.966.802.825.850;3.852.969.512.683.100;100.0;SALADO;Caño;CATALOGO
1046;m-1359 f-37742.jpg;CHIPAID;546.0;1180.0;684.0;1240.0;667.0;1281.0;531.0;1220.0;7;m-1359 f-37742;-7.558.783.708.618.860;38.481.507.992.140.000;7.142.857.142.857.140;CHIPAYA;Vereda;CATALOGO
1047;m-1359 f-37742.jpg;GULT POTERITOL;1634.0;1168.0;2102.0;1202.0;2096.0;1275.0;1631.0;1228.0;14;m-1359 f-37742;-755.439.785.033.557;3.848.636.719.899.960;6.428.571.428.571.420;;;
1048;m-1359 f-37742.jpg;SANTA BARBARA;252.0;1328.0;388.0;1546.0;355.0;1567.0;217.0;1348.0;13;m-1359 f-37742;-7.559.968.857.824.090;38.421.577.774.205.000;923.076.923.076.923;SANTA BÁRBARA;Alto;CATALOGO
1049;m-1359 f-37742.jpg;CULTIVOS;322.0;1351.0;644.0;1353.0;643.0;1414.0;321.0;1409.0;8;m-1359 f-37742;-7.559.686.679.441.890;3.841.226.429.439.080;70.0;;;
1050;m-1359 f-37742.jpg;COLEGIO;760.0;1318.0;869.0;1197.0;902.0;1224.0;792.0;1344.0;7;m-1359 f-37742;-7.557.921.048.993.280;38.425.627.113.254.700;7.142.857.142.857.140;COLECTO;Caño;CATALOGO
1051;m-1359 f-37742.jpg;VEREDA POTRERI POTRERIT;1651.0;1296.0;2335.0;1345.0;2328.0;1467.0;1642.0;1382.0;23;m-1359 f-37742;-7.554.329.321.299.890;3.843.453.565.916.390;5.217.391.304.347.820;;;
1052;m-1359 f-37742.jpg;SAN JORGE;901.0;1382.0;1019.0;1185.0;1059.0;1209.0;940.0;1406.0;9;m-1359 f-37742;-755.735.266.110.915;38.399.711.343.336.800;100.0;SAN JORGE;Sitio;CATALOGO
1053;m-1359 f-37742.jpg;PENSILVANIA;938.0;1383.0;1108.0;1328.0;1123.0;1359.0;950.0;1423.0;11;m-1359 f-37742;-755.720.350.967.856;3.839.930.640.943.190;7.272.727.272.727.270;SILVANIA;Sitio;CATALOGO
1054;m-1359 f-37742.jpg;FILO BABILONIA;189.0;1547.0;344.0;1727.0;314.0;1752.0;159.0;1573.0;14;m-1359 f-37742;-756.022.281.836.807;38.332.897.249.017.500;68.75;;;
1055;m-1359 f-37742.jpg;EL CHINAL;916.0;1526.0;1184.0;1417.0;1199.0;1463.0;931.0;1571.0;9;m-1359 f-37742;-7.557.292.194.312.960;38.341.400.861.021.700;7.777.777.777.777.770;EL CHUPAL;Vereda;CATALOGO
1056;m-1359 f-37742.jpg;VERERA;809.0;1557.0;934.0;1364.0;974.0;1388.0;845.0;1585.0;6;m-1359 f-37742;-7.557.723.524.125.750;38.328.847.909.967.800;7.142.857.142.857.140;PEREIRA;Sitio;CATALOGO
1057;m-1359 f-37742.jpg;VENECIA;433.0;1604.0;567.0;1611.0;565.0;1647.0;431.0;1641.0;7;m-1359 f-37742;-7.559.239.225.150.120;3.830.981.601.643.440;100.0;VENECIA;Sitio;CATALOGO
1058;m-1359 f-37742.jpg;EL CHINAL;1401.0;1508.0;1682.0;1491.0;1685.0;1546.0;1403.0;1563.0;9;m-1359 f-37742;-7.555.337.101.236.310;383.486.896.713.112;7.777.777.777.777.770;EL CHUPAL;Vereda;CATALOGO
1059;m-1359 f-37742.jpg;VEREDA EL PEDREGAL;1762.0;1579.0;2235.0;1545.0;2239.0;1593.0;1766.0;1632.0;18;m-1359 f-37742;-7.553.881.867.008.120;38.319.939.364.058.500;7.222.222.222.222.220;RURAL EL PEDREGAL;Sitio;CATALOGO
1060;m-1359 f-37742.jpg;BA NITA;1153.0;1624.0;1291.0;1620.0;1292.0;1647.0;1154.0;1651.0;7;m-1359 f-37742;-7.556.336.818.933.240;38.301.717.338.335.100;7.142.857.142.857.140;PAUNITA;Vereda;CATALOGO
1061;m-1359 f-37742.jpg;LAS ALBERCAS;2142.0;1593.0;2360.0;1578.0;2362.0;1630.0;2143.0;1649.0;12;m-1359 f-37742;-7.552.350.041.504.760;3.831.427.028.938.900;75.0;LAS PALMERAS;Sitio;CATALOGO
1062;m-1359 f-37742.jpg;CERRO SANTABARBARA;615.0;1659.0;766.0;1963.0;732.0;1980.0;584.0;1671.0;18;m-1359 f-37742;-7.558.505.561.356.410;38.287.544.651.661.300;6.842.105.263.157.890;;;
1063;m-1359 f-37742.jpg;TO AMOYA;526.0;1730.0;753.0;1960.0;722.0;1990.0;487.0;1765.0;8;m-1359 f-37742;-7.558.864.331.013.770;3.825.879.434.440.870;75.0;TOCAMOTA;Alto;CATALOGO
1064;m-1359 f-37742.jpg;PEDREGAL;2088.0;1819.0;2361.0;1938.0;2341.0;1995.0;2069.0;1865.0;8;m-1359 f-37742;-7.552.567.721.971.030;3.822.275.522.686.670;7.272.727.272.727.270;EL PEDREGAL;Sitio;CATALOGO
1065;m-1359 f-37742.jpg;EL INFIERNO;1803.0;1872.0;1999.0;2093.0;1964.0;2125.0;1770.0;1905.0;11;m-1359 f-37742;-7.553.716.591.098.550;3.820.129.372.990.350;8.461.538.461.538.460;EL INFIERNITO;Sitio;CATALOGO
1066;m-1359 f-37742.jpg;EL CEDRAL;957.0;1998.0;1257.0;1672.0;1300.0;1714.0;1002.0;2038.0;9;m-1359 f-37742;-7.557.126.918.403.390;38.150.272.057.877.800;7.777.777.777.777.770;EL CEJAL;Laguna;CATALOGO
1067;m-1359 f-37742.jpg;EL PARAISO;1988.0;1960.0;2155.0;1955.0;2156.0;2000.0;1988.0;2004.0;10;m-1359 f-37742;-7.552.970.833.945.600;38.165.659.546.266.500;90.0;EL PARAÍSO;Vereda;CATALOGO
1068;m-1359 f-37742.jpg;SYL TIVOS;1030.0;2031.0;1351.0;1744.0;1401.0;1785.0;1074.0;2088.0;9;m-1359 f-37742;-7.556.832.646.661.950;38.136.909.239.013.900;5.555.555.555.555.550;;;
1069;m-1359 f-37742.jpg;BUENA VISTA;1694.0;2003.0;1954.0;2149.0;1931.0;2194.0;1675.0;2038.0;11;m-1359 f-37742;-7.554.155.983.150.830;38.148.247.388.352.900;7.272.727.272.727.270;BELLA VISTA;Sitio;CATALOGO
1070;m-1359 f-37742.jpg;HDA VEGA CHIQUITA;690.0;2092.0;960.0;2068.0;965.0;2117.0;690.0;2135.0;17;m-1359 f-37742;-7.558.203.227.375.480;3.811.220.827.081.100;7.058.823.529.411.760;HACHA CHIQUITA;Quebrada;CATALOGO
1071;m-1359 f-37742.jpg;CHICHATO;2075.0;2058.0;2338.0;2125.0;2328.0;2175.0;2064.0;2110.0;8;m-1359 f-37742;-755.262.012.652.773;38.125.976.023.579.800;75.0;CHICHA;Laguna;CATALOGO
1072;m-1359 f-37742.jpg;VEREDA BUENA VISTA;1525.0;2174.0;1656.0;1762.0;1708.0;1779.0;1578.0;2190.0;18;m-1359 f-37742;-7.554.837.242.387.840;38.079.003.690.603.700;7.222.222.222.222.220;AGRADO BUENAVISTA;Sitio;CATALOGO
1073;m-1359 f-37742.jpg;VEREDALLA CIMARRONA;1154.0;2227.0;1435.0;1791.0;1485.0;1822.0;1199.0;2259.0;19;m-1359 f-37742;-7.556.332.787.813.490;38.057.542.193.640.500;631.578.947.368.421;;;
1074;m-1359 f-37742.jpg;VEGA CHIQUITA;347.0;2331.0;772.0;2332.0;771.0;2381.0;346.0;2379.0;13;m-1359 f-37742;-7.559.585.901.448.250;38.015.429.067.524.100;7.333.333.333.333.330;PUERTA CHIQUITA;Vereda;CATALOGO
1075;m-1359 f-37742.jpg;LA CALERA;1129.0;2333.0;1358.0;2216.0;1378.0;2256.0;1144.0;2376.0;9;m-1359 f-37742;-7.556.433.565.807.130;38.014.619.199.714.100;7.777.777.777.777.770;LA CADENA;Sitio;CATALOGO
1076;m-1359 f-37742.jpg;ALTO EL PIJAO;1363.0;2301.0;1579.0;2285.0;1583.0;2329.0;1365.0;2346.0;13;m-1359 f-37742;-7.555.490.283.786.640;380.275.770.846.731;7.142.857.142.857.140;ALTO EL ESPEJO;Sitio;CATALOGO
1077;c-1857 f-226.jpg;FILDBONITO;1644.0;388.0;1812.0;387.0;1813.0;420.0;1644.0;422.0;10;c-1857 f-226;-7.545.025.392.487.130;3.823.201.729.023.380;8.181.818.181.818.180;FILO BONITO;Cañada;CATALOGO
1078;c-1857 f-226.jpg;LOS ESPEJOS;1419.0;432.0;1617.0;427.0;1618.0;461.0;1419.0;467.0;11;c-1857 f-226;-7.545.613.719.245.280;38.220.460.178.817.000;7.272.727.272.727.270;LOS CONEJOS;Quebrada;CATALOGO
1079;c-1857 f-226.jpg;RATIOBONITO;1988.0;457.0;2161.0;452.0;2163.0;486.0;1988.0;493.0;11;c-1857 f-226;-7.544.125.906.243.560;38.213.893.638.239.300;8.333.333.333.333.330;PATIO BONITO;Vereda;CATALOGO
1080;c-1857 f-226.jpg;ALARMA;2105.0;590.0;2325.0;586.0;2327.0;637.0;2106.0;644.0;6;c-1857 f-226;-7.543.819.976.329.330;38.178.959.642.365.800;8.333.333.333.333.330;LARMA;Sitio;CATALOGO
1081;c-1857 f-226.jpg;LA SOLEDAD;1731.0;699.0;1953.0;685.0;1956.0;720.0;1732.0;736.0;10;c-1857 f-226;-7.544.797.906.140.650;38.150.329.525.447.000;100.0;LA SOLEDAD;Sitio;CATALOGO
1082;c-1857 f-226.jpg;LAS LAGUNAS;2114.0;652.0;2314.0;641.0;2317.0;678.0;2117.0;692.0;11;c-1857 f-226;-7.543.796.443.259.000;38.162.674.621.733.100;7.272.727.272.727.270;LAS DUNAS;Vereda;CATALOGO
1083;c-1857 f-226.jpg;LAUNI LAS DOS AGUE;2081.0;729.0;2458.0;705.0;2461.0;742.0;2083.0;765.0;18;c-1857 f-226;-7.543.882.731.183.530;38.142.449.676.753.700;5.555.555.555.555.550;;;
1084;c-1857 f-226.jpg;LA ALBANIA TRAS;1187.0;810.0;1483.0;801.0;1484.0;843.0;1187.0;853.0;15;c-1857 f-226;-7.546.220.349.502.570;3.812.117.408.528.190;6.666.666.666.666.660;;;
1085;c-1857 f-226.jpg;LAS DELICIAS;1380.0;1303.0;1605.0;1296.0;1607.0;1335.0;1382.0;1345.0;12;c-1857 f-226;-7.545.715.695.883.360;37.991.681.905.089.400;100.0;LAS DELICIAS;Zanja;CATALOGO
1086;c-1857 f-226.jpg;BUENOS AIRES;1044.0;1121.0;1267.0;1130.0;1264.0;1191.0;1042.0;1179.0;12;c-1857 f-226;-7.546.594.263.842.190;38.039.486.320.495.100;100.0;BUENOS AIRES;Vereda;CATALOGO
1087;c-1857 f-226.jpg;QUEBRADA EL CEDRO;396.0;914.0;386.0;561.0;440.0;560.0;447.0;912.0;17;c-1857 f-226;-7.548.288.644.905.660;38.093.857.276.478.600;8.333.333.333.333.330;QUEBRADA DEL MEDIO;Sitio;CATALOGO
1088;c-1857 f-226.jpg;LA SAMARIA;411.0;1005.0;570.0;988.0;576.0;1038.0;413.0;1048.0;10;c-1857 f-226;-7.548.249.423.121.780;38.069.955.068.775.700;7.272.727.272.727.270;LAS AMALIAS;Sitio;CATALOGO
1089;c-1857 f-226.jpg;VEREDA;418.0;1705.0;667.0;1704.0;667.0;1761.0;418.0;1763.0;6;c-1857 f-226;-754.823.111.962.264;37.886.091.932.599.700;7.142.857.142.857.140;VERADAR;Sitio;CATALOGO
1090;c-1857 f-226.jpg;EL DIAMALLA;2115.0;967.0;2324.0;968.0;2324.0;1012.0;2115.0;1011.0;11;c-1857 f-226;-7.543.793.828.473.410;3.807.993.621.045.390;7.272.727.272.727.270;EL DIAMANTE;Sitio;CATALOGO
1091;c-1857 f-226.jpg;LA SIBERIA CALARM OS;547.0;1086.0;1163.0;1103.0;1161.0;1167.0;545.0;1148.0;20;c-1857 f-226;-7.547.893.812.281.300;3.804.867.947.730.390;65.0;;;
1092;c-1857 f-226.jpg;TRAPIEL;1338.0;1123.0;1459.0;1115.0;1460.0;1159.0;1340.0;1165.0;7;c-1857 f-226;-7.545.825.516.878.210;38.038.960.997.248.900;8.571.428.571.428.570;TRUPIEL;Caño;CATALOGO
1093;c-1857 f-226.jpg;LAS BRISAS;1510.0;1106.0;1681.0;1092.0;1683.0;1133.0;1512.0;1149.0;10;c-1857 f-226;-7.545.375.773.756.430;38.043.426.244.841.800;100.0;LAS BRISAS;Sitio;CATALOGO
1094;c-1857 f-226.jpg;LA QUINTA;548.0;1196.0;746.0;1197.0;746.0;1238.0;548.0;1237.0;9;c-1857 f-226;-7.547.891.197.495.710;38.019.786.698.762.000;7.777.777.777.777.770;LA PUNTA;Sitio;CATALOGO
1095;c-1857 f-226.jpg;LA ESMERALD;1919.0;1136.0;2121.0;1132.0;2122.0;1177.0;1920.0;1180.0;11;c-1857 f-226;-7.544.306.326.449.390;38.035.546.396.148.500;9.166.666.666.666.660;LA ESMERALDA;Vereda;CATALOGO
1096;c-1857 f-226.jpg;LEL MANGO;407.0;1286.0;592.0;1282.0;593.0;1327.0;408.0;1333.0;9;c-1857 f-226;-7.548.259.882.264.140;37.996.147.152.682.200;7.777.777.777.777.770;EL SANGO;Sitio;CATALOGO
1097;c-1857 f-226.jpg;CANA PAL;798.0;1254.0;994.0;1339.0;980.0;1379.0;781.0;1310.0;8;c-1857 f-226;-754.723.750.109.777;3.800.455.232.462.170;7.777.777.777.777.770;CASA PALO;Sitio;CATALOGO
1098;c-1857 f-226.jpg;AL AGRADO;1370.0;1225.0;1605.0;1216.0;1607.0;1259.0;1371.0;1269.0;9;c-1857 f-226;-754.574.184.373.928;38.012.169.511.691.800;7.777.777.777.777.770;EL GRADO;Sitio;CATALOGO
1099;c-1857 f-226.jpg;LOS AJOS;1678.0;1229.0;1846.0;1232.0;1845.0;1275.0;1677.0;1271.0;8;c-1857 f-226;-7.544.936.489.777.010;38.011.118.865.199.400;7.777.777.777.777.770;LOS CAÑOS;Vereda;CATALOGO
1100;c-1857 f-226.jpg;BUENAVISTA;1956.0;1205.0;2137.0;1201.0;2138.0;1238.0;1957.0;1243.0;10;c-1857 f-226;-7.544.209.579.382.500;3.801.742.274.415.400;909.090.909.090.909;BUENA VISTA;Sitio;CATALOGO
1101;c-1857 f-226.jpg;MARABELES;1047.0;1291.0;1209.0;1282.0;1210.0;1310.0;1048.0;1317.0;9;c-1857 f-226;-754.658.641.948.542;37.994.833.844.566.700;100.0;MARABELES;Sitio;CATALOGO
1102;c-1857 f-226.jpg;SAMARIA;967.0;1327.0;1075.0;1323.0;1075.0;1343.0;968.0;1347.0;7;c-1857 f-226;-7.546.795.602.332.760;379.853.780.261.348;7.142.857.142.857.140;SAMARÍ;Caserío;CATALOGO
1103;c-1857 f-226.jpg;TRAPICHE;1092.0;1348.0;1210.0;1345.0;1210.0;1365.0;1092.0;1369.0;8;c-1857 f-226;-7.546.468.754.133.790;37.979.862.132.049.500;7.272.727.272.727.270;EL TRAPICHE;Raudal;CATALOGO
1104;c-1857 f-226.jpg;LOS AL GODONES;2010.0;1313.0;2241.0;1304.0;2242.0;1348.0;2011.0;1359.0;14;c-1857 f-226;-7.544.068.380.960.540;3.798.905.528.885.830;7.142.857.142.857.140;LOS ARAGONES;Cerro;CATALOGO
1105;c-1857 f-226.jpg;RASTOS;526.0;1442.0;807.0;1442.0;807.0;1507.0;526.0;1508.0;6;c-1857 f-226;-7.547.948.722.778.720;37.955.171.939.477.300;7.142.857.142.857.140;MASATOS;Vereda;CATALOGO
1106;c-1857 f-226.jpg;SANTA RO;2144.0;1351.0;2266.0;1383.0;2259.0;1430.0;2139.0;1401.0;8;c-1857 f-226;-7.543.717.999.691.250;37.979.074.147.180.100;75.0;SANTA FE;Sitio;CATALOGO
1107;c-1857 f-226.jpg;LINDEROS;1823.0;1429.0;1843.0;1294.0;1868.0;1298.0;1846.0;1433.0;8;c-1857 f-226;-7.544.557.345.866.200;37.958.586.540.577.700;100.0;LINDEROS;Quebrada;CATALOGO
1108;c-1857 f-226.jpg;CA ADA CAMBULA;816.0;1480.0;955.0;1737.0;921.0;1754.0;787.0;1498.0;14;c-1857 f-226;-7.547.190.434.957.110;37.945.190.797.799.100;5.714.285.714.285.710;;;
1109;c-1857 f-226.jpg;EL SINA;921.0;1482.0;1051.0;1475.0;1052.0;1509.0;923.0;1515.0;7;c-1857 f-226;-7.546.915.882.469.980;37.944.665.474.552.900;7.142.857.142.857.140;EL PINO;Sitio;CATALOGO
1110;c-1857 f-226.jpg;LA ESMERALDA;1395.0;1473.0;1630.0;1469.0;1631.0;1509.0;1395.0;1514.0;12;c-1857 f-226;-7.545.676.474.099.480;37.947.029.429.160.900;100.0;LA ESMERALDA;Vereda;CATALOGO
1111;c-1857 f-226.jpg;CANADA LOS;1696.0;1490.0;1839.0;1424.0;1850.0;1445.0;1707.0;1514.0;10;c-1857 f-226;-7.544.889.423.636.360;37.942.564.181.568.000;7.272.727.272.727.270;CANTAGALLOS;Sitio;CATALOGO
1112;c-1857 f-226.jpg;EL CAJON;1030.0;1542.0;1157.0;1535.0;1158.0;1566.0;1030.0;1571.0;8;c-1857 f-226;-754.663.087.084.048;37.928.905.777.166.400;75.0;EL AJO;Quebrada;CATALOGO
1113;c-1857 f-226.jpg;LA SIBERIA;913.0;1791.0;1305.0;1779.0;1307.0;1842.0;914.0;1849.0;10;c-1857 f-226;-7.546.936.800.754.710;37.863.503.033.012.300;7.272.727.272.727.270;LA LIBERTAD;Chorro;CATALOGO
1114;c-1857 f-226.jpg;BRAZUELOS CALARMA;1632.0;1574.0;2274.0;1545.0;2277.0;1598.0;1635.0;1637.0;17;c-1857 f-226;-7.545.056.769.914.230;37.920.500.605.226.900;100.0;BRAZUELOS CALARMA;Vereda;CATALOGO
1115;c-1857 f-226.jpg;EL CALABOZO;901.0;1778.0;1026.0;2022.0;983.0;2043.0;859.0;1803.0;11;c-1857 f-226;-754.696.817.818.182;37.866.917.634.112.700;7.272.727.272.727.270;EL CALAPO;Quebrada;CATALOGO
1116;c-1857 f-226.jpg;VOLCANES;1797.0;1731.0;1956.0;1725.0;1958.0;1772.0;1798.0;1777.0;8;c-1857 f-226;-7.544.625.330.291.590;378.792.627.303.989;7.777.777.777.777.770;VOLCANERA;Sitio;CATALOGO
1117;c-1857 f-226.jpg;LARGARITA;2139.0;1711.0;2298.0;1698.0;2302.0;1741.0;2143.0;1755.0;9;c-1857 f-226;-7.543.731.073.619.200;37.884.515.962.861.000;80.0;MARGARITAS;Quebrada;CATALOGO
1118;c-1857 f-226.jpg;AGUADVA EL SILENCIO;766.0;1989.0;1082.0;2099.0;1063.0;2141.0;752.0;2067.0;19;c-1857 f-226;-7.547.321.174.236.700;37.811.496.031.636.800;6.842.105.263.157.890;;;
1119;c-1857 f-226.jpg;ORREDONDO;2039.0;1992.0;2185.0;1978.0;2189.0;2014.0;2042.0;2032.0;9;c-1857 f-226;-7.543.992.552.178.380;3.781.070.804.676.750;7.777.777.777.777.770;REDONDO;Alto;CATALOGO
1120;c-1857 f-226.jpg;CORRAL;1208.0;2181.0;1314.0;2178.0;1315.0;2208.0;1209.0;2210.0;6;c-1857 f-226;-7.546.165.439.005.140;37.761.065;8.333.333.333.333.330;CORNAL;Quebrada;CATALOGO
1121;c-1857 f-226.jpg;LA ESPERANZA;819.0;2201.0;1093.0;2198.0;1094.0;2240.0;820.0;2245.0;12;c-1857 f-226;-7.547.182.590.600.340;3.775.581.176.753.780;75.0;LA ESMERALDA;Vereda;CATALOGO
1122;c-1857 f-226.jpg;CORRAL;1047.0;2188.0;1188.0;2181.0;1189.0;2214.0;1047.0;2222.0;6;c-1857 f-226;-754.658.641.948.542;37.759.226.368.638.200;8.333.333.333.333.330;CORNAL;Quebrada;CATALOGO
1123;c-1857 f-226.jpg;LA ESMERMOA;1203.0;2160.0;1383.0;2147.0;1385.0;2179.0;1203.0;2191.0;11;c-1857 f-226;-7.546.178.512.933.100;37.766.580.894.085.200;75.0;LA ESMERALDA;Vereda;CATALOGO
1124;c-1857 f-226.jpg;SAN FRANCISCO;624.0;2223.0;865.0;2215.0;866.0;2256.0;626.0;2264.0;13;c-1857 f-226;-7.547.692.473.790.730;37.750.033.211.829.400;100.0;SAN FRANCISCO;Vereda;CATALOGO
1125;c-1857 f-226.jpg;LOMA DE;1935.0;2130.0;2082.0;2101.0;2088.0;2133.0;1938.0;2162.0;7;c-1857 f-226;-7.544.264.489.879.930;37.774.460.742.778.500;7.777.777.777.777.770;LOMA DIEZ;Sitio;CATALOGO
1126;c-1857 f-226.jpg;ALTORREDONDO;1924.0;2165.0;2148.0;2123.0;2155.0;2159.0;1929.0;2202.0;12;c-1857 f-226;-754.429.325.252.144;37.765.267.585.969.700;75.0;LAGO REDONDO;Sitio;CATALOGO
1127;c-1857 f-226.jpg;LAS GARZAS;1455.0;2227.0;1638.0;2218.0;1641.0;2251.0;1455.0;2262.0;10;c-1857 f-226;-754.551.958.696.398;37.748.982.565.337.000;80.0;LAS VARAS;Quebrada;CATALOGO
1128;c-1857 f-226.jpg;EL CARMEN;1163.0;2293.0;1323.0;2289.0;1324.0;2317.0;1164.0;2321.0;9;c-1857 f-226;-7.546.283.104.356.770;37.731.646.898.211.800;100.0;EL CARMEN;Sitio;CATALOGO
1129;c-1857 f-226.jpg;DALMAS;1872.0;2269.0;1976.0;2269.0;1975.0;2311.0;1871.0;2311.0;6;c-1857 f-226;-7.544.429.221.372.210;3.773.795.077.716.640;8.333.333.333.333.330;PALMAS;Quebrada;CATALOGO
1130;c-1857 f-226.jpg;LENAIM;2068.0;2272.0;2205.0;2268.0;2207.0;2314.0;2069.0;2321.0;6;c-1857 f-226;-7.543.916.723.396.220;3.773.716.279.229.710;6.666.666.666.666.660;;;
1131;c-1857 f-226.jpg;EL PARAISO;1346.0;2433.0;1511.0;2422.0;1514.0;2454.0;1350.0;2472.0;10;c-1857 f-226;-7.545.804.598.593.480;37.694.874.270.976.600;90.0;EL PARAÍSO;Vereda;CATALOGO
1132;c-1857 f-226.jpg;CA ADA VALDES;1210.0;2489.0;1366.0;2336.0;1390.0;2359.0;1235.0;2513.0;13;c-1857 f-226;-7.546.160.209.433.960;3.768.016.522.008.250;6.153.846.153.846.150;;;
1133;c-1857 f-230.jpg;EL ESPEJO;1208.0;349.0;1368.0;354.0;1367.0;388.0;1207.0;383.0;9;c-1857 f-230;-7.546.173.210.417.400;3.764.802.906.724.510;7.777.777.777.777.770;EL ESPINO;Caño;CATALOGO
1134;c-1857 f-230.jpg;ODAK SAFETY FILM;2713.0;456.0;2709.0;300.0;2737.0;299.0;2741.0;456.0;16;c-1857 f-230;-7.542.204.907.170.880;37.619.684.511.930.500;43.75;;;
1135;c-1857 f-230.jpg;ZEL PULPITO;1676.0;485.0;1871.0;485.0;1871.0;539.0;1676.0;537.0;11;c-1857 f-230;-7.544.939.213.128.790;37.612.002.342.733.100;909.090.909.090.909;EL PULPITO;Cerro;CATALOGO
1136;c-1857 f-230.jpg;LOMA DEL PULPITO;1579.0;555.0;1988.0;492.0;1998.0;571.0;1587.0;619.0;16;c-1857 f-230;-7.545.194.977.524.070;37.593.459.175.704.900;75.0;LOMA DEL PUENTE;Sitio;CATALOGO
1137;c-1857 f-230.jpg;BRAZUELOS TETU;1567.0;650.0;2133.0;655.0;2132.0;727.0;1567.0;714.0;14;c-1857 f-230;-75.452.266.184.802;3.756.829.344.902.380;62.5;;;
1138;c-1857 f-230.jpg;LA GAVIOTA;1020.0;732.0;1207.0;739.0;1205.0;783.0;1018.0;778.0;10;c-1857 f-230;-7.546.668.918.729.930;37.546.571.453.362.200;100.0;LA GAVIOTA;Sitio;CATALOGO
1139;c-1857 f-230.jpg;HACIENDA;1510.0;1564.0;1640.0;1561.0;1641.0;1592.0;1511.0;1596.0;8;c-1857 f-230;-7.545.376.913.021.760;37.326.172.668.112.700;100.0;HACIENDA;Vereda;CATALOGO
1140;c-1857 f-230.jpg;LA POLONIA;1731.0;740.0;1917.0;744.0;1917.0;779.0;1730.0;776.0;10;c-1857 f-230;-7.544.794.192.079.910;37.544.452.234.273.300;90.0;LA COLONIA;Quebrada;CATALOGO
1141;c-1857 f-230.jpg;QUEBRAD;1167.0;853.0;1396.0;766.0;1419.0;830.0;1186.0;913.0;7;c-1857 f-230;-7.546.281.317.017.480;37.514.518.264.642.000;7.777.777.777.777.770;QUEBRADAS;Vereda;CATALOGO
1142;c-1857 f-230.jpg;NO LA TIGRERA;821.0;1060.0;1066.0;1007.0;1076.0;1052.0;833.0;1106.0;13;c-1857 f-230;-754.719.363.125.223;3.745.968.347.071.580;7.692.307.692.307.690;LA TIGRERA;Sitio;CATALOGO
1143;c-1857 f-230.jpg;PEDRES;1511.0;1128.0;1618.0;1004.0;1647.0;1031.0;1544.0;1158.0;6;c-1857 f-230;-7.545.374.276.275.410;3.744.167.010.845.980;7.142.857.142.857.140;PIEDRAS;Laguna;CATALOGO
1144;c-1857 f-230.jpg;VEREDA;1072.0;1292.0;1346.0;1283.0;1349.0;1350.0;1074.0;1358.0;6;c-1857 f-230;-7.546.531.807.920.080;37.398.226.117.136.600;7.142.857.142.857.140;VERADAR;Sitio;CATALOGO
1145;c-1857 f-230.jpg;QUEBRAR;1385.0;1366.0;1498.0;1146.0;1545.0;1171.0;1429.0;1390.0;7;c-1857 f-230;-7.545.706.506.314.660;37.378.623.340.563.900;7.142.857.142.857.140;QUERARI;Isla;CATALOGO
1146;c-1857 f-230.jpg;MARACAIBO;1947.0;1344.0;2088.0;1338.0;2090.0;1370.0;1948.0;1380.0;9;c-1857 f-230;-7.544.224.654.869.780;37.384.451.193.058.500;7.777.777.777.777.770;MANACABO;Caño;CATALOGO
1147;c-1857 f-230.jpg;SAN CAVE;1696.0;1457.0;1854.0;1460.0;1853.0;1498.0;1695.0;1495.0;8;c-1857 f-230;-7.544.886.478.201.920;3.735.451.722.342.730;75.0;SAN REVE;Quebrada;CATALOGO
1148;c-1857 f-230.jpg;EL REFUGL;1507.0;1588.0;1637.0;1583.0;1639.0;1614.0;1509.0;1620.0;9;c-1857 f-230;-7.545.384.823.260.790;37.319.815.010.846;80.0;EL REFUGIO;Sitio;CATALOGO
1149;c-1857 f-230.jpg;CHIGURU;1094.0;1642.0;1220.0;1642.0;1220.0;1674.0;1094.0;1674.0;7;c-1857 f-230;-7.546.473.799.500.530;37.305.510.281.995.600;75.0;CHIGUARA;Quebrada;CATALOGO
1150;c-1857 f-230.jpg;LA MARIA;1441.0;1703.0;1586.0;1691.0;1589.0;1731.0;1442.0;1739.0;8;c-1857 f-230;-7.545.558.848.519.440;37.289.351.236.442.500;87.5;LA MARÍA;Sitio;CATALOGO
1151;c-1857 f-230.jpg;ON UMA;983.0;1753.0;1130.0;1753.0;1130.0;1787.0;983.0;1786.0;6;c-1857 f-230;-7.546.766.478.344.630;3.727.610.611.713.660;6.666.666.666.666.660;;;
1152;c-1857 f-230.jpg;LA BALASTERA;1264.0;1740.0;1468.0;1738.0;1468.0;1768.0;1264.0;1772.0;12;c-1857 f-230;-754.602.555.262.219;37.279.549.848.156.100;8.333.333.333.333.330;LA BALANERA;Quebrada;CATALOGO
1153;c-1857 f-230.jpg;TORRE DE CONTROL;1074.0;1895.0;1293.0;1886.0;1296.0;1918.0;1076.0;1931.0;16;c-1857 f-230;-7.546.526.534.427.390;3.723.848.997.830.800;6.470.588.235.294.110;;;
1154;c-1857 f-230.jpg;MONTE GRANDE;1527.0;1888.0;1806.0;1889.0;1806.0;1931.0;1527.0;1928.0;12;c-1857 f-230;-7.545.332.088.333.920;37.240.344.295.010.800;75.0;HONDA GRANDE;Quebrada;CATALOGO
1155;c-1857 f-230.jpg;CORRAL;1846.0;1848.0;1987.0;1842.0;1989.0;1879.0;1847.0;1886.0;6;c-1857 f-230;-7.544.490.966.250.440;37.250.940.390.455.500;8.333.333.333.333.330;CORNAL;Quebrada;CATALOGO
1156;c-1857 f-230.jpg;SALATEROS;1428.0;1937.0;1624.0;1928.0;1626.0;1968.0;1430.0;1978.0;9;c-1857 f-230;-7.545.593.126.221.900;37.227.364.078.091.100;7.777.777.777.777.770;SALADERO;Quebrada;CATALOGO
1157;c-1857 f-230.jpg;ENLA PALMITO;1732.0;1899.0;2061.0;1892.0;2062.0;1934.0;1734.0;1943.0;12;c-1857 f-230;-754.479.155.533.357;37.237.430.368.763.500;75.0;LA PALMITA;Sitio;CATALOGO
1158;c-1857 f-230.jpg;AHQUEBRADA;1438.0;1966.0;1818.0;1924.0;1823.0;1961.0;1442.0;2003.0;10;c-1857 f-230;-7.545.566.758.758.470;3.721.968.190.889.370;8.181.818.181.818.180;LA QUEBRADA;Sitio;CATALOGO
1159;c-1857 f-230.jpg;AEROPUERTO;914.0;2019.0;1151.0;2003.0;1154.0;2040.0;914.0;2058.0;10;c-1857 f-230;-7.546.948.413.842.310;37.205.642.082.429.500;100.0;AEROPUERTO;Caserío;CATALOGO
1160;c-1857 f-230.jpg;NAVAS PARDO;919.0;2060.0;1162.0;2048.0;1164.0;2083.0;920.0;2096.0;11;c-1857 f-230;-7.546.935.230.110.590;37.194.781.084.598.600;100.0;NAVAS PARDO;Aeropuerto;CATALOGO
1161;c-1857 f-230.jpg;CANADA;1348.0;2073.0;1638.0;2087.0;1633.0;2152.0;1345.0;2124.0;6;c-1857 f-230;-7.545.804.065.929.360;37.191.337.353.579.100;7.142.857.142.857.140;PLANADA;Sitio;CATALOGO
1162;c-1857 f-230.jpg;QUEBRADA LAG;1367.0;2178.0;1715.0;2245.0;1704.0;2302.0;1357.0;2219.0;12;c-1857 f-230;-754.575.396.774.884;3.716.352.260.303.680;7.142.857.142.857.140;QUEBRADA NEGRA;Sitio;CATALOGO
1163;c-1857 f-230.jpg;MADRO AL;1651.0;2133.0;1908.0;2135.0;1908.0;2198.0;1651.0;2195.0;8;c-1857 f-230;-754.500.513.178.737;3.717.544.321.041.210;87.5;MADRONAL;Quebrada;CATALOGO
1164;c-1857 f-230.jpg;KODAK SAFETY SILLA;2744.0;2204.0;2744.0;2022.0;2773.0;2022.0;2772.0;2204.0;18;c-1857 f-230;-7.542.123.168.034.240;37.156.635.140.997.800;50.0;;;
1165;c-1891 f-074.jpg;KRELITHE;237.0;633.0;475.0;679.0;463.0;740.0;227.0;693.0;8;c-1891 f-074;-7.556.580.835.895.690;37.444.829.025.623.700;50.0;;;
1166;c-1891 f-074.jpg;HDALAS SALINAS;605.0;662.0;873.0;636.0;877.0;668.0;606.0;695.0;14;c-1891 f-074;-755.561.042.749.746;37.437.146.958.867.100;7.857.142.857.142.850;LAS SALINAS;Sitio;CATALOGO
1167;c-1891 f-074.jpg;ALBELIA;1856.0;551.0;1972.0;539.0;1976.0;570.0;1858.0;581.0;7;c-1891 f-074;-7.552.311.566.339.310;37.466.550.731.625.000;7.142.857.142.857.140;ARGELIA;Isla;CATALOGO
1168;c-1891 f-074.jpg;PUENTE VERDE;390.0;746.0;875.0;712.0;880.0;774.0;394.0;805.0;12;c-1891 f-074;-7.556.177.378.056.210;37.414.895.455.158.400;8.333.333.333.333.330;PUERTA VERDE;Cañada;CATALOGO
1169;c-1891 f-074.jpg;ELRECUERDO;325.0;902.0;476.0;894.0;479.0;927.0;326.0;937.0;10;c-1891 f-074;-7.556.348.781.713.510;37.373.571.233.985.100;909.090.909.090.909;EL RECUERDO;Sitio;CATALOGO
1170;c-1891 f-074.jpg;BELGICA;825.0;842.0;948.0;828.0;950.0;859.0;830.0;879.0;7;c-1891 f-074;-7.555.030.292.041.990;3.738.946.516.520.560;8.571.428.571.428.570;BÉLGICA;Sitio;CATALOGO
1171;c-1891 f-074.jpg;VDH STR AAR;1197.0;800.0;1499.0;761.0;1504.0;805.0;1202.0;842.0;11;c-1891 f-074;-755.404.933.572.638;37.400.590.917.060.000;4.166.666.666.666.660;;;
1172;c-1891 f-074.jpg;THE PALANI;1572.0;755.0;1781.0;533.0;1817.0;569.0;1608.0;789.0;10;c-1891 f-074;-7.553.060.468.472.740;37.412.511.365.475.300;60.0;;;
1173;c-1891 f-074.jpg;NDA SANTA ANA;1219.0;866.0;1443.0;836.0;1447.0;867.0;1223.0;896.0;13;c-1891 f-074;-7.553.991.322.180.830;37.383.107.592.717.400;7.058.823.529.411.760;NEIRA (SANTA ANA);Caserío;CATALOGO
1174;c-1891 f-074.jpg;IA ALLANCIA;1629.0;851.0;1824.0;839.0;1826.0;868.0;1631.0;881.0;11;c-1891 f-074;-7.552.910.160.650.180;3.738.708.107.552.250;7.272.727.272.727.270;LA ALSACIA;Sitio;CATALOGO
1175;c-1891 f-074.jpg;LA PLANTACION;882.0;973.0;1097.0;963.0;1099.0;999.0;882.0;1007.0;13;c-1891 f-074;-7.554.879.984.219.430;3.735.476.341.537.420;923.076.923.076.923;LA PLANTACIÓN;Sitio;CATALOGO
1176;c-1891 f-074.jpg;EL JARDIN;349.0;1055.0;488.0;1041.0;491.0;1071.0;352.0;1082.0;9;c-1891 f-074;-7.556.285.494.209.270;37.333.041.709.372.800;8.888.888.888.888.880;EL JARDÍN;Sitio;CATALOGO
1177;c-1891 f-074.jpg;VIA EL;1824.0;941.0;1986.0;927.0;1990.0;967.0;1827.0;981.0;6;c-1891 f-074;-7.552.395.949.678.290;37.363.240.178.691.800;6.666.666.666.666.660;;;
1178;c-1891 f-074.jpg;MAELMIRADOR;332.0;1123.0;534.0;1101.0;538.0;1135.0;334.0;1155.0;11;c-1891 f-074;-7.556.330.322.858.100;37.315.028.587.322.900;7.272.727.272.727.270;EL MIRADOR;Sitio;CATALOGO
1179;c-1891 f-074.jpg;ALGODON;1802.0;983.0;2025.0;977.0;2027.0;1015.0;1804.0;1024.0;7;c-1891 f-074;-755.245.396.322.384;37.352.114.426.837.400;8.571.428.571.428.570;ALGODÓN;Vereda;CATALOGO
1180;c-1891 f-074.jpg;ATORRAL;613.0;1155.0;1103.0;1116.0;1109.0;1190.0;617.0;1219.0;7;c-1891 f-074;-7.555.589.331.662.710;373.065.518.240.054;7.142.857.142.857.140;CORRAL;Sabana;CATALOGO
1181;c-1891 f-074.jpg;QUE BRADA LA;1925.0;1089.0;2178.0;1124.0;2173.0;1154.0;1920.0;1110.0;12;c-1891 f-074;-7.552.129.614.764.640;37.324.035.148.347.900;75.0;QUEBRADILLA;Sitio;CATALOGO
1182;c-1891 f-074.jpg;EL SANTUARIO;939.0;1282.0;1200.0;1173.0;1214.0;1214.0;951.0;1321.0;12;c-1891 f-074;-7.554.729.676.396.880;37.272.909.669.588.600;100.0;EL SANTUARIO;Alto;CATALOGO
1183;c-1891 f-074.jpg;JAR DE VENECIA;215.0;1398.0;472.0;1384.0;473.0;1409.0;215.0;1421.0;14;c-1891 f-074;-7.556.638.849.441.240;3.724.218.140.256.230;6.428.571.428.571.420;;;
1184;c-1891 f-074.jpg;SAN PEDRO;434.0;1360.0;570.0;1347.0;572.0;1371.0;437.0;1384.0;9;c-1891 f-074;-755.606.135.096.512;37.252.247.559.002.000;100.0;SAN PEDRO;Sitio;CATALOGO
1185;c-1891 f-074.jpg;EL SANTUARIO;780.0;1370.0;1133.0;1305.0;1144.0;1335.0;787.0;1418.0;12;c-1891 f-074;-7.555.148.956.112.420;37.249.598.570.465.200;100.0;EL SANTUARIO;Alto;CATALOGO
1186;c-1891 f-074.jpg;PLAS PALMERAS;459.0;1439.0;674.0;1426.0;676.0;1449.0;462.0;1469.0;13;c-1891 f-074;-7.555.995.426.481.540;372.313.205.495.617;923.076.923.076.923;LAS PALMERAS;Sitio;CATALOGO
1187;c-1891 f-074.jpg;VIA AGUAYO;973.0;1371.0;1414.0;1307.0;1417.0;1359.0;979.0;1428.0;10;c-1891 f-074;-755.464.001.909.922;372.493.336.716.116;60.0;;;
1188;c-1891 f-074.jpg;VIA CUIRA;1680.0;1247.0;2099.0;1220.0;2102.0;1276.0;1685.0;1309.0;9;c-1891 f-074;-755.277.567.470.369;37.282.181.129.467.300;6.666.666.666.666.660;;;
1189;c-1891 f-074.jpg;LA VIER;1311.0;1396.0;1477.0;1389.0;1479.0;1424.0;1313.0;1437.0;7;c-1891 f-074;-7.553.748.720.081.270;3.724.271.120.026.970;75.0;LA VIEJA;Cerro;CATALOGO
1190;c-1891 f-074.jpg;EL TRI;1053.0;1460.0;1185.0;1442.0;1190.0;1477.0;1056.0;1496.0;6;c-1891 f-074;-7.554.429.060.751.770;3.722.575.767.363.450;7.142.857.142.857.140;EL TORO;Vereda;CATALOGO
1191;c-1891 f-074.jpg;ESTR LD;2167.0;1376.0;2248.0;1370.0;2250.0;1391.0;2168.0;1398.0;7;c-1891 f-074;-755.149.146.576.363;37.248.009.177.343.200;62.5;;;
1192;c-1891 f-074.jpg;SAN PEDRO;294.0;1591.0;432.0;1393.0;454.0;1408.0;319.0;1607.0;9;c-1891 f-074;-7.556.430.528.073.140;37.191.055.923.803.100;100.0;SAN PEDRO;Sitio;CATALOGO
1193;c-1891 f-074.jpg;VIA ESPIRITU SANTA;466.0;1581.0;814.0;1544.0;818.0;1587.0;470.0;1626.0;18;c-1891 f-074;-7.555.976.967.626.140;37.193.704.912.339.800;7.222.222.222.222.220;EL ESPÍRITU SANTO;Cuchilla;CATALOGO
1194;c-1891 f-074.jpg;EL EBEN;2105.0;1429.0;2207.0;1410.0;2210.0;1431.0;2108.0;1451.0;7;c-1891 f-074;-75.516.549.584.829;37.233.969.538.098.400;7.142.857.142.857.140;EL EDÉN;Vereda;CATALOGO
1195;c-1891 f-074.jpg;GENEL TO;1796.0;1461.0;1918.0;1452.0;1921.0;1484.0;1799.0;1496.0;8;c-1891 f-074;-7.552.469.785.099.890;37.225.492.774.780.800;62.5;;;
1196;c-1891 f-074.jpg;PLANTA;2175.0;1495.0;2305.0;1469.0;2309.0;1491.0;2179.0;1516.0;6;c-1891 f-074;-7.551.470.369.928.880;372.164.862.137.559;8.333.333.333.333.330;PLATA;Caño;CATALOGO
1197;c-1891 f-074.jpg;EL ENCANTO;2214.0;1532.0;2357.0;1510.0;2361.0;1534.0;2217.0;1555.0;10;c-1891 f-074;-7.551.367.527.734.500;37.206.684.956.169.900;100.0;EL ENCANTO;Vereda;CATALOGO
1198;c-1891 f-074.jpg;EL PORVENIR;1382.0;1653.0;1555.0;1639.0;1559.0;1672.0;1385.0;1687.0;11;c-1891 f-074;-7.553.561.494.547.910;37.174.632.194.875.200;100.0;EL PORVENIR;Sitio;CATALOGO
1199;c-1891 f-074.jpg;LAS ANIMAS;1376.0;1696.0;1550.0;1673.0;1556.0;1706.0;1381.0;1732.0;10;c-1891 f-074;-7.553.577.316.423.970;3.716.324.154.416.720;7.272.727.272.727.270;LAS LAJITAS;Quebrada;CATALOGO
1200;c-1891 f-074.jpg;LRESPERANZA;2128.0;1601.0;2320.0;1590.0;2322.0;1617.0;2129.0;1630.0;11;c-1891 f-074;-7.551.594.307.958.000;37.188.406.935.266.300;8.333.333.333.333.330;LA ESPERANZA;Vereda;CATALOGO
1201;c-1891 f-074.jpg;SN FRANCISCO;973.0;1772.0;1149.0;1752.0;1153.0;1786.0;975.0;1805.0;12;c-1891 f-074;-755.464.001.909.922;37.143.109.231.287.900;923.076.923.076.923;SAN FRANCISCO;Vereda;CATALOGO
1202;c-1891 f-074.jpg;PLANTR ACUEDUCTO;1896.0;1710.0;2164.0;1652.0;2171.0;1681.0;1896.0;1742.0;16;c-1891 f-074;-7.552.206.087.165.590;37.159.532.960.215.700;93.75;PLANTA ACUEDUCTO;Sitio;CATALOGO
1203;c-1891 f-074.jpg;ELENCANTA;2226.0;1660.0;2393.0;1645.0;2397.0;1680.0;2229.0;1696.0;9;c-1891 f-074;-7.551.335.883.982.390;37.172.777.902.899.500;80.0;EL ENCANTO;Vereda;CATALOGO
1204;c-1891 f-074.jpg;IR ESMERALDA;642.0;1863.0;839.0;1854.0;840.0;1889.0;644.0;1899.0;12;c-1891 f-074;-7.555.512.859.261.760;37.119.003.435.603.500;8.333.333.333.333.330;LA ESMERALDA;Vereda;CATALOGO
1205;c-1891 f-074.jpg;MADRID;1212.0;1787.0;1293.0;1765.0;1299.0;1790.0;1218.0;1811.0;6;c-1891 f-074;-7.554.009.781.036.230;371.391.357.484.828;100.0;MADRID;Sitio;CATALOGO
1206;c-1891 f-074.jpg;ELPUENTE;1949.0;1716.0;2101.0;1678.0;2109.0;1708.0;1952.0;1744.0;8;c-1891 f-074;-7.552.066.327.260.410;3.715.794.356.709.370;75.0;PUENTE;Vereda;CATALOGO
1207;c-1891 f-074.jpg;BUENAVISTA;1441.0;1797.0;1671.0;1768.0;1674.0;1794.0;1444.0;1822.0;10;c-1891 f-074;-7.553.405.912.766.670;3.713.648.675.994.600;909.090.909.090.909;BUENA VISTA;Sitio;CATALOGO
1208;c-1891 f-074.jpg;EL MIRADOR;998.0;1870.0;1179.0;1851.0;1181.0;1882.0;1002.0;1904.0;10;c-1891 f-074;-7.554.574.094.615.640;3.711.714.914.362.770;100.0;EL MIRADOR;Sitio;CATALOGO
1209;c-1891 f-074.jpg;MESITAS;1321.0;1835.0;1504.0;1819.0;1506.0;1838.0;1323.0;1856.0;7;c-1891 f-074;-7.553.722.350.287.840;37.126.420.603.506.400;7.142.857.142.857.140;MESETA;Sitio;CATALOGO
1210;c-1891 f-074.jpg;BUENOS PIC;1466.0;1855.0;1578.0;1837.0;1581.0;1860.0;1469.0;1876.0;10;c-1891 f-074;-7.553.339.988.283.100;37.121.122.626.432.900;6.666.666.666.666.660;;;
1211;c-1891 f-074.jpg;LA HOLANIA;441.0;2031.0;686.0;2009.0;689.0;2035.0;443.0;2057.0;10;c-1891 f-074;-7.556.042.892.109.710;37.074.500.428.186.100;90.0;LA HOLANDA;Sitio;CATALOGO
1212;c-1891 f-074.jpg;LAS LUMITRS;817.0;1974.0;1005.0;1938.0;1011.0;1971.0;824.0;2011.0;11;c-1891 f-074;-7.555.051.387.876.730;37.089.599.662.845.500;7.272.727.272.727.270;LAS LAJITAS;Quebrada;CATALOGO
1213;c-1891 f-074.jpg;SAN FRANCISCO;1119.0;1948.0;1470.0;2343.0;1423.0;2380.0;1078.0;1986.0;13;c-1891 f-074;-7.554.255.020.115.130;37.096.487.033.041.100;100.0;SAN FRANCISCO;Vereda;CATALOGO
1214;c-1891 f-074.jpg;LAGRANIA;1640.0;1908.0;1762.0;1879.0;1769.0;1906.0;1645.0;1935.0;8;c-1891 f-074;-7.552.881.153.877.410;3.710.708.298.718.810;7.777.777.777.777.770;LA GRANJA;Sitio;CATALOGO
1215;c-1891 f-074.jpg;SH ISIDRO;333.0;2091.0;471.0;2076.0;473.0;2099.0;335.0;2114.0;9;c-1891 f-074;-7.556.327.685.878.760;3.705.860.649.696.560;80.0;SAN ISIDRO;Sitio;CATALOGO
1216;c-1891 f-074.jpg;LA ESPERANZA;777.0;2026.0;978.0;1989.0;985.0;2021.0;784.0;2062.0;12;c-1891 f-074;-7.555.156.867.050.450;37.075.824.922.454.400;75.0;LA ESMERALDA;Vereda;CATALOGO
1217;c-1891 f-074.jpg;MESA DE AGUAYO;1332.0;1956.0;1547.0;1934.0;1549.0;1960.0;1334.0;1982.0;14;c-1891 f-074;-7.553.693.343.515.060;37.094.367.842.211.700;7.142.857.142.857.140;MATA DE AGUA;Sitio;CATALOGO
1218;c-1891 f-074.jpg;CAMIRADOR;1556.0;1950.0;1691.0;1938.0;1693.0;1959.0;1558.0;1971.0;9;c-1891 f-074;-7.553.102.660.142.220;37.095.957.235.333.700;7.777.777.777.777.770;MIRADOR;Vereda;CATALOGO
1219;c-1891 f-074.jpg;LOMA LINDA;1524.0;1979.0;1677.0;1961.0;1680.0;1984.0;1527.0;2004.0;10;c-1891 f-074;-7.553.187.043.481.200;37.088.275.168.577.200;80.0;LA LINDA;Sitio;CATALOGO
1220;c-1891 f-074.jpg;ELLLAVEIL NA;2157.0;1894.0;2325.0;1882.0;2328.0;1924.0;2160.0;1934.0;12;c-1891 f-074;-755.151.783.555.706;3.711.079.157.113.950;6.153.846.153.846.150;;;
1221;c-1891 f-074.jpg;BARRANGEM LA;1241.0;2074.0;1425.0;2117.0;1413.0;2153.0;1233.0;2116.0;12;c-1891 f-074;-7.553.933.308.635.280;37.063.109.777.478.000;6.666.666.666.666.660;;;
1222;c-1891 f-074.jpg;SHERANCISCO;770.0;2156.0;942.0;2133.0;946.0;2164.0;773.0;2187.0;11;c-1891 f-074;-7.555.175.325.905.850;37.041.388.071.476.700;7.272.727.272.727.270;FRANCISCO;Sitio;CATALOGO
1223;c-1891 f-074.jpg;ELPRINAR;1809.0;2081.0;1992.0;2053.0;1998.0;2083.0;1814.0;2114.0;8;c-1891 f-074;-7.552.435.504.368.430;3.706.125.548.550.230;75.0;EL PINAR;Sitio;CATALOGO
1224;c-1891 f-074.jpg;AN VILENTE;308.0;2267.0;472.0;2251.0;477.0;2286.0;312.0;2305.0;10;c-1891 f-074;-7.556.393.610.362.340;37.011.984.298.718.800;8.181.818.181.818.180;SAN VICENTE;Vereda;CATALOGO
1225;c-1891 f-074.jpg;THELES;785.0;2202.0;1011.0;2331.0;977.0;2389.0;753.0;2257.0;6;c-1891 f-074;-7.555.135.771.215.710;3.702.920.272.420.760;7.142.857.142.857.140;TONELES;Vereda;CATALOGO
1226;c-1891 f-074.jpg;ELRETIRO;637.0;2245.0;764.0;2239.0;765.0;2264.0;639.0;2270.0;8;c-1891 f-074;-7.555.526.044.158.480;3.701.781.207.349.960;8.888.888.888.888.880;EL RETIRO;Sitio;CATALOGO
1227;c-1891 f-074.jpg;BUENAVISTA;1810.0;2129.0;1966.0;2104.0;1971.0;2137.0;1814.0;2162.0;10;c-1891 f-074;-7.552.432.867.389.090;3.704.854.034.052.590;909.090.909.090.909;BUENA VISTA;Sitio;CATALOGO
1228;c-1891 f-074.jpg;VEN CIA;276.0;2326.0;450.0;2299.0;457.0;2337.0;282.0;2366.0;7;c-1891 f-074;-7.556.477.993.701.320;3.699.635.526.635.190;8.571.428.571.428.570;VENECIA;Sitio;CATALOGO
1229;c-1891 f-074.jpg;SN FRANCISCO;1040.0;2246.0;1243.0;2225.0;1245.0;2252.0;1042.0;2272.0;12;c-1891 f-074;-7.554.463.341.483.230;37.017.547.174.645.900;923.076.923.076.923;SAN FRANCISCO;Vereda;CATALOGO
1230;c-1891 f-074.jpg;LAS FLORES;1706.0;2233.0;1867.0;2209.0;1873.0;2244.0;1710.0;2270.0;10;c-1891 f-074;-755.270.711.324.077;3.702.099.085.974.370;100.0;LAS FLORES;Vereda;CATALOGO
1231;c-1891 f-074.jpg;ELCINCIN;1893.0;2189.0;2035.0;2172.0;2039.0;2203.0;1897.0;2221.0;8;c-1891 f-074;-7.552.213.998.103.620;37.032.646.409.305.400;75.0;ELCINCO;Sitio;CATALOGO
1232;c-1891 f-074.jpg;KINDBY;366.0;2411.0;464.0;2498.0;441.0;2525.0;344.0;2436.0;6;c-1891 f-074;-7.556.240.665.560.440;36.973.838.863.789.600;6.666.666.666.666.660;;;
1233;c-1891 f-074.jpg;LAS PALMAS;1134.0;2323.0;1255.0;2314.0;1257.0;2336.0;1136.0;2346.0;10;c-1891 f-074;-7.554.215.465.424.990;3.699.714.996.291.300;80.0;LAS DAMAS;Vereda;CATALOGO
1234;c-1891 f-074.jpg;LINDAJ;602.0;2447.0;695.0;2442.0;696.0;2462.0;603.0;2467.0;6;c-1891 f-074;-7.555.618.338.435.490;36.964.302.505.057.300;8.333.333.333.333.330;LINDA;Quebrada;CATALOGO
1235;c-1891 f-074.jpg;BUGMAVISTA;787.0;2430.0;923.0;2421.0;925.0;2444.0;789.0;2453.0;10;c-1891 f-074;-7.555.130.497.257.020;36.968.805.785.569.700;7.272.727.272.727.270;BUENA VISTA;Sitio;CATALOGO
1236;c-1891 f-074.jpg;IBUKES;687.0;2519.0;847.0;2557.0;838.0;2596.0;680.0;2558.0;6;c-1891 f-074;-755.539.419.519.133;3.694.522.978.759.270;6.666.666.666.666.660;;;
1237;c-1891 f-074.jpg;LINDOSA;1014.0;2463.0;1128.0;2449.0;1131.0;2479.0;1018.0;2494.0;7;c-1891 f-074;-7.554.531.902.946.150;36.960.064.123.398.500;7.142.857.142.857.140;LINDO;Caño;CATALOGO
1238;c-1891 f-074.jpg;EL PORVENIR;1669.0;2395.0;1837.0;2378.0;1841.0;2412.0;1671.0;2430.0;11;c-1891 f-074;-7.552.804.681.476.460;36.978.077.245.448.400;100.0;EL PORVENIR;Sitio;CATALOGO
1239;c-1891 f-076.jpg;PEDREGAL;2124.0;296.0;2152.0;461.0;2112.0;467.0;2088.0;303.0;8;c-1891 f-076;-7.551.403.637.390.080;38.042.503.252.669.000;7.272.727.272.727.270;EL PEDREGAL;Sitio;CATALOGO
1240;c-1891 f-076.jpg;HALKRET;504.0;341.0;613.0;333.0;615.0;361.0;506.0;370.0;7;c-1891 f-076;-7.555.951.888.533.240;38.029.811.010.676.100;62.5;;;
1241;c-1891 f-076.jpg;LA HONDA;827.0;497.0;951.0;497.0;952.0;520.0;827.0;521.0;8;c-1891 f-076;-7.555.045.045.867.040;3.798.581.123.843.410;80.0;LA HOLANDA;Sitio;CATALOGO
1242;c-1891 f-076.jpg;RARLINTIUR;190.0;568.0;350.0;568.0;350.0;589.0;190.0;588.0;10;c-1891 f-076;-7.556.833.463.137.530;37.965.785.701.067.600;60.0;;;
1243;c-1891 f-076.jpg;SAN MORIWN;746.0;545.0;896.0;541.0;897.0;567.0;747.0;569.0;10;c-1891 f-076;-75.552.724.584.242;3.797.227.284.697.500;7.272.727.272.727.270;SAN MARIANO;Caño;CATALOGO
1244;c-1891 f-076.jpg;ELINGERMANY;1673.0;528.0;1745.0;681.0;1705.0;700.0;1634.0;544.0;11;c-1891 f-076;-7.552.669.848.047.830;37.977.067.693.950.100;7.272.727.272.727.270;LINDERMAN;Sitio;CATALOGO
1245;c-1891 f-076.jpg;VIA BUENAVISTA;1794.0;524.0;2062.0;509.0;2065.0;548.0;1795.0;566.0;14;c-1891 f-076;-7.552.330.132.993.310;37.978.195.893.238.400;7.142.857.142.857.140;BUENAVISTA;Caño;CATALOGO
1246;c-1891 f-076.jpg;VEDA CHIQUITA;190.0;599.0;386.0;605.0;385.0;629.0;189.0;623.0;13;c-1891 f-076;-7.556.833.463.137.530;3.795.704.215.658.360;7.333.333.333.333.330;PUERTA CHIQUITA;Vereda;CATALOGO
1247;c-1891 f-076.jpg;AN CUNAUTTA;914.0;619.0;1109.0;619.0;1109.0;653.0;914.0;653.0;11;c-1891 f-076;-755.480.078.793.528;3.795.140.116.014.230;5.882.352.941.176.470;;;
1248;c-1891 f-076.jpg;PALMICHAL;228.0;752.0;399.0;750.0;400.0;782.0;228.0;786.0;9;c-1891 f-076;-7.556.726.775.765.030;37.913.888.533.807.800;100.0;PALMICHAL;Vereda;CATALOGO
1249;c-1891 f-076.jpg;VER IR CIMARRONR;355.0;807.0;661.0;791.0;663.0;831.0;355.0;847.0;16;c-1891 f-076;-7.556.370.215.335.910;37.898.375.793.594.300;56.25;;;
1250;c-1891 f-076.jpg;LOS MANGOS;1560.0;758.0;1762.0;753.0;1763.0;788.0;1560.0;793.0;10;c-1891 f-076;-7.552.987.102.602.880;37.912.196.234.875.400;7.272.727.272.727.270;LOS CANELOS;Sitio;CATALOGO
1251;c-1891 f-076.jpg;ELFICA;911.0;812.0;994.0;812.0;994.0;844.0;911.0;844.0;6;c-1891 f-076;-7.554.809.210.622.580;37.896.965.544.484;75.0;EL FICAL;Sitio;CATALOGO
1252;c-1891 f-076.jpg;POMARROJO;1982.0;767.0;2136.0;772.0;2135.0;807.0;1980.0;802.0;9;c-1891 f-076;-7.551.802.311.255.710;37.909.657.786.476.800;7.777.777.777.777.770;POMAREJO;Loma;CATALOGO
1253;c-1891 f-076.jpg;ELVILIVIL;389.0;870.0;558.0;867.0;559.0;901.0;389.0;904.0;9;c-1891 f-076;-7.556.274.758.213.150;37.880.606.654.804.200;7.777.777.777.777.770;VILIVIL;Quebrada;CATALOGO
1254;c-1891 f-076.jpg;LA ESPERANZA;1067.0;1277.0;1272.0;1269.0;1273.0;1304.0;1068.0;1314.0;12;c-1891 f-076;-755.437.123.088.287;377.658.123.772.242;75.0;LA ESMERALDA;Vereda;CATALOGO
1255;c-1891 f-076.jpg;LA CHITVERR;777.0;980.0;950.0;972.0;952.0;1016.0;777.0;1022.0;11;c-1891 f-076;-7.555.185.423.988.740;3.784.958.117.437.720;75.0;LA CHIVATERA;Sitio;CATALOGO
1256;c-1891 f-076.jpg;VIA DE MAITO;1058.0;948.0;1565.0;930.0;1568.0;1006.0;1061.0;1020.0;12;c-1891 f-076;-7.554.396.498.944.770;3.785.860.676.868.320;7.142.857.142.857.140;VILLA DE MARRO;Sitio;CATALOGO
1257;c-1891 f-076.jpg;BULMAVISTA;1783.0;981.0;1975.0;971.0;1977.0;1005.0;1783.0;1018.0;10;c-1891 f-076;-755.236.101.618.009;3.784.929.912.455.510;7.272.727.272.727.270;BELLA VISTA;Sitio;CATALOGO
1258;c-1891 f-076.jpg;VENTRARONES;233.0;1091.0;392.0;1091.0;392.0;1114.0;233.0;1114.0;11;c-1891 f-076;-7.556.712.737.952.860;37.818.273.644.128.100;6.363.636.363.636.360;;;
1259;c-1891 f-076.jpg;EL SILENCIO;1727.0;1044.0;1907.0;1040.0;1908.0;1078.0;1727.0;1082.0;11;c-1891 f-076;-7.552.518.239.676.390;37.831.529.985.765.100;100.0;EL SILENCIO;Sitio;CATALOGO
1260;c-1891 f-076.jpg;CASA NUEVA;328.0;1116.0;462.0;1122.0;461.0;1145.0;328.0;1138.0;10;c-1891 f-076;-7.556.446.019.521.630;37.811.222.398.576.500;100.0;CASA NUEVA;Sitio;CATALOGO
1261;c-1891 f-076.jpg;BRICONES;186.0;1158.0;310.0;1157.0;310.0;1179.0;186.0;1180.0;8;c-1891 f-076;-7.556.844.693.387.260;37.799.376.306.049.800;75.0;BALCONES;Sitio;CATALOGO
1262;c-1891 f-076.jpg;CRULE DEL PRADO;927.0;1128.0;1160.0;1111.0;1163.0;1142.0;930.0;1165.0;15;c-1891 f-076;-7.554.764.289.623.630;37.807.837.800.711.700;75.0;CRUCE DEL SALADO;Sitio;CATALOGO
1263;c-1891 f-076.jpg;EL MIRADOR;1138.0;1130.0;1350.0;1104.0;1354.0;1136.0;1143.0;1165.0;10;c-1891 f-076;-7.554.171.893.950.050;37.807.273.701.067.600;100.0;EL MIRADOR;Sitio;CATALOGO
1264;c-1891 f-076.jpg;LA SECRETA;1611.0;1139.0;1795.0;1126.0;1799.0;1165.0;1614.0;1179.0;10;c-1891 f-076;-755.284.391.691.875;37.804.735.252.669.000;100.0;LA SECRETA;Quebrada;CATALOGO
1265;c-1891 f-076.jpg;BULURVIST;392.0;1205.0;529.0;1205.0;529.0;1244.0;392.0;1243.0;9;c-1891 f-076;-7.556.266.335.525.850;37.786.119.964.412.800;60.0;;;
1266;c-1891 f-076.jpg;LAPALMERA;1084.0;1218.0;1301.0;1196.0;1302.0;1236.0;1086.0;1255.0;9;c-1891 f-076;-755.432.350.232.149;3.778.245.331.672.590;75.0;LA PALMERITA;Sitio;CATALOGO
1267;c-1891 f-076.jpg;LA BOHEMIA;1235.0;1229.0;1474.0;1230.0;1474.0;1275.0;1235.0;1275.0;10;c-1891 f-076;-7.553.899.560.393.950;3.777.935.076.868.320;100.0;LA BOHEMIA;Sitio;CATALOGO
1268;c-1891 f-076.jpg;ELPALMAR;896.0;1321.0;1040.0;1307.0;1045.0;1344.0;897.0;1359.0;8;c-1891 f-076;-7.554.851.324.059.090;37.753.402.185.053.300;8.888.888.888.888.880;EL PALMAR;Sitio;CATALOGO
1269;c-1891 f-076.jpg;NARANJAL;1338.0;1292.0;1530.0;1287.0;1531.0;1326.0;1338.0;1330.0;8;c-1891 f-076;-7.553.610.381.463.240;3.776.158.162.989.320;80.0;NARANJALES;Vereda;CATALOGO
1270;c-1891 f-076.jpg;EL REMOLINA;376.0;1383.0;524.0;1378.0;524.0;1403.0;377.0;1408.0;11;c-1891 f-076;-7.556.311.256.524.790;37.735.915.096.085.400;7.272.727.272.727.270;EL MOLINO;Sitio;CATALOGO
1271;c-1891 f-076.jpg;BARRANCOS;1038.0;1351.0;1248.0;1346.0;1250.0;1382.0;1039.0;1391.0;9;c-1891 f-076;-7.554.452.650.193.450;3.774.494.069.039.140;7.777.777.777.777.770;BARRANCÓN;Isla;CATALOGO
1272;c-1891 f-076.jpg;LOS PINOS;1321.0;1349.0;1495.0;1347.0;1496.0;1380.0;1322.0;1382.0;9;c-1891 f-076;-755.365.811.002.462;37.745.504.790.035.500;7.777.777.777.777.770;LOS MICOS;Loma;CATALOGO
1273;c-1891 f-076.jpg;VIA EL MURAL;262.0;1413.0;458.0;1407.0;459.0;1445.0;263.0;1453.0;12;c-1891 f-076;-7.556.631.318.642.270;37.727.453.601.423.400;6.923.076.923.076.920;;;
1274;c-1891 f-076.jpg;LOS GUIAMITOS;1669.0;1359.0;1879.0;1362.0;1879.0;1403.0;1668.0;1401.0;13;c-1891 f-076;-7.552.681.078.297.570;3.774.268.429.181.490;7.692.307.692.307.690;LOS IGUANITOS;Sitio;CATALOGO
1275;c-1891 f-076.jpg;BUENAVISTA;347.0;1461.0;500.0;1459.0;501.0;1485.0;347.0;1487.0;10;c-1891 f-076;-7.556.392.675.835.380;37.713.915.209.964.400;909.090.909.090.909;BUENA VISTA;Sitio;CATALOGO
1276;c-1891 f-076.jpg;LA ESTACIOU;614.0;1443.0;761.0;1442.0;761.0;1472.0;614.0;1473.0;11;c-1891 f-076;-7.555.643.056.665.490;3.771.899.210.676.150;7.272.727.272.727.270;LA ESTACA;Sitio;CATALOGO
1277;c-1891 f-076.jpg;IN BOTICA;1482.0;1414.0;1630.0;1415.0;1629.0;1452.0;1482.0;1450.0;9;c-1891 f-076;-7.553.206.092.472.730;37.727.171.551.601.400;7.777.777.777.777.770;LA BOTICA;Quebrada;CATALOGO
1278;c-1891 f-076.jpg;LELUCRSO ALENAVISTA;1119.0;1439.0;1643.0;1447.0;1643.0;1482.0;1118.0;1477.0;19;c-1891 f-076;-75.542.252.376.363;37.720.120.306.049.800;5.263.157.894.736.840;;;
1279;c-1891 f-076.jpg;FISALIO;357.0;1523.0;551.0;1521.0;552.0;1562.0;357.0;1564.0;7;c-1891 f-076;-7.556.364.600.211.040;37.696.428.120.996.400;7.777.777.777.777.770;FISCALITO;Sitio;CATALOGO
1280;c-1891 f-076.jpg;JESC DE MAITO;1091.0;1490.0;1354.0;1494.0;1353.0;1539.0;1091.0;1530.0;13;c-1891 f-076;-7.554.303.849.384.450;37.705.735.765.124.500;6.428.571.428.571.420;;;
1281;c-1891 f-076.jpg;LOS NARANJOS;337.0;1583.0;612.0;1577.0;613.0;1612.0;337.0;1617.0;12;c-1891 f-076;-7.556.420.751.459.720;37.679.505.131.672.500;100.0;LOS NARANJOS;Caserío;CATALOGO
1282;c-1891 f-076.jpg;RISARALIA;1407.0;1549.0;1587.0;1544.0;1589.0;1583.0;1407.0;1590.0;9;c-1891 f-076;-7.553.416.659.655.290;37.689.094.825.622.700;8.888.888.888.888.880;RISARALDA;Sitio;CATALOGO
1283;c-1891 f-076.jpg;LAS BRISAS;124.0;1623.0;243.0;1623.0;243.0;1654.0;124.0;1654.0;10;c-1891 f-076;-7.557.018.762.258.170;3.766.822.313.879.000;100.0;LAS BRISAS;Sitio;CATALOGO
1284;c-1891 f-076.jpg;LOSIGURES;690.0;1596.0;876.0;1575.0;880.0;1606.0;694.0;1629.0;9;c-1891 f-076;-7.555.429.681.920.500;37.675.838.483.985.700;7.777.777.777.777.770;LOS GIRES;Laguna;CATALOGO
1285;c-1891 f-076.jpg;GUAMAL;1787.0;1560.0;2032.0;1591.0;2026.0;1639.0;1782.0;1610.0;6;c-1891 f-076;-7.552.349.785.930.350;3.768.599.227.758.000;100.0;GUAMAL;Sitio;CATALOGO
1286;c-1891 f-076.jpg;BANCA ELLIBAND;768.0;1676.0;1097.0;1670.0;1098.0;1709.0;769.0;1711.0;14;c-1891 f-076;-755.521.069.205.065;3.765.327.449.822.060;5.714.285.714.285.710;;;
1287;c-1891 f-076.jpg;SC SALINAS;419.0;1755.0;585.0;1755.0;586.0;1788.0;419.0;1791.0;10;c-1891 f-076;-7.556.190.531.340.130;37.630.992.562.277.500;7.272.727.272.727.270;LAS SALINAS;Sitio;CATALOGO
1288;c-1891 f-076.jpg;NORMANDIE;958.0;1750.0;1167.0;1735.0;1169.0;1771.0;960.0;1783.0;9;c-1891 f-076;-7.554.677.255.188.180;376.324.028.113.879;7.777.777.777.777.770;NORMANDÍA;Sitio;CATALOGO
1289;c-1891 f-076.jpg;EMPRESACOMUNITA;450.0;1799.0;667.0;1789.0;668.0;1812.0;450.0;1821.0;15;c-1891 f-076;-7.556.103.496.904.670;3.761.858.237.010.670;53.333.333.333.333.300;;;
1290;c-1891 f-076.jpg;INIRABANDS;538.0;1828.0;692.0;1811.0;696.0;1836.0;541.0;1857.0;10;c-1891 f-076;-7.555.856.431.410.480;37.610.402.925.266.800;6.363.636.363.636.360;;;
1291;c-1891 f-076.jpg;RAL IRUIL ELVISO;867.0;1849.0;1103.0;1848.0;1104.0;1883.0;867.0;1885.0;16;c-1891 f-076;-7.554.932.743.369.670;37.604.479.879.003.500;50.0;;;
1292;c-1891 f-076.jpg;ELREFLE JOS;1162.0;1892.0;1350.0;1862.0;1359.0;1901.0;1169.0;1938.0;11;c-1891 f-076;-7.554.104.512.451.630;3.759.235.173.665.480;7.272.727.272.727.270;EL REFLEJO;Sitio;CATALOGO
1293;c-1891 f-076.jpg;LAS DELICIAS;1517.0;1852.0;1793.0;1841.0;1794.0;1880.0;1517.0;1894.0;12;c-1891 f-076;-7.553.107.827.787.540;37.603.633.729.537.300;100.0;LAS DELICIAS;Zanja;CATALOGO
1294;c-1891 f-076.jpg;EL TESORO;1469.0;1900.0;1691.0;1888.0;1693.0;1929.0;1469.0;1940.0;9;c-1891 f-076;-7.553.242.590.784.380;37.590.095.338.078.200;100.0;EL TESORO;Sitio;CATALOGO
1295;c-1891 f-076.jpg;BARRIALOSES;2003.0;1870.0;2178.0;1957.0;2157.0;2001.0;1982.0;1908.0;11;c-1891 f-076;-75.517.433.524.446;37.598.556.832.740.200;8.181.818.181.818.180;BARRIALOSA;Quebrada;CATALOGO
1296;c-1891 f-076.jpg;GRANDE;652.0;1951.0;761.0;2107.0;721.0;2133.0;613.0;1977.0;6;c-1891 f-076;-7.555.536.369.293;37.575.710.797.153.000;100.0;GRANDE;Raudal;CATALOGO
1297;c-1891 f-076.jpg;DIE MAILD;1512.0;1976.0;1669.0;2165.0;1631.0;2194.0;1479.0;2008.0;9;c-1891 f-076;-755.312.186.559.972;37.568.659.551.601.400;5.454.545.454.545.450;;;
1298;c-1891 f-076.jpg;DEL TESORO;1053.0;2049.0;1157.0;1838.0;1198.0;1857.0;1090.0;2067.0;10;c-1891 f-076;-7.554.410.536.756.940;3.754.806.991.459.070;90.0;EL TESORO;Sitio;CATALOGO
1299;c-1891 f-076.jpg;VOR SALINAS;419.0;2134.0;665.0;2132.0;666.0;2172.0;419.0;2176.0;11;c-1891 f-076;-7.556.190.531.340.130;37.524.095.679.715.200;7.272.727.272.727.270;LAS SALINAS;Sitio;CATALOGO
1300;c-1891 f-076.jpg;TALANS;2012.0;2121.0;2132.0;2021.0;2157.0;2050.0;2035.0;2152.0;6;c-1891 f-076;-7.551.718.084.382.690;37.527.762.327.402.100;7.142.857.142.857.140;GALANES;Vereda;CATALOGO
1301;c-1891 f-076.jpg;RRUCHO ALEGRE;1041.0;2173.0;1235.0;2170.0;1235.0;2209.0;1042.0;2212.0;13;c-1891 f-076;-7.554.444.227.506.150;37.513.095.736.654.800;8.461.538.461.538.460;RANCHO ALEGRE;Sitio;CATALOGO
1302;c-1891 f-076.jpg;SEADUETA;2019.0;2233.0;2156.0;2224.0;2157.0;2256.0;2019.0;2265.0;8;c-1891 f-076;-7.551.698.431.445.650;37.496.172.747.330.900;6.666.666.666.666.660;;;
1303;c-1891 f-084.jpg;LA SOLEDA;358.0;471.0;505.0;477.0;504.0;500.0;357.0;494.0;9;c-1891 f-084;-7.551.568.604.473.300;3.761.552.435.729.840;7.777.777.777.777.770;LA MONEDA;Sitio;CATALOGO
1304;c-1891 f-084.jpg;EL REMOLING;1415.0;498.0;1605.0;524.0;1600.0;559.0;1410.0;538.0;11;c-1891 f-084;-7.548.708.222.150.070;3.760.818.416.122.000;7.272.727.272.727.270;EL MOLINO;Sitio;CATALOGO
1305;c-1891 f-084.jpg;EL MOCHO;1384.0;507.0;1550.0;593.0;1533.0;631.0;1370.0;539.0;8;c-1891 f-084;-7.548.792.112.265.510;37.605.737.429.193.900;75.0;EL COCO;Caño;CATALOGO
1306;c-1891 f-084.jpg;QUEBRADA EL;1903.0;556.0;1912.0;853.0;1870.0;854.0;1855.0;557.0;11;c-1891 f-084;-754.738.762.936.508;3.759.241.633.260.710;7.692.307.692.307.690;QUEBRADA SECA;Zanjón;CATALOGO
1307;c-1891 f-084.jpg;VEREDA;560.0;2243.0;757.0;2240.0;758.0;2285.0;560.0;2289.0;6;c-1891 f-084;-7.551.021.965.656.560;37.133.790.007.262.100;7.142.857.142.857.140;VERADAR;Sitio;CATALOGO
1308;c-1891 f-084.jpg;RANCHO LARGE;801.0;558.0;1040.0;553.0;1041.0;592.0;802.0;598.0;12;c-1891 f-084;-7.550.369.787.662.330;37.591.872.614.379.000;7.692.307.692.307.690;RANCHO ALEGRE;Sitio;CATALOGO
1309;c-1891 f-084.jpg;LA CABA;1179.0;627.0;1344.0;621.0;1346.0;661.0;1181.0;670.0;7;c-1891 f-084;-754.934.686.948.052;3.757.311.433.551.190;75.0;LA CEIBA;Raudal;CATALOGO
1310;c-1891 f-084.jpg;LA PERLA;516.0;670.0;638.0;670.0;639.0;699.0;516.0;700.0;8;c-1891 f-084;-7.551.141.035.497.830;37.561.424.393.609.200;75.0;LA PEÑA;Vereda;CATALOGO
1311;c-1891 f-084.jpg;VEREDIA;1107.0;669.0;1450.0;680.0;1449.0;729.0;1107.0;721.0;7;c-1891 f-084;-7.549.541.711.038.960;3.756.169.625.272.330;7.142.857.142.857.140;VENECIA;Sitio;CATALOGO
1312;c-1891 f-084.jpg;POTRERITO;1582.0;658.0;1880.0;667.0;1878.0;719.0;1580.0;711.0;9;c-1891 f-084;-7.548.256.297.979.790;37.564.686.702.977.400;100.0;POTRERITO;Sitio;CATALOGO
1313;c-1891 f-084.jpg;QUEBRADA LAS;1614.0;688.0;1515.0;953.0;1485.0;936.0;1566.0;683.0;12;c-1891 f-084;-7.548.169.701.731.600;37.556.530.929.557.000;75.0;QUEBRADITAS;Vereda;CATALOGO
1314;c-1891 f-084.jpg;EL CARMEN;893.0;717.0;1040.0;718.0;1040.0;743.0;893.0;742.0;9;c-1891 f-084;-7.550.120.823.448.770;3.754.864.701.525.050;100.0;EL CARMEN;Sitio;CATALOGO
1315;c-1891 f-084.jpg;LAS TINAJAS;1041.0;762.0;1107.0;608.0;1137.0;619.0;1069.0;775.0;11;c-1891 f-084;-7.549.720.315.800.860;3.753.641.335.511.980;7.272.727.272.727.270;LAS LAJAS;Quebrada;CATALOGO
1316;c-1891 f-084.jpg;QUEDRADA;954.0;788.0;1067.0;749.0;1076.0;772.0;963.0;813.0;8;c-1891 f-084;-754.995.574.935.065;3.752.934.501.815.540;7.777.777.777.777.770;QUEBRADAS;Vereda;CATALOGO
1317;c-1891 f-084.jpg;SZ LA MESERA;368.0;806.0;597.0;801.0;598.0;842.0;368.0;846.0;12;c-1891 f-084;-7.551.541.543.145.740;3.752.445.155.410.310;75.0;LA MESERA;Quebrada;CATALOGO
1318;c-1891 f-084.jpg;QUEBRADA;1615.0;1684.0;1791.0;1615.0;1805.0;1659.0;1627.0;1725.0;8;c-1891 f-084;-7.548.166.995.598.840;37.285.759.251.997.000;7.272.727.272.727.270;QUEBRADITAS;Vereda;CATALOGO
1319;c-1891 f-084.jpg;EL VENTILADOR;837.0;842.0;1039.0;842.0;1039.0;867.0;837.0;867.0;13;c-1891 f-084;-7.550.272.366.883.110;3.751.466.462.599.850;7.692.307.692.307.690;VENTILADOR;Sitio;CATALOGO
1320;c-1891 f-084.jpg;CORRAL;1454.0;1476.0;1548.0;1473.0;1549.0;1507.0;1455.0;1510.0;6;c-1891 f-084;-7.548.602.682.972.580;37.342.305.947.712.400;8.333.333.333.333.330;CORNAL;Quebrada;CATALOGO
1321;c-1891 f-084.jpg;EL CAJON;1736.0;845.0;1852.0;847.0;1851.0;871.0;1736.0;868.0;8;c-1891 f-084;-7.547.839.553.535.350;375.138.490.486.565;75.0;EL AJO;Quebrada;CATALOGO
1322;c-1891 f-084.jpg;TLAS PALMAS;361.0;848.0;574.0;846.0;575.0;887.0;361.0;889.0;11;c-1891 f-084;-7.551.560.486.075.030;3.751.303.347.131.440;7.272.727.272.727.270;LAS DAMAS;Vereda;CATALOGO
1323;c-1891 f-084.jpg;THORAAL;1318.0;869.0;1442.0;872.0;1442.0;906.0;1317.0;904.0;7;c-1891 f-084;-7.548.970.717.027.410;37.507.324.429.920.100;62.5;;;
1324;c-1891 f-084.jpg;GUACHARACA;1910.0;872.0;2052.0;878.0;2051.0;900.0;1909.0;894.0;10;c-1891 f-084;-7.547.368.686.435.780;3.750.650.885.257.800;100.0;GUACHARACA;Caño;CATALOGO
1325;c-1891 f-084.jpg;EL CHURIMO;549.0;880.0;720.0;892.0;716.0;935.0;548.0;919.0;10;c-1891 f-084;-7.551.051.733.116.880;37.504.333.979.665.900;7.272.727.272.727.270;EL CHORRITO;Sitio;CATALOGO
1326;c-1891 f-084.jpg;LOS LIMONES;1555.0;879.0;1713.0;882.0;1712.0;907.0;1555.0;903.0;11;c-1891 f-084;-7.548.329.363.564.210;3.750.460.583.877.990;75.0;LOS CAIMANES;Sitio;CATALOGO
1327;c-1891 f-084.jpg;FLORESTA;1296.0;907.0;1440.0;904.0;1441.0;936.0;1297.0;941.0;8;c-1891 f-084;-7.549.030.251.948.050;37.496.993.783.587.500;75.0;FLORES;Caño;CATALOGO
1328;c-1891 f-084.jpg;CARCEL MPAL BERNARDO ECHEVERRI OSSA;2162.0;979.0;2659.0;980.0;2659.0;1013.0;2162.0;1012.0;35;c-1891 f-084;-7.546.686.740.981.240;37.477.419.927.378.300;45.714.285.714.285.700;;;
1329;c-1891 f-084.jpg;TIGRE RA;913.0;1188.0;1138.0;1034.0;1163.0;1072.0;935.0;1225.0;8;c-1891 f-084;-7.550.066.700.793.650;3.742.060.137.254.900;87.5;TIGRERA;Caño;CATALOGO
1330;c-1891 f-084.jpg;TIGRERA;1890.0;1216.0;2009.0;1042.0;2044.0;1071.0;1926.0;1240.0;7;c-1891 f-084;-754.742.280.909.091;37.412.989.317.356.500;7.142.857.142.857.140;TIGRE;Caño;CATALOGO
1331;c-1891 f-084.jpg;EL DIAMANTE;772.0;1230.0;972.0;1226.0;973.0;1272.0;773.0;1275.0;11;c-1891 f-084;-7.550.448.265.512.260;3.740.918.328.976.030;100.0;EL DIAMANTE;Sitio;CATALOGO
1332;c-1891 f-084.jpg;QUEBRAL;957.0;1244.0;1125.0;1282.0;1112.0;1329.0;948.0;1285.0;7;c-1891 f-084;-7.549.947.630.952.380;37.405.377.262.164.100;75.0;QUEBRADA;Ciénaga;CATALOGO
1333;c-1891 f-084.jpg;BIR ADA AGUAS CALIENTES;1048.0;1246.0;1378.0;1380.0;1364.0;1417.0;1037.0;1289.0;23;c-1891 f-084;-7.549.701.372.871.570;37.404.833.543.936.000;6.521.739.130.434.780;;;
1334;c-1891 f-084.jpg;CHAPARRAL;1131.0;1443.0;1380.0;1454.0;1377.0;1501.0;1130.0;1488.0;9;c-1891 f-084;-7.549.476.763.852.810;37.351.277.298.474.900;7.777.777.777.777.770;CAPARROAL;Caño;CATALOGO
1335;c-1891 f-084.jpg;EL CHOCHO;1835.0;1545.0;2011.0;1486.0;2020.0;1521.0;1841.0;1579.0;9;c-1891 f-084;-7.547.571.646.392.490;3.732.354.766.884.530;7.777.777.777.777.770;EL COCO;Caño;CATALOGO
1336;c-1891 f-084.jpg;ALGODONES;892.0;1526.0;1078.0;1540.0;1075.0;1579.0;891.0;1563.0;9;c-1891 f-084;-7.550.123.529.581.520;3.732.871.299.201.160;7.777.777.777.777.770;ALGODONAL;Quebrada;CATALOGO
1337;c-1891 f-084.jpg;VER AMPLIACION;1135.0;1498.0;1556.0;1513.0;1554.0;1561.0;1133.0;1551.0;14;c-1891 f-084;-754.946.593.932.179;37.336.325.047.204.000;5.714.285.714.285.710;;;
1338;c-1891 f-084.jpg;MQ LOG ALGODONES;695.0;1601.0;1019.0;1609.0;1017.0;1663.0;694.0;1658.0;16;c-1891 f-084;-7.550.656.637.734.480;37.308.323.558.460.400;75.0;LOS ALGODONES;Sitio;CATALOGO
1339;c-1891 f-084.jpg;LA PLOID;1770.0;1636.0;1951.0;1582.0;1962.0;1620.0;1780.0;1676.0;8;c-1891 f-084;-7.547.747.545.021.640;3.729.880.848.946.980;70.0;;;
1340;c-1891 f-084.jpg;BUE BRADA;599.0;1686.0;765.0;1733.0;758.0;1770.0;590.0;1725.0;9;c-1891 f-084;-7.550.916.426.479.070;37.285.215.533.769.000;7.777.777.777.777.770;QUEBRADA;Ciénaga;CATALOGO
1341;c-1891 f-084.jpg;DUJEBRADA LA VIRGEN;607.0;1687.0;940.0;1770.0;933.0;1797.0;600.0;1725.0;19;c-1891 f-084;-7.550.894.777.417.020;37.284.943.674.655.000;6.842.105.263.157.890;;;
1342;c-1891 f-084.jpg;CONLE IS;1927.0;1705.0;1995.0;1694.0;1998.0;1710.0;1929.0;1720.0;8;c-1891 f-084;-7.547.322.682.178.930;37.280.050.210.602.700;62.5;;;
1343;c-1891 f-084.jpg;LAESPERANZA;578.0;1704.0;757.0;1771.0;748.0;1796.0;569.0;1735.0;11;c-1891 f-084;-7.550.973.255.266.950;37.280.322.069.716.700;9.166.666.666.666.660;LA ESPERANZA;Vereda;CATALOGO
1344;c-1891 f-084.jpg;BARRIO SALOMON UMAAZ;1837.0;1728.0;2046.0;1712.0;2048.0;1732.0;1838.0;1749.0;20;c-1891 f-084;-7.547.566.234.126.980;37.273.797.450.980.300;50.0;;;
1345;c-1891 f-084.jpg;ALA PUCHA;474.0;1747.0;636.0;1752.0;634.0;1781.0;473.0;1774.0;9;c-1891 f-084;-7.551.254.693.073.590;37.268.632.127.814.000;7.777.777.777.777.770;LA LUCHA;Sitio;CATALOGO
1346;c-1891 f-084.jpg;BARRIO OBRERO;1736.0;1780.0;1865.0;1778.0;1866.0;1798.0;1736.0;1800.0;13;c-1891 f-084;-7.547.839.553.535.350;3.725.966.077.705.150;6.923.076.923.076.920;;;
1347;c-1891 f-084.jpg;BARRIO BELIRAM;715.0;1785.0;951.0;1796.0;949.0;1822.0;713.0;1812.0;14;c-1891 f-084;-7.550.602.515.079.360;3.725.830.148.148.140;6.666.666.666.666.660;;;
1348;c-1891 f-084.jpg;VIVERO;642.0;1853.0;733.0;1857.0;732.0;1878.0;641.0;1874.0;6;c-1891 f-084;-7.550.800.062.770.560;372.398.150.617.284;7.142.857.142.857.140;VITERBO;Sitio;CATALOGO
1349;c-1891 f-084.jpg;QUEPRADA;1779.0;1895.0;1902.0;1891.0;1904.0;1919.0;1781.0;1927.0;8;c-1891 f-084;-754.772.318.982.684;3.722.839.697.893.970;7.777.777.777.777.770;QUEBRADAS;Vereda;CATALOGO
1350;c-1891 f-084.jpg;QUEBRADALA;617.0;1905.0;840.0;1970.0;831.0;2007.0;607.0;1948.0;10;c-1891 f-084;-7.550.867.716.089.460;3.722.567.838.779.950;7.272.727.272.727.270;QUEBRADITAS;Vereda;CATALOGO
1351;c-1891 f-084.jpg;MI RANCHITO;934.0;1878.0;1083.0;1870.0;1084.0;1911.0;936.0;1919.0;11;c-1891 f-084;-7.550.009.872.005.770;37.233.018.583.877.900;100.0;MI RANCHITO;Sitio;CATALOGO
1352;c-1891 f-084.jpg;SIXTO IRIARTE ROCHA;2295.0;1971.0;2607.0;1968.0;2607.0;1991.0;2295.0;1994.0;19;c-1891 f-084;-7.546.326.825.324.670;37.207.735.686.274.500;47.368.421.052.631.500;;;
1353;c-1891 f-084.jpg;BARDO CASTA AL;1666.0;1997.0;1833.0;1984.0;1835.0;2005.0;1667.0;2019.0;14;c-1891 f-084;-7.548.028.982.828.280;37.200.667.349.310.000;7.857.142.857.142.850;BAJO CASTAÑAL;Vereda;CATALOGO
1354;c-1891 f-084.jpg;EL PARAISO;618.0;2068.0;810.0;2064.0;811.0;2102.0;618.0;2106.0;10;c-1891 f-084;-7.550.865.009.956.700;37.181.365.352.214.900;90.0;EL PARAÍSO;Vereda;CATALOGO
1355;c-1891 f-084.jpg;BARRIO TULUNI;1664.0;2097.0;1875.0;2100.0;1873.0;2136.0;1664.0;2130.0;13;c-1891 f-084;-7.548.034.395.093.790;37.173.481.437.908.400;6.153.846.153.846.150;;;
1356;c-1891 f-084.jpg;THINK LOS AZUCENOS;1711.0;2129.0;2006.0;2188.0;2000.0;2215.0;1710.0;2150.0;18;c-1891 f-084;-7.547.907.206.854.250;37.164.781.946.259.900;6.666.666.666.666.660;;;
1357;c-1891 f-084.jpg;CULIZADENTRO;586.0;2206.0;786.0;2206.0;786.0;2246.0;586.0;2246.0;12;c-1891 f-084;-7.550.951.606.204.900;3.714.384.879.448.070;6.923.076.923.076.920;;;
1358;c-1891 f-084.jpg;AGYADE;973.0;2285.0;1059.0;2315.0;1054.0;2347.0;966.0;2320.0;6;c-1891 f-084;-7.549.904.332.828.280;37.122.371.924.473.400;6.666.666.666.666.660;;;
1359;c-1891 f-084.jpg;QUEBRAOR APR;1316.0;2278.0;1578.0;2311.0;1571.0;2370.0;1313.0;2329.0;12;c-1891 f-084;-754.897.612.929.293;371.242.749.382.716;6.666.666.666.666.660;;;
1360;c-1891 f-084.jpg;CUIRADENTRO;619.0;2376.0;957.0;2368.0;958.0;2417.0;620.0;2426.0;11;c-1891 f-084;-7.550.862.303.823.950;37.097.632.745.098.000;6.923.076.923.076.920;;;
1361;c-1917 f-092.jpg;DR LA JULIA;1481.0;509.0;1746.0;539.0;1740.0;587.0;1476.0;557.0;11;c-1917 f-092;-7.550.269.338.491.800;38.256.320.184.696.500;7.272.727.272.727.270;LA JULIA;Sitio;CATALOGO
1362;c-1917 f-092.jpg;PATALO;1762.0;555.0;1980.0;496.0;1992.0;560.0;1767.0;613.0;6;c-1917 f-092;-7.549.369.254.032.780;3.824.151.886.543.530;7.142.857.142.857.140;PANTANO;Cañada;CATALOGO
1363;c-1917 f-092.jpg;LA COMANA LASCARPETFIRE;2041.0;564.0;2533.0;594.0;2528.0;651.0;2037.0;609.0;23;c-1917 f-092;-7.548.475.575.868.850;38.238.622.955.145.100;5.217.391.304.347.820;;;
1364;c-1917 f-092.jpg;ERWORAN;2007.0;654.0;2128.0;674.0;2124.0;698.0;2003.0;682.0;7;c-1917 f-092;-7.548.584.482.885.240;38.209.663.852.242.700;62.5;;;
1365;c-1917 f-092.jpg;LAS BRISD;2104.0;643.0;2362.0;710.0;2354.0;731.0;2098.0;674.0;9;c-1917 f-092;-754.827.377.757.377;38.213.203.298.153.000;80.0;LAS BRISAS;Sitio;CATALOGO
1366;c-1917 f-092.jpg;LA JOJA;1556.0;623.0;1654.0;635.0;1651.0;658.0;1553.0;645.0;7;c-1917 f-092;-755.002.910.242.623;3.821.963.865.435.350;7.142.857.142.857.140;LA MONA;Sitio;CATALOGO
1367;c-1917 f-092.jpg;SH ROQUE;1885.0;662.0;2007.0;679.0;2003.0;703.0;1882.0;686.0;8;c-1917 f-092;-7.548.975.266.885.240;3.820.708.970.976.250;7.777.777.777.777.770;SAN ROQUE;Cerro;CATALOGO
1368;c-1917 f-092.jpg;TESANTUARIO;2305.0;728.0;2517.0;762.0;2510.0;807.0;2299.0;774.0;11;c-1917 f-092;-7.547.629.944.918.030;381.858.530.343.008;75.0;EL SANTUARIO;Alto;CATALOGO
1369;c-1917 f-092.jpg;ZUS ASUCE FOR;1982.0;743.0;2168.0;739.0;2169.0;784.0;1983.0;790.0;13;c-1917 f-092;-754.866.456.157.377;38.181.026.517.150.400;5.384.615.384.615.380;;;
1370;c-1917 f-092.jpg;FAN ZERIULAR;1355.0;766.0;1541.0;782.0;1538.0;814.0;1352.0;798.0;12;c-1917 f-092;-7.550.672.935.081.960;38.173.625.857.519.700;58.333.333.333.333.300;;;
1371;c-1917 f-092.jpg;COPA DEORO;2379.0;859.0;2547.0;883.0;2543.0;908.0;2375.0;882.0;10;c-1917 f-092;-7.547.392.912.000.000;38.143.701.451.187.300;75.0;COSTA DE ORO;Sitio;CATALOGO
1372;c-1917 f-092.jpg;MARBUTALLA;2272.0;862.0;2471.0;897.0;2467.0;921.0;2268.0;887.0;10;c-1917 f-092;-7.547.735.648.786.880;38.142.736.147.757.200;7.272.727.272.727.270;MARQUETALIA;Sitio;CATALOGO
1373;c-1917 f-092.jpg;MESETAS;1739.0;2417.0;1881.0;2427.0;1878.0;2464.0;1737.0;2451.0;7;c-1917 f-092;-754.944.292.642.623;3.764.238.720.316.620;8.571.428.571.428.570;MESETA;Sitio;CATALOGO
1374;c-1917 f-092.jpg;PEDRELEAL;1110.0;797.0;1188.0;975.0;1156.0;987.0;1075.0;806.0;9;c-1917 f-092;-7.551.457.706.229.500;3.816.365.105.540.890;7.777.777.777.777.770;PEDREGAL;Sitio;CATALOGO
1375;c-1917 f-092.jpg;LA ESPERANZA;1359.0;888.0;1552.0;898.0;1551.0;923.0;1359.0;912.0;12;c-1917 f-092;-7.550.660.122.491.800;3.813.437.018.469.650;75.0;LA ESMERALDA;Vereda;CATALOGO
1376;c-1917 f-092.jpg;BALCONES;2018.0;938.0;2150.0;966.0;2145.0;989.0;2013.0;962.0;8;c-1917 f-092;-7.548.549.248.262.290;3.811.828.179.419.520;100.0;BALCONES;Sitio;CATALOGO
1377;c-1917 f-092.jpg;EL LIBANO;1575.0;928.0;1734.0;935.0;1733.0;971.0;1574.0;965.0;9;c-1917 f-092;-7.549.968.242.622.950;38.121.499.472.295.500;7.777.777.777.777.770;EL LLANO;Sitio;CATALOGO
1378;c-1917 f-092.jpg;SN MIGUEL;1957.0;967.0;2158.0;988.0;2153.0;1018.0;1953.0;988.0;9;c-1917 f-092;-7.548.744.640.262.290;3.810.895.052.770.440;90.0;SAN MIGUEL;Sitio;CATALOGO
1379;c-1917 f-092.jpg;GRANOIII ARM;1859.0;970.0;2024.0;1000.0;2020.0;1022.0;1856.0;991.0;12;c-1917 f-092;-7.549.058.548.721.310;38.107.985.224.274.400;58.333.333.333.333.300;;;
1380;c-1917 f-092.jpg;MILABOR;2423.0;1015.0;2615.0;1036.0;2612.0;1071.0;2419.0;1052.0;7;c-1917 f-092;-7.547.251.973.508.190;38.093.505.672.823.200;7.142.857.142.857.140;MIRADOR;Vereda;CATALOGO
1381;c-1917 f-092.jpg;ELJARD;1359.0;947.0;1498.0;953.0;1496.0;992.0;1358.0;986.0;6;c-1917 f-092;-7.550.660.122.491.800;38.115.385.883.905.000;6.666.666.666.666.660;;;
1382;c-1917 f-092.jpg;VOLCANES;1685.0;1034.0;1929.0;872.0;1953.0;906.0;1703.0;1071.0;8;c-1917 f-092;-7.549.615.896.393.440;3.808.739.208.443.270;7.777.777.777.777.770;VOLCANERA;Sitio;CATALOGO
1383;c-1917 f-092.jpg;DOMINGO;2028.0;1081.0;2265.0;951.0;2291.0;1001.0;2053.0;1136.0;7;c-1917 f-092;-7.548.517.216.786.880;38.072.268.997.361.400;7.777.777.777.777.770;DOMINAZGO;Quebrada;CATALOGO
1384;c-1917 f-092.jpg;HANGARILLA;2192.0;1065.0;2379.0;1067.0;2377.0;1109.0;2192.0;1104.0;10;c-1917 f-092;-7.547.991.900.590.160;380.774.172.823.219;80.0;ANTARILLA;Peña;CATALOGO
1385;c-1917 f-092.jpg;EL LIEV;1676.0;1085.0;1770.0;1097.0;1768.0;1121.0;1673.0;1109.0;7;c-1917 f-092;-7.549.644.724.721.310;38.070.981.926.121.300;7.142.857.142.857.140;EL DIEZ;Sitio;CATALOGO
1386;c-1917 f-092.jpg;NORMANDIA;1264.0;1077.0;1459.0;1101.0;1456.0;1124.0;1262.0;1097.0;9;c-1917 f-092;-7.550.964.421.508.190;38.073.556.068.601.500;8.888.888.888.888.880;NORMANDÍA;Sitio;CATALOGO
1387;c-1917 f-092.jpg;EL CORRAL;1246.0;1129.0;1434.0;1141.0;1433.0;1163.0;1245.0;1151.0;9;c-1917 f-092;-7.551.022.078.163.930;38.056.824.142.480.200;100.0;EL CORRAL;Sitio;CATALOGO
1388;c-1917 f-092.jpg;ELENERNT;1640.0;1156.0;1781.0;1171.0;1778.0;1200.0;1638.0;1185.0;8;c-1917 f-092;-7.549.760.038.032.780;380.481.364.116.095;6.666.666.666.666.660;;;
1389;c-1917 f-092.jpg;TRAPICHE;1823.0;1198.0;1955.0;1216.0;1950.0;1245.0;1819.0;1226.0;8;c-1917 f-092;-7.549.173.862.032.780;38.034.622.163.588.300;7.272.727.272.727.270;EL TRAPICHE;Raudal;CATALOGO
1390;c-1917 f-092.jpg;GNISIDRO EIRO;2025.0;1211.0;2373.0;1137.0;2387.0;1222.0;2037.0;1271.0;13;c-1917 f-092;-754.852.682.622.951;38.030.439.182.058.000;60.0;;;
1391;c-1917 f-092.jpg;LASORLADERA;2174.0;1288.0;2346.0;1314.0;2343.0;1338.0;2170.0;1313.0;11;c-1917 f-092;-75.480.495.572.459;38.005.663.060.686.000;7.272.727.272.727.270;LA PRADERA;Sitio;CATALOGO
1392;c-1917 f-092.jpg;PUESTO DE SALUD;1300.0;1222.0;1492.0;1247.0;1490.0;1269.0;1297.0;1243.0;15;c-1917 f-092;-7.550.849.108.196.720;38.026.899.736.147.700;7.058.823.529.411.760;PUERTO DE SOLEDAD;Sitio;CATALOGO
1393;c-1917 f-092.jpg;SANTO DOMINGO;1270.0;1242.0;1477.0;1267.0;1474.0;1296.0;1267.0;1271.0;13;c-1917 f-092;-7.550.945.202.622.950;38.020.464.379.947.200;100.0;SANTO DOMINGO;Sitio;CATALOGO
1394;c-1917 f-092.jpg;BALLUNES;1839.0;1304.0;2111.0;1240.0;2125.0;1299.0;1847.0;1364.0;8;c-1917 f-092;-7.549.122.611.672.130;38.000.514.775.725.600;75.0;BALCONES;Sitio;CATALOGO
1395;c-1917 f-092.jpg;EL ALTO;2225.0;1332.0;2335.0;1353.0;2331.0;1377.0;2220.0;1355.0;7;c-1917 f-092;-7.547.886.196.721.310;37.991.505.277.044.800;7.142.857.142.857.140;EL PATO;Caserío;CATALOGO
1396;c-1917 f-092.jpg;TRES ESQUINA;1297.0;1297.0;1464.0;1324.0;1459.0;1350.0;1293.0;1322.0;12;c-1917 f-092;-7.550.858.717.639.340;3.800.276.715.039.570;923.076.923.076.923;TRES ESQUINAS;Sitio;CATALOGO
1397;c-1917 f-092.jpg;LAS HONORS;1249.0;1330.0;1456.0;1353.0;1453.0;1380.0;1246.0;1352.0;10;c-1917 f-092;-7.551.012.468.721.310;37.992.148.812.664.900;80.0;LAS HONDAS;Sitio;CATALOGO
1398;c-1917 f-092.jpg;LAS MANGUITAS;938.0;1336.0;1148.0;1348.0;1146.0;1383.0;936.0;1369.0;13;c-1917 f-092;-7.552.008.647.606.550;37.990.218.205.804.700;7.857.142.857.142.850;LAS MARGARITAS;Sitio;CATALOGO
1399;c-1917 f-092.jpg;PEDREGAL;1240.0;1363.0;1368.0;1379.0;1364.0;1406.0;1238.0;1390.0;8;c-1917 f-092;-7.551.041.297.049.180;37.981.530.474.934.000;7.272.727.272.727.270;EL PEDREGAL;Sitio;CATALOGO
1400;c-1917 f-092.jpg;EL HORIZONTE;1800.0;1403.0;2021.0;1424.0;2016.0;1469.0;1796.0;1444.0;12;c-1917 f-092;-7.549.247.534.426.220;37.968.659.762.532.900;75.0;HORIZONTE;Vereda;CATALOGO
1401;c-1917 f-092.jpg;ITLA PICOTA;1789.0;1481.0;1985.0;1481.0;1985.0;1546.0;1790.0;1547.0;11;c-1917 f-092;-7.549.282.769.049.180;3.794.356.187.335.090;8.181.818.181.818.180;LA PICOTA;Sitio;CATALOGO
1402;c-1917 f-092.jpg;LARACOLI;2033.0;1475.0;2201.0;1491.0;2195.0;1537.0;2028.0;1514.0;8;c-1917 f-092;-7.548.501.201.049.180;3.794.549.248.021.100;75.0;CARACOL;Vereda;CATALOGO
1403;c-1917 f-092.jpg;ANTEPRIMAR;1970.0;1494.0;2297.0;1509.0;2293.0;1566.0;1968.0;1546.0;10;c-1917 f-092;-7.548.702.999.344.260;37.939.378.891.820.500;60.0;;;
1404;c-1917 f-092.jpg;LA MIRANIR;962.0;1455.0;1120.0;1473.0;1116.0;1507.0;958.0;1491.0;10;c-1917 f-092;-7.551.931.772.065.570;37.951.927.836.411.600;80.0;LA MIRANDA;Serranía;CATALOGO
1405;c-1917 f-092.jpg;LOS LUAMOSS;1199.0;1482.0;1398.0;1505.0;1394.0;1534.0;1195.0;1507.0;11;c-1917 f-092;-7.551.172.626.098.360;37.943.240.105.540.800;7.272.727.272.727.270;LOS ÁLAMOS;Sitio;CATALOGO
1406;c-1917 f-092.jpg;CELRECREO;1424.0;1502.0;1566.0;1515.0;1562.0;1557.0;1421.0;1543.0;9;c-1917 f-092;-7.550.451.917.901.640;3.793.680.474.934.030;7.777.777.777.777.770;EL RECREO;Sitio;CATALOGO
1407;c-1917 f-092.jpg;ROSALES;1445.0;1554.0;1557.0;1567.0;1554.0;1589.0;1443.0;1575.0;7;c-1917 f-092;-755.038.465.180.328;37.920.072.823.219;8.571.428.571.428.570;RODALES;Quebrada;CATALOGO
1408;c-1917 f-092.jpg;LOS NARANJOS;1464.0;1594.0;1635.0;1618.0;1632.0;1641.0;1462.0;1616.0;12;c-1917 f-092;-7.550.323.792;37.907.202.110.817.900;100.0;LOS NARANJOS;Caserío;CATALOGO
1409;c-1917 f-092.jpg;LA FUENTE;1386.0;1611.0;1517.0;1626.0;1514.0;1649.0;1384.0;1633.0;9;c-1917 f-092;-7.550.573.637.508.190;37.901.732.058.047.400;8.888.888.888.888.880;LA PUENTE;Quebrada;CATALOGO
1410;c-1917 f-092.jpg;ELEBREIENO;1685.0;1656.0;1822.0;1653.0;1823.0;1695.0;1685.0;1698.0;10;c-1917 f-092;-7.549.615.896.393.440;37.887.252.506.596.300;70.0;;;
1411;c-1917 f-092.jpg;FILADELFIA;2031.0;1690.0;2185.0;1705.0;2183.0;1729.0;2029.0;1713.0;10;c-1917 f-092;-7.548.507.607.344.260;37.876.312.401.055.400;100.0;FILADELFIA;Sitio;CATALOGO
1412;c-1917 f-092.jpg;SANTA LUCIA;1686.0;1692.0;1943.0;1708.0;1940.0;1743.0;1685.0;1721.0;11;c-1917 f-092;-75.496.126.932.459;37.875.668.865.435.300;909.090.909.090.909;SANTA LUCÍA;Caserío;CATALOGO
1413;c-1917 f-092.jpg;LA PILA;2090.0;1737.0;2189.0;1752.0;2185.0;1777.0;2086.0;1761.0;7;c-1917 f-092;-7.548.318.621.639.340;37.861.189.313.984.100;7.142.857.142.857.140;LA ISLA;Raudal;CATALOGO
1414;c-1917 f-092.jpg;PASONELVERGEL;1928.0;1858.0;2261.0;1873.0;2258.0;1923.0;1925.0;1911.0;13;c-1917 f-092;-7.548.837.531.540.980;37.822.255.408.970.900;5.384.615.384.615.380;;;
1415;c-1917 f-092.jpg;VDA SANTO DOMINGO;1688.0;1886.0;2291.0;1958.0;2284.0;2020.0;1680.0;1946.0;17;c-1917 f-092;-754.960.628.695.082;3.781.324.591.029.020;7.647.058.823.529.410;SANTO DOMINGO;Sitio;CATALOGO
1416;c-1917 f-092.jpg;SAN PABLO;1906.0;2035.0;2073.0;2049.0;2070.0;2084.0;1903.0;2069.0;9;c-1917 f-092;-7.548.908.000.786.880;37.765.302.506.596.300;100.0;SAN PABLO;Sitio;CATALOGO
1417;c-1917 f-092.jpg;TRADIGUL;1077.0;2115.0;1272.0;2133.0;1268.0;2173.0;1076.0;2154.0;8;c-1917 f-092;-7.551.563.410.098.360;37.739.561.081.794.100;62.5;;;
1418;c-1917 f-092.jpg;BERLIN;1385.0;2184.0;1534.0;2183.0;1535.0;2217.0;1385.0;2221.0;6;c-1917 f-092;-7.550.576.840.655.730;37.717.359.102.902.300;8.333.333.333.333.330;BERLÍN;Sitio;CATALOGO
1419;c-1917 f-092.jpg;MAS MINAS;2408.0;2261.0;2546.0;2263.0;2546.0;2307.0;2408.0;2306.0;9;c-1917 f-092;-7.547.300.020.721.310;37.692.582.981.530.300;7.272.727.272.727.270;LAS MINITAS;Sitio;CATALOGO
1420;c-1917 f-092.jpg;GUAMAL;1169.0;2280.0;1300.0;2253.0;1307.0;2296.0;1175.0;2325.0;6;c-1917 f-092;-7.551.268.720.524.590;3.768.646.939.313.980;100.0;GUAMAL;Sitio;CATALOGO
1421;c-1917 f-092.jpg;MARBILLA;1605.0;2298.0;1743.0;2304.0;1741.0;2341.0;1602.0;2333.0;8;c-1917 f-092;-7.549.872.148.196.720;3.768.067.757.255.930;75.0;JARILLA;Laguna;CATALOGO
1422;c-1917 f-092.jpg;ELSALTO;1830.0;2319.0;2000.0;2321.0;2000.0;2363.0;1829.0;2360.0;7;c-1917 f-092;-7.549.151.440.000.000;3.767.392.044.854.880;87.5;EL SALTO;Sitio;CATALOGO
1423;c-1917 f-092.jpg;LAS BUTST LOS CHAPARROS;2096.0;2382.0;2420.0;2381.0;2420.0;2423.0;2096.0;2425.0;23;c-1917 f-092;-7.548.299.402.754.090;37.653.649.076.517.100;5.652.173.913.043.470;;;
1424;c-1917 f-092.jpg;COLA BE ZORRO;1183.0;2402.0;1412.0;2408.0;1411.0;2457.0;1182.0;2451.0;13;c-1917 f-092;-7.551.223.876.459.010;37.647.213.720.316.600;7.692.307.692.307.690;LOMA DE ZORRO;Caño;CATALOGO
1425;c-1917 f-092.jpg;TALANS;1404.0;2425.0;1502.0;2368.0;1517.0;2405.0;1421.0;2464.0;6;c-1917 f-092;-755.051.598.085.246;37.639.813.060.686.000;7.142.857.142.857.140;GALANES;Vereda;CATALOGO
1426;c-1917 f-092.jpg;LAS BRISAJ;2113.0;2507.0;2292.0;2531.0;2287.0;2570.0;2108.0;2546.0;10;c-1917 f-092;-7.548.244.949.245.900;37.613.428.100.263.800;90.0;LAS BRISAS;Sitio;CATALOGO
1427;c-1917 f-092.jpg;VER EL MOCHO;1933.0;2524.0;2102.0;2701.0;2075.0;2731.0;1907.0;2554.0;12;c-1917 f-092;-754.882.151.580.328;3.760.795.804.749.340;6.666.666.666.666.660;;;
1428;c-1917 f-100.jpg;LAS HER MOSEL;1031.0;661.0;1224.0;654.0;1225.0;688.0;1031.0;696.0;13;c-1917 f-100;-7.546.150.017.379.210;3.831.666.665.267.570;7.692.307.692.307.690;LAS HERMOSAS;Punta;CATALOGO
1429;c-1917 f-100.jpg;ELMIRADOR;1413.0;630.0;1623.0;622.0;1624.0;656.0;1415.0;666.0;9;c-1917 f-100;-7.545.101.024.400.410;3.832.521.783.840.500;90.0;EL MIRADOR;Sitio;CATALOGO
1430;c-1917 f-100.jpg;VDA RISALITA;1712.0;612.0;1935.0;612.0;1935.0;659.0;1711.0;657.0;12;c-1917 f-100;-754.427.995.397.984;38.330.183.043.022.000;75.0;VARISALIA;Sitio;CATALOGO
1431;c-1917 f-100.jpg;BABILONIA;557.0;712.0;758.0;706.0;759.0;741.0;558.0;748.0;9;c-1917 f-100;-7.547.451.647.410.490;383.025.985.729.276;100.0;BABILONIA;Sitio;CATALOGO
1432;c-1917 f-100.jpg;ELDIVINO;1979.0;718.0;2130.0;716.0;2130.0;740.0;1980.0;744.0;8;c-1917 f-100;-7.543.546.757.316.640;38.300.943.504.721.900;75.0;EL VINO;Quebrada;CATALOGO
1433;c-1917 f-100.jpg;BUENOS AIRES;2126.0;737.0;2294.0;734.0;2295.0;757.0;2126.0;762.0;12;c-1917 f-100;-7.543.143.087.243.650;3.829.570.245.540.390;100.0;BUENOS AIRES;Vereda;CATALOGO
1434;c-1917 f-100.jpg;FOGVAMAL;593.0;804.0;803.0;800.0;804.0;842.0;594.0;848.0;8;c-1917 f-100;-7.547.352.789.433.430;3.827.722.086.044.070;62.5;;;
1435;c-1917 f-100.jpg;EI PUEBLITO;1501.0;751.0;1675.0;753.0;1674.0;787.0;1500.0;784.0;11;c-1917 f-100;-7.544.859.371.567.600;38.291.840.629.590.700;7.272.727.272.727.270;EL PUEBLO;Quebrada;CATALOGO
1436;c-1917 f-100.jpg;VDA EL IURAL;312.0;867.0;701.0;856.0;702.0;916.0;314.0;925.0;12;c-1917 f-100;-7.548.124.430.865.480;38.259.842.644.281.200;6.153.846.153.846.150;;;
1437;c-1917 f-100.jpg;AR ALDEA;770.0;851.0;965.0;842.0;968.0;879.0;772.0;892.0;8;c-1917 f-100;-7.546.866.737.712.890;38.264.256.159.496.300;75.0;LA ALDEA;Sitio;CATALOGO
1438;c-1917 f-100.jpg;EROTICA;1278.0;855.0;1385.0;855.0;1385.0;876.0;1278.0;875.0;7;c-1917 f-100;-754.547.174.181.439;3.826.315.278.069.250;7.142.857.142.857.140;OROTICO;Sitio;CATALOGO
1439;c-1917 f-100.jpg;LA PRIMAVERA;2069.0;841.0;2235.0;835.0;2236.0;859.0;2070.0;866.0;12;c-1917 f-100;-7.543.299.612.374.000;3.826.701.460.650.570;7.333.333.333.333.330;NUEVA PRIMAVERA;Vereda;CATALOGO
1440;c-1917 f-100.jpg;SAN MARTIN;1268.0;895.0;1424.0;894.0;1424.0;915.0;1268.0;916.0;10;c-1917 f-100;-7.545.499.202.363.570;38.252.118.992.654.700;90.0;SAN MARTÍN;Inspección de Policía;CATALOGO
1441;c-1917 f-100.jpg;IRS BRIS AS;405.0;946.0;563.0;942.0;564.0;975.0;405.0;979.0;11;c-1917 f-100;-7.547.869.047.758.080;3.823.805.091.290.660;7.272.727.272.727.270;LAS BRISAS;Sitio;CATALOGO
1442;c-1917 f-100.jpg;JUMORCILLA;2129.0;891.0;2294.0;880.0;2296.0;906.0;2131.0;918.0;10;c-1917 f-100;-7.543.134.849.078.900;38.253.222.371.458.500;80.0;MORCILLA;Cañada;CATALOGO
1443;c-1917 f-100.jpg;ALTO DE LEI HERM;1563.0;953.0;1799.0;955.0;1799.0;980.0;1563.0;977.0;16;c-1917 f-100;-754.468.911.616.267;38.236.120.000.000.000;68.75;;;
1444;c-1917 f-100.jpg;LACABRIR;1800.0;948.0;1924.0;944.0;1925.0;967.0;1800.0;971.0;8;c-1917 f-100;-754.403.830.114.703;38.237.499.223.504.700;70.0;;;
1445;c-1917 f-100.jpg;CASTARIEL;1301.0;1034.0;1467.0;1030.0;1468.0;1065.0;1302.0;1070.0;9;c-1917 f-100;-7.545.408.582.551.260;38.213.776.579.223.500;70.0;;;
1446;c-1917 f-100.jpg;EL PORVENIR;1687.0;1042.0;1909.0;1030.0;1910.0;1092.0;1688.0;1096.0;11;c-1917 f-100;-7.544.348.605.352.790;38.211.569.821.615.900;100.0;EL PORVENIR;Sitio;CATALOGO
1447;c-1917 f-100.jpg;RMIRADOR;414.0;1133.0;633.0;1129.0;633.0;1167.0;415.0;1170.0;8;c-1917 f-100;-7.547.844.333.263.810;38.186.467.953.830.000;87.5;MIRADOR;Vereda;CATALOGO
1448;c-1917 f-100.jpg;PRIALO;655.0;1214.0;793.0;1139.0;813.0;1183.0;671.0;1254.0;6;c-1917 f-100;-7.547.182.534.028.500;38.164.124.533.053.500;7.142.857.142.857.140;PERILLO;Sitio;CATALOGO
1449;c-1917 f-100.jpg;SAN LORENZO;917.0;1195.0;1104.0;1189.0;1105.0;1224.0;917.0;1231.0;11;c-1917 f-100;-7.546.463.067.639.900;3.816.936.558.237.140;100.0;SAN LORENZO;Quebrada;CATALOGO
1450;c-1917 f-100.jpg;LA GRANIR;1437.0;1151.0;1612.0;1151.0;1612.0;1185.0;1437.0;1185.0;9;c-1917 f-100;-7.545.035.119.082.370;3.818.150.274.921.300;7.777.777.777.777.770;LA GRANJA;Sitio;CATALOGO
1451;c-1917 f-100.jpg;SH PEDRO;412.0;1267.0;534.0;1261.0;536.0;1290.0;413.0;1298.0;8;c-1917 f-100;-7.547.849.825.373.650;38.149.504.763.903.400;7.777.777.777.777.770;SAN PEDRO;Sitio;CATALOGO
1452;c-1917 f-100.jpg;SAN PABLO;498.0;1347.0;635.0;1330.0;639.0;1362.0;501.0;1378.0;9;c-1917 f-100;-7.547.613.664.650.670;38.127.437.187.827.900;100.0;SAN PABLO;Sitio;CATALOGO
1453;c-1917 f-100.jpg;BOSQUE;899.0;1315.0;1030.0;1310.0;1032.0;1350.0;901.0;1356.0;6;c-1917 f-100;-7.546.512.496.628.430;3.813.626.421.825.810;7.142.857.142.857.140;BOSÍCUE;Laguna;CATALOGO
1454;c-2070 f-264.jpg;JERADA;1269.0;1334.0;1393.0;1334.0;1394.0;1368.0;1269.0;1368.0;6;c-2070 f-264;-7.558.654.601.689.540;3.755.222.237.862.380;7.142.857.142.857.140;VERADAR;Sitio;CATALOGO
1455;c-2070 f-264.jpg;EL BOSQUE;1233.0;1359.0;1435.0;1360.0;1435.0;1398.0;1233.0;1397.0;9;c-2070 f-264;-7.558.802.760.506.860;37.541.887.153.335.600;100.0;EL BOSQUE;Sabana;CATALOGO
1456;c-2070 f-264.jpg;VEREDA;1898.0;2411.0;2053.0;2287.0;2084.0;2324.0;1926.0;2448.0;6;c-2070 f-264;-7.556.065.937.909.180;37.106.980.873.209.900;7.142.857.142.857.140;VERADAR;Sitio;CATALOGO
1457;c-2070 f-264.jpg;CULTIVONS;1018.0;1434.0;1246.0;1455.0;1241.0;1511.0;1012.0;1492.0;9;c-2070 f-264;-7.559.687.597.888.060;37.510.881.477.471.100;60.0;;;
1458;c-2070 f-264.jpg;ZA GUNILLA;1195.0;1420.0;1378.0;1459.0;1370.0;1495.0;1193.0;1460.0;10;c-2070 f-264;-7.558.959.150.369.580;37.516.669.203.632.500;7.272.727.272.727.270;LA GUAFILLA;Sitio;CATALOGO
1459;c-2070 f-264.jpg;TO TINAJA;1189.0;1461.0;1440.0;1510.0;1430.0;1559.0;1179.0;1509.0;9;c-2070 f-264;-7.558.983.843.505.800;3.749.971.943.415.990;7.777.777.777.777.770;LA TINAJA;Sitio;CATALOGO
1460;c-2070 f-264.jpg;LSALADO;1600.0;1474.0;1651.0;1621.0;1616.0;1632.0;1564.0;1486.0;7;c-2070 f-264;-7.557.292.363.674.760;37.494.345.117.010.100;8.571.428.571.428.570;SALADO;Caño;CATALOGO
1461;c-2070 f-264.jpg;CAJU CHA;1842.0;1469.0;1952.0;1631.0;1913.0;1660.0;1798.0;1499.0;8;c-2070 f-264;-7.556.296.407.180.570;37.496.412.162.067.700;75.0;CAJUCHE;Caño;CATALOGO
1462;c-2070 f-264.jpg;ARIVEZA;2144.0;1461.0;2218.0;1564.0;2199.0;1577.0;2126.0;1474.0;7;c-2070 f-264;-7.555.053.519.324.180;3.749.971.943.415.990;7.142.857.142.857.140;RIVERA;Sitio;CATALOGO
1463;c-2070 f-264.jpg;RIO AMDYA;2228.0;1481.0;2350.0;1670.0;2321.0;1687.0;2204.0;1497.0;9;c-2070 f-264;-7.554.707.815.417.100;37.491.451.253.929.400;6.666.666.666.666.660;;;
1464;c-2070 f-264.jpg;SAN PABLO;182.0;1631.0;360.0;1633.0;359.0;1677.0;181.0;1674.0;9;c-2070 f-264;-7.563.128.174.868.000;3.742.943.990.220.040;100.0;SAN PABLO;Sitio;CATALOGO
1465;c-2070 f-264.jpg;SONRISA CENTRO GALIA;820.0;1590.0;1090.0;1590.0;1091.0;1616.0;820.0;1621.0;20;c-2070 f-264;-7.560.502.471.383.310;37.446.389.671.673.000;5.500.000.000.000.000;;;
1466;c-2070 f-264.jpg;SULTING;1742.0;1604.0;1895.0;1608.0;1894.0;1640.0;1742.0;1637.0;7;c-2070 f-264;-7.556.707.959.450.890;374.406.019.455.117;7.142.857.142.857.140;SULTANA;Sitio;CATALOGO
1467;c-2070 f-264.jpg;SANTA ANA;1969.0;1568.0;2180.0;1568.0;2180.0;1619.0;1969.0;1618.0;9;c-2070 f-264;-7.555.773.735.797.250;3.745.548.466.992.660;7.272.727.272.727.270;SANTA MARÍA;Caserío;CATALOGO
1468;c-2070 f-264.jpg;MALUCHA;981.0;1649.0;1047.0;1809.0;1017.0;1819.0;956.0;1658.0;7;c-2070 f-264;-7.559.839.872.228.080;37.421.998.539.993.000;7.142.857.142.857.140;MALOCA;Sitio;CATALOGO
1469;c-2070 f-264.jpg;EL RECREO;1010.0;1662.0;1059.0;1777.0;1038.0;1787.0;989.0;1669.0;9;c-2070 f-264;-7.559.720.522.069.690;3.741.662.422.284.310;100.0;EL RECREO;Sitio;CATALOGO
1470;c-2070 f-264.jpg;PUENTE;1730.0;1679.0;1821.0;1681.0;1820.0;1703.0;1729.0;1701.0;6;c-2070 f-264;-7.556.757.345.723.330;37.409.596.269.647.200;100.0;PUENTE;Vereda;CATALOGO
1471;c-2070 f-264.jpg;SOLEDAD;1121.0;1700.0;1125.0;1816.0;1090.0;1818.0;1086.0;1701.0;7;c-2070 f-264;-7.559.263.699.049.620;3.740.091.468.040.510;100.0;SOLEDAD;Quebrada;CATALOGO
1472;c-2070 f-264.jpg;STRE LA;2424.0;1666.0;2509.0;1666.0;2509.0;1689.0;2424.0;1689.0;7;c-2070 f-264;-7.553.901.172.967.260;37.414.970.586.797.000;75.0;ESTRELLA;Sitio;CATALOGO
1473;c-2070 f-264.jpg;QUEBRADAS;471.0;1801.0;626.0;1792.0;628.0;1824.0;471.0;1834.0;9;c-2070 f-264;-7.561.938.788.806.750;37.359.160.370.241.000;8.181.818.181.818.180;QUEBRADITAS;Vereda;CATALOGO
1474;c-2070 f-264.jpg;STA MARTHA;1989.0;1762.0;2141.0;1760.0;2142.0;1799.0;1990.0;1802.0;10;c-2070 f-264;-755.569.142.534.319;3.737.528.332.169.050;7.272.727.272.727.270;SANTA MARTA;Sitio;CATALOGO
1475;c-2070 f-264.jpg;QUINTA;2425.0;1808.0;2506.0;1805.0;2507.0;1829.0;2425.0;1832.0;6;c-2070 f-264;-7.553.897.057.444.560;37.356.266.507.160.300;8.571.428.571.428.570;QUINTAL;Quebrada;CATALOGO
1476;c-2070 f-264.jpg;PAG ING;623.0;1864.0;561.0;1937.0;538.0;1921.0;600.0;1848.0;7;c-2070 f-264;-7.561.313.229.355.850;37.333.115.602.514.800;62.5;;;
1477;c-2070 f-264.jpg;AMBEIM HARTING;1337.0;1841.0;1603.0;1740.0;1623.0;1784.0;1354.0;1893.0;14;c-2070 f-264;-7.558.374.746.145.720;37.342.624.009.779.900;50.0;;;
1478;c-2070 f-264.jpg;NORMANDIA;2402.0;1835.0;2574.0;1830.0;2575.0;1854.0;2403.0;1862.0;9;c-2070 f-264;-7.553.991.714.466.730;3.734.510.446.384.910;8.888.888.888.888.880;NORMANDÍA;Sitio;CATALOGO
1479;c-2070 f-264.jpg;ALENTO;591.0;1906.0;676.0;1891.0;681.0;1913.0;595.0;1933.0;6;c-2070 f-264;-7.561.444.926.082.360;3.731.575.242.403.070;7.142.857.142.857.140;ADENTRO;Quebrada;CATALOGO
1480;c-2070 f-264.jpg;CULTNOS;1003.0;1931.0;1201.0;1936.0;1200.0;1984.0;1003.0;1981.0;7;c-2070 f-264;-7.559.749.330.728.610;37.305.417.198.742.500;7.142.857.142.857.140;COLONOS;Sitio;CATALOGO
1481;c-2070 f-264.jpg;NEREDA;2514.0;1880.0;2757.0;1881.0;2757.0;1934.0;2514.0;1933.0;6;c-2070 f-264;-755.353.077.592.397;37.326.501.058.330.400;8.333.333.333.333.330;VEREDA;Laguna;CATALOGO
1482;c-2070 f-264.jpg;EL CHAGRA;2212.0;1927.0;2378.0;1914.0;2380.0;1949.0;2215.0;1962.0;9;c-2070 f-264;-755.477.366.378.036;37.307.070.834.788.600;7.272.727.272.727.270;EL CHAGUALO;Loma;CATALOGO
1483;c-2070 f-264.jpg;VARIOS;975.0;1991.0;1152.0;1987.0;1153.0;2043.0;975.0;2045.0;6;c-2070 f-264;-7.559.864.565.364.300;37.280.612.658.051;7.142.857.142.857.140;VAHITOS;Sitio;CATALOGO
1484;c-2070 f-264.jpg;ALTOY NEGRO;799.0;2041.0;914.0;1964.0;928.0;1988.0;811.0;2066.0;11;c-2070 f-264;-7.560.588.897.360.080;37.259.942.207.474.600;7.272.727.272.727.270;PALO NEGRO;Alto;CATALOGO
1485;c-2070 f-264.jpg;VARADERO;909.0;2034.0;1081.0;2028.0;1082.0;2065.0;910.0;2069.0;8;c-2070 f-264;-7.560.136.189.862.720;3.726.283.607.055.530;75.0;CAPADERO;Quebrada;CATALOGO
1486;c-2070 f-264.jpg;LA MOLINA;1081.0;2074.0;1301.0;1930.0;1325.0;1974.0;1104.0;2108.0;9;c-2070 f-264;-7.559.428.319.957.760;3.724.629.971.009.430;7.272.727.272.727.270;LAS COLINAS;Vereda;CATALOGO
1487;c-2070 f-264.jpg;ALBANIALI;1316.0;2042.0;1449.0;2040.0;1450.0;2068.0;1316.0;2071.0;9;c-2070 f-264;-7.558.461.172.122.490;37.259.528.798.463.100;7.777.777.777.777.770;ALBANIA;Sitio;CATALOGO
1488;c-2070 f-264.jpg;MESETA;1548.0;2066.0;1766.0;2010.0;1778.0;2047.0;1559.0;2108.0;6;c-2070 f-264;-7.557.506.370.855.330;3.724.960.698.218.650;100.0;MESETA;Sitio;CATALOGO
1489;c-2070 f-264.jpg;ESPIRITUEEL;1566.0;2098.0;1823.0;2064.0;1830.0;2101.0;1572.0;2145.0;11;c-2070 f-264;-7.557.432.291.446.670;3.723.637.789.381.760;6.363.636.363.636.360;;;
1490;c-2070 f-264.jpg;GUAYABAL;2573.0;2060.0;2768.0;2062.0;2767.0;2111.0;2572.0;2107.0;8;c-2070 f-264;-7.553.287.960.084.470;3.725.208.743.625.560;100.0;GUAYABAL;Vereda;CATALOGO
1491;c-2070 f-264.jpg;LOS PINOS;1056.0;2144.0;1201.0;2110.0;1206.0;2140.0;1063.0;2176.0;9;c-2070 f-264;-7.559.531.208.025.340;37.217.361.079.287.400;7.777.777.777.777.770;LOS MICOS;Loma;CATALOGO
1492;c-2070 f-264.jpg;CULTIVOS;1548.0;2162.0;1776.0;2153.0;1778.0;2196.0;1550.0;2205.0;8;c-2070 f-264;-7.557.506.370.855.330;37.209.919.717.079.900;70.0;;;
1493;c-2070 f-264.jpg;BALCONES;408.0;2190.0;594.0;2202.0;591.0;2246.0;405.0;2236.0;8;c-2070 f-264;-7.562.198.066.737.060;37.198.344.264.757.200;100.0;BALCONES;Sitio;CATALOGO
1494;c-2070 f-264.jpg;LA MARGARITA;972.0;2171.0;1171.0;2145.0;1176.0;2179.0;975.0;2203.0;12;c-2070 f-264;-7.559.876.911.932.410;3.720.619.903.597.620;8.571.428.571.428.570;LAS MARGARITAS;Sitio;CATALOGO
1495;c-2070 f-264.jpg;TAPIAS;2178.0;2244.0;2287.0;2271.0;2279.0;2308.0;2171.0;2271.0;6;c-2070 f-264;-755.491.359.155.227;37.176.020.178.134.800;100.0;TAPIAS;Sitio;CATALOGO
1496;c-2070 f-264.jpg;SPIRITUSMIT DALCONES;79.0;2358.0;790.0;2378.0;789.0;2447.0;79.0;2433.0;20;c-2070 f-264;-7.563.552.073.706.440;3.712.889.155.082.080;45.0;;;
1497;c-2070 f-264.jpg;SON PEDRO;1558.0;2328.0;1712.0;2209.0;1732.0;2237.0;1579.0;2359.0;9;c-2070 f-264;-75.574.652.156.283;37.141.293.821.166.600;8.888.888.888.888.880;SAN PEDRO;Sitio;CATALOGO
1498;c-2070 f-264.jpg;CRETES;1071.0;2423.0;1242.0;2370.0;1255.0;2410.0;1083.0;2466.0;6;c-2070 f-264;-7.559.469.475.184.790;371.020.199.650.716;7.142.857.142.857.140;CARATES;Nombre;CATALOGO
1499;c-2070 f-264.jpg;RCAPITAL AS;1398.0;2429.0;1555.0;2410.0;1560.0;2451.0;1400.0;2463.0;11;c-2070 f-264;-7.558.123.699.260.820;37.099.539.511.002.400;6.363.636.363.636.360;;;
1500;c-2070 f-264.jpg;SEMANTER;2614.0;2395.0;2755.0;2381.0;2757.0;2433.0;2614.0;2442.0;8;c-2070 f-264;-7.553.119.223.653.640;37.113.595.417.394.300;62.5;;;
1501;c-2070 f-264.jpg;CRETES LA;1206.0;2513.0;1427.0;2513.0;1427.0;2564.0;1206.0;2564.0;9;c-2070 f-264;-7.558.913.879.619.850;37.064.813.154.034.200;5.555.555.555.555.550;;;
1502;c-2070 f-264.jpg;CRETES;1511.0;2534.0;1505.0;2396.0;1550.0;2394.0;1560.0;2530.0;6;c-2070 f-264;-7.557.658.645.195.350;37.056.131.564.792.100;7.142.857.142.857.140;CARATES;Nombre;CATALOGO
1503;c-1857 f-162.jpg;IMENIENIO;338.0;112.0;514.0;114.0;514.0;147.0;337.0;145.0;9;c-1857 f-162;-753.528.098.646.098;3.842.575.570.501.260;6.666.666.666.666.660;;;
1504;c-1857 f-162.jpg;INSP DPTAL DE OLAYA HERRERA TELELOM;317.0;136.0;952.0;152.0;952.0;180.0;316.0;160.0;35;c-1857 f-162;-753.534.291.245.009;38.418.646.927.515.300;45.714.285.714.285.700;;;
1505;c-1857 f-162.jpg;PUESTO ILE SALUTI;324.0;163.0;580.0;174.0;579.0;198.0;324.0;187.0;17;c-1857 f-162;-753.532.227.045.372;3.841.064.955.283.080;7.647.058.823.529.410;PUESTO DE SALUD;Sitio;CATALOGO
1506;c-1857 f-162.jpg;COLLGIO ENRIQUE OLAYA HERRERA;318.0;189.0;773.0;206.0;772.0;231.0;318.0;213.0;29;c-1857 f-162;-7.535.339.963.593.460;384.029.483.772.088;7.241.379.310.344.820;ENRIQUE OLAYA HERRERA;Sitio;CATALOGO
1507;c-1857 f-162.jpg;NULLED ESCOLAR ILASA HERRERA;322.0;219.0;768.0;236.0;767.0;261.0;321.0;242.0;28;c-1857 f-162;-7.535.328.168.166.960;38.394.062.405.337.100;50.0;;;
1508;c-1857 f-162.jpg;CULTIVO;2259.0;2134.0;2389.0;2131.0;2390.0;2163.0;2259.0;2167.0;7;c-1857 f-162;-7.529.616.232.885.660;3.782.684.120.086.540;7.142.857.142.857.140;YULIVO;Loma;CATALOGO
1509;c-1857 f-162.jpg;STETUANT;1688.0;459.0;2083.0;373.0;2093.0;434.0;1704.0;531.0;8;c-1857 f-162;-7.531.300.030.018.140;38.322.974.630.364.200;62.5;;;
1510;c-1857 f-162.jpg;VINTAQUERIDA;2328.0;545.0;2550.0;542.0;2550.0;576.0;2328.0;579.0;12;c-1857 f-162;-7.529.412.761.778.580;38.297.501.510.998.900;75.0;VENTAQUEMADA;Río;CATALOGO
1511;c-1857 f-162.jpg;SR CHULAPA;1264.0;593.0;1620.0;519.0;1633.0;580.0;1278.0;676.0;10;c-1857 f-162;-7.532.550.345.226.850;38.283.283.956.004.300;70.0;;;
1512;c-1857 f-162.jpg;LOS HALEN;1984.0;621.0;2105.0;622.0;2105.0;658.0;1984.0;658.0;9;c-1857 f-162;-7.530.427.168.457.350;3.827.499.038.225.740;7.777.777.777.777.770;LOS HACES;Sitio;CATALOGO
1513;c-1857 f-162.jpg;VIA VENTAQUEMADA;2078.0;718.0;2434.0;720.0;2434.0;769.0;2078.0;763.0;16;c-1857 f-162;-7.530.149.975.934.660;38.246.259.073.205.900;75.0;VENTAQUEMADA;Río;CATALOGO
1514;c-1857 f-162.jpg;BARRIO ELLLANO;806.0;776.0;1049.0;777.0;1049.0;809.0;806.0;807.0;14;c-1857 f-162;-7.533.900.921.560.790;3.822.907.952.758.740;7.142.857.142.857.140;BARRIO BLANCO;Sitio;CATALOGO
1515;c-1857 f-162.jpg;CANBLA;2431.0;803.0;2432.0;691.0;2473.0;690.0;2472.0;802.0;6;c-1857 f-162;-752.910.902.954.628;3.822.108.215.290.290;7.142.857.142.857.140;CANDELA;Laguna;CATALOGO
1516;c-1857 f-162.jpg;LOS JARDIN;1271.0;860.0;1449.0;859.0;1449.0;886.0;1271.0;887.0;10;c-1857 f-162;-753.252.970.323.049;38.204.198.806.346.900;8.333.333.333.333.330;LOS JARDINES;Sitio;CATALOGO
1517;c-1857 f-162.jpg;EL RICLL;1232.0;894.0;1346.0;894.0;1345.0;918.0;1232.0;917.0;8;c-1857 f-162;-7.532.644.708.638.830;3.819.412.803.822.570;75.0;EL ROCAL;Quebrada;CATALOGO
1518;c-1857 f-162.jpg;LA PENINSULA;2225.0;902.0;2414.0;899.0;2414.0;936.0;2225.0;937.0;12;c-1857 f-162;-7.529.716.494.010.890;38.191.758.445.726.600;75.0;LA PEINILLA;Quebrada;CATALOGO
1519;c-1857 f-162.jpg;ENTRER;1394.0;1025.0;1520.0;878.0;1547.0;902.0;1422.0;1050.0;6;c-1857 f-162;-7.532.166.993.865.690;38.155.325.961.053.000;6.666.666.666.666.660;;;
1520;c-1857 f-162.jpg;TOMTAL;2213.0;1228.0;2320.0;1130.0;2352.0;1166.0;2240.0;1264.0;6;c-1857 f-162;-7.529.751.880.290.380;3.809.519.755.138.830;7.142.857.142.857.140;TOMARAL;Arroyo;CATALOGO
1521;c-1857 f-162.jpg;VDA LLANO LARGO;2319.0;1205.0;2580.0;1203.0;2580.0;1243.0;2319.0;1244.0;15;c-1857 f-162;-7.529.439.301.488.200;38.102.010.129.823.200;7.333.333.333.333.330;LLANO LARGO;Sitio;CATALOGO
1522;c-1857 f-162.jpg;MAILLE;1094.0;1288.0;1192.0;1186.0;1218.0;1209.0;1119.0;1312.0;6;c-1857 f-162;-7.533.051.650.852.990;38.077.425.607.645.100;7.142.857.142.857.140;MATILDE;Sitio;CATALOGO
1523;c-1857 f-162.jpg;CHIPALO;1025.0;1479.0;1137.0;1472.0;1138.0;1503.0;1025.0;1509.0;7;c-1857 f-162;-7.533.255.121.960.070;3.802.085.158.672.910;7.142.857.142.857.140;CHITAL;Alto;CATALOGO
1524;c-1857 f-162.jpg;SAN ISIDRO;899.0;1506.0;1052.0;1503.0;1053.0;1533.0;900.0;1540.0;10;c-1857 f-162;-7.533.626.677.894.730;38.012.854.212.044.700;8.333.333.333.333.330;SAN ISIDRO I;Vereda;CATALOGO
1525;c-1857 f-162.jpg;LA ESPERANZA;1349.0;1658.0;1522.0;1652.0;1523.0;1688.0;1350.0;1693.0;12;c-1857 f-162;-7.532.299.692.413.790;37.967.831.954.561.800;75.0;LA ESMERALDA;Vereda;CATALOGO
1526;c-1857 f-162.jpg;LUIMARIO;2222.0;1667.0;2272.0;1826.0;2233.0;1836.0;2182.0;1676.0;8;c-1857 f-162;-7.529.725.340.580.760;37.965.166.163.000.300;7.777.777.777.777.770;LUSITARIO;Sitio;CATALOGO
1527;c-1857 f-162.jpg;ELANTOJO;2030.0;1719.0;2138.0;1710.0;2140.0;1740.0;2033.0;1752.0;8;c-1857 f-162;-7.530.291.521.052.630;37.949.763.811.756.200;8.888.888.888.888.880;EL ANTOJO;Sitio;CATALOGO
1528;c-1857 f-162.jpg;LAS ACACIA;816.0;1789.0;990.0;1785.0;991.0;1808.0;817.0;1815.0;10;c-1857 f-162;-7.533.871.432.994.550;3.792.902.987.738.910;909.090.909.090.909;LAS ACACIAS;Sitio;CATALOGO
1529;c-1857 f-162.jpg;CAPOTE;820.0;1806.0;919.0;1806.0;919.0;1836.0;820.0;1835.0;6;c-1857 f-162;-7.533.859.637.568.050;3.792.399.449.332.850;8.333.333.333.333.330;ZAPOTE;Quebrada;CATALOGO
1530;c-1857 f-162.jpg;SALZANKA;896.0;1834.0;1022.0;1832.0;1023.0;1856.0;896.0;1858.0;8;c-1857 f-162;-7.533.635.524.464.600;37.915.700.919.581.600;75.0;SALDANA;Nombre;CATALOGO
1531;c-1857 f-162.jpg;LOS MANDERI NOS;1086.0;1884.0;1262.0;1879.0;1262.0;1902.0;1086.0;1907.0;15;c-1857 f-162;-7.533.075.241.705.980;3.790.089.096.646.230;7.333.333.333.333.330;LOS MADEROS;Sitio;CATALOGO
1532;c-1857 f-162.jpg;ALINTIAY;1061.0;1905.0;1100.0;1783.0;1143.0;1795.0;1096.0;1919.0;8;c-1857 f-162;-7.533.148.963.121.590;37.894.670.786.152.100;6.666.666.666.666.660;;;
1533;c-1857 f-162.jpg;FILO DE COTO;1936.0;1904.0;1945.0;1646.0;1984.0;1648.0;1976.0;1906.0;12;c-1857 f-162;-7.530.568.713.575.310;37.894.966.985.214.500;8.333.333.333.333.330;FILO DE ORO;Sitio;CATALOGO
1534;c-1857 f-162.jpg;BUENOS AIRES;1018.0;2000.0;1228.0;2000.0;1228.0;2028.0;1018.0;2027.0;12;c-1857 f-162;-7.533.275.763.956.440;3.786.653.187.522.530;100.0;BUENOS AIRES;Vereda;CATALOGO
1535;c-1857 f-162.jpg;LL AKUERDO;1094.0;1934.0;1266.0;1936.0;1266.0;1958.0;1094.0;1955.0;10;c-1857 f-162;-7.533.051.650.852.990;37.886.081.013.342.900;6.666.666.666.666.660;;;
1536;c-1857 f-162.jpg;LA VIGONI SES;763.0;1956.0;943.0;1946.0;945.0;1970.0;765.0;1980.0;13;c-1857 f-162;-7.534.027.722.395.640;3.787.956.463.397.040;6.153.846.153.846.150;;;
1537;c-1857 f-162.jpg;VIA JAGUARA;1319.0;1993.0;1643.0;1994.0;1642.0;2054.0;1318.0;2050.0;11;c-1857 f-162;-7.532.388.158.112.520;37.868.605.268.662.000;7.272.727.272.727.270;VIJAGUALA;Quebrada;CATALOGO
1538;c-1857 f-162.jpg;ELECAPITOLIO;603.0;2062.0;804.0;2061.0;804.0;2108.0;603.0;2109.0;12;c-1857 f-162;-7.534.499.539.455.530;37.848.167.533.357.300;75.0;CAPITOLIO;Cerro;CATALOGO
1539;c-1857 f-162.jpg;LAS PITAS;663.0;2100.0;834.0;2093.0;837.0;2134.0;666.0;2145.0;9;c-1857 f-162;-7.534.322.608.058.070;37.836.911.968.986.600;7.272.727.272.727.270;LAS LAJITAS;Quebrada;CATALOGO
1540;c-1857 f-162.jpg;SANJOSE;1027.0;2109.0;1122.0;2112.0;1121.0;2136.0;1027.0;2133.0;7;c-1857 f-162;-7.533.249.224.246.820;3.783.424.617.742.510;75.0;SAN JOSÉ;Sitio;CATALOGO
1541;c-1857 f-162.jpg;LAR CEMALEL;634.0;2157.0;826.0;2147.0;827.0;2181.0;634.0;2190.0;11;c-1857 f-162;-753.440.812.490.018;3.782.002.862.243.050;6.363.636.363.636.360;;;
1542;c-1857 f-162.jpg;LOS GLIANIOS;973.0;2178.0;1114.0;2176.0;1114.0;2199.0;974.0;2201.0;12;c-1857 f-162;-7.533.408.462.504.530;37.813.808.442.120.400;75.0;LOS LIRIOS;Sitio;CATALOGO
1543;c-1857 f-162.jpg;LA MISETA;943.0;2204.0;1079.0;2204.0;1079.0;2227.0;943.0;2227.0;9;c-1857 f-162;-7.533.496.928.203.260;3.780.610.726.649.830;7.777.777.777.777.770;LA PISTA;Vereda;CATALOGO
1544;c-1857 f-188.jpg;AS TOLDAS;1699.0;322.0;1850.0;327.0;1849.0;360.0;1698.0;356.0;9;c-1857 f-188;-7.535.108.715.646.010;3.857.204.333.571.680;90.0;LAS TOLDAS;Vereda;CATALOGO
1545;c-1857 f-188.jpg;CAUCHITO;683.0;433.0;856.0;426.0;857.0;460.0;685.0;469.0;8;c-1857 f-188;-7.537.614.261.557.520;38.544.546.131.569.500;75.0;RANCHITO;Ciénaga;CATALOGO
1546;c-1857 f-188.jpg;LA ESHERAUS;390.0;512.0;554.0;507.0;556.0;541.0;391.0;547.0;11;c-1857 f-188;-7.538.336.825.486.720;38.524.976.049.338.500;7.272.727.272.727.270;LA ESTERA;Sitio;CATALOGO
1547;c-1857 f-188.jpg;MAQUITO;877.0;593.0;998.0;597.0;997.0;636.0;875.0;631.0;7;c-1857 f-188;-753.713.584.038.938;38.504.910.521.987.800;75.0;MOSQUITO;Caño;CATALOGO
1548;c-1857 f-188.jpg;VEREDA;425.0;1228.0;603.0;1235.0;601.0;1282.0;423.0;1276.0;6;c-1857 f-188;-753.825.051.238.938;38.347.606.696.460.400;7.142.857.142.857.140;VERADAR;Sitio;CATALOGO
1549;c-1857 f-188.jpg;ELIOTUMO;833.0;699.0;987.0;717.0;983.0;754.0;829.0;736.0;8;c-1857 f-188;-7.537.244.348.283.180;3.847.865.193.063.990;7.777.777.777.777.770;EL TOTUMO;Caño;CATALOGO
1550;c-1857 f-188.jpg;WAQUITO;604.0;803.0;818.0;810.0;816.0;869.0;602.0;863.0;7;c-1857 f-188;-7.537.809.082.548.670;3.845.288.878.441.180;8.571.428.571.428.570;MAQUITO;Vereda;CATALOGO
1551;c-1857 f-188.jpg;QUEBRAD;381.0;881.0;474.0;1060.0;443.0;1075.0;347.0;897.0;7;c-1857 f-188;-7.538.359.020.283.180;384.335.664.247.408;7.777.777.777.777.770;QUEBRADAS;Vereda;CATALOGO
1552;c-1857 f-188.jpg;QUEBRA;1276.0;958.0;1453.0;1188.0;1410.0;1221.0;1235.0;992.0;6;c-1857 f-188;-7.536.151.871.079.640;384.144.917.876.296;7.142.857.142.857.140;QUESERA;Sitio;CATALOGO
1553;c-1857 f-188.jpg;EL CURO;986.0;1059.0;1131.0;1065.0;1129.0;1104.0;984.0;1098.0;7;c-1857 f-188;-7.536.867.036.743.360;3.838.947.180.908.110;7.142.857.142.857.140;EL COCO;Caño;CATALOGO
1554;c-1857 f-188.jpg;CABALLOS;1587.0;1066.0;1775.0;1192.0;1750.0;1230.0;1562.0;1107.0;8;c-1857 f-188;-7.535.384.917.557.520;38.387.737.751.161.900;87.5;CABALLO;Caño;CATALOGO
1555;c-1857 f-188.jpg;EL NAQUITON;663.0;1119.0;789.0;1151.0;777.0;1193.0;643.0;1162.0;11;c-1857 f-188;-7.537.663.583.327.430;3.837.460.845.548.800;7.272.727.272.727.270;EL BAQUIANO;Sitio;CATALOGO
1556;c-1857 f-188.jpg;AQUITO;663.0;1156.0;769.0;1225.0;754.0;1264.0;647.0;1195.0;6;c-1857 f-188;-7.537.663.583.327.430;38.365.442.720.772.200;7.142.857.142.857.140;AZULITO;Quebrada;CATALOGO
1557;c-1857 f-188.jpg;SIEREA;1258.0;1290.0;1373.0;1313.0;1367.0;1354.0;1251.0;1333.0;6;c-1857 f-188;-7.536.196.260.672.560;3.833.224.789.774.750;7.142.857.142.857.140;SIBERIA;Sitio;CATALOGO
1558;c-1857 f-188.jpg;CARACOL;686.0;1401.0;801.0;1410.0;800.0;1450.0;683.0;1439.0;7;c-1857 f-188;-7.537.606.863.292.030;38.304.750.693.600.200;100.0;CARACOL;Vereda;CATALOGO
1559;c-1857 f-188.jpg;EL AZUSA;1444.0;1467.0;1583.0;1479.0;1580.0;1514.0;1441.0;1506.0;8;c-1857 f-188;-7.535.737.568.212.380;3.828.840.100.464.780;75.0;EL ALISA;Quebrada;CATALOGO
1560;c-1857 f-188.jpg;VALPARAISO;577.0;1634.0;788.0;1652.0;783.0;1695.0;575.0;1674.0;10;c-1857 f-188;-7.537.875.666.938.050;38.247.031.337.146.900;80.0;MALPARAÍSO;Sitio;CATALOGO
1561;c-1857 f-188.jpg;CASTANAL;929.0;1657.0;1056.0;1658.0;1055.0;1698.0;928.0;1694.0;8;c-1857 f-188;-7.537.007.603.787.600;38.241.333.718.269.500;75.0;CASTANHA;Isla;CATALOGO
1562;c-1857 f-188.jpg;THOMAS;441.0;1673.0;568.0;1659.0;569.0;1695.0;444.0;1707.0;6;c-1857 f-188;-7.538.211.054.973.440;38.237.370.157.311.400;6.666.666.666.666.660;;;
1563;c-1857 f-188.jpg;LOS DELINID;943.0;1722.0;1127.0;1721.0;1128.0;1765.0;943.0;1766.0;11;c-1857 f-188;-7.536.973.078.548.670;3.822.523.175.187.700;75.0;LOS DELIRIOS;Sitio;CATALOGO
1564;c-1857 f-188.jpg;VEREDA CHONTADURO;528.0;1921.0;1039.0;1925.0;1038.0;1989.0;528.0;1982.0;17;c-1857 f-188;-7.537.996.505.274.330;38.175.934.962.459.700;7.058.823.529.411.760;EL CHONTADURO;Sitio;CATALOGO
1565;c-1857 f-188.jpg;CHONTADUR;390.0;1948.0;521.0;1793.0;557.0;1824.0;429.0;1981.0;9;c-1857 f-188;-7.538.336.825.486.720;3.816.924.645.334.280;90.0;CHONTADURO;Sitio;CATALOGO
1566;c-1857 f-188.jpg;EL PERICO;766.0;2072.0;959.0;2180.0;938.0;2229.0;742.0;2106.0;9;c-1857 f-188;-7.537.409.576.212.380;38.138.528.855.917.000;7.777.777.777.777.770;EL PUERCO;Raudal;CATALOGO
1567;c-1857 f-188.jpg;LOREAL;1287.0;2079.0;1418.0;2082.0;1419.0;2131.0;1284.0;2123.0;6;c-1857 f-188;-7.536.124.744.106.190;38.136.794.797.997.800;7.142.857.142.857.140;LA REAL;Sitio;CATALOGO
1568;c-1857 f-188.jpg;TALARE;1513.0;2092.0;1654.0;2129.0;1644.0;2190.0;1501.0;2149.0;6;c-1857 f-188;-7.535.567.408.106.190;38.133.574.404.719.300;7.142.857.142.857.140;TABARES;Sitio;CATALOGO
1569;c-1857 f-188.jpg;QUEBRADA;303.0;2096.0;425.0;1956.0;459.0;1986.0;336.0;2125.0;8;c-1857 f-188;-7.538.551.375.185.840;381.325.835.144.798;7.272.727.272.727.270;QUEBRADITAS;Vereda;CATALOGO
1570;c-1857 f-208.jpg;LA CALLE;1248.0;442.0;1258.0;612.0;1217.0;614.0;1205.0;445.0;8;c-1857 f-208;-7.541.267.315.840.890;38.415.099.443.865.100;75.0;LA CAL;Vereda;CATALOGO
1571;c-1857 f-208.jpg;KLOKHUISRARA;1408.0;484.0;1628.0;487.0;1627.0;531.0;1408.0;530.0;12;c-1857 f-208;-754.088.645.889.742;38.405.057.400.069.500;50.0;;;
1572;c-1857 f-208.jpg;EL VOLCANIN;1626.0;538.0;1832.0;544.0;1830.0;594.0;1625.0;585.0;11;c-1857 f-208;-7.540.367.541.311.930;3.839.214.620.090.370;7.272.727.272.727.270;EL VOLCÁN;Sitio;CATALOGO
1573;c-1857 f-208.jpg;LA TICKER;1276.0;612.0;1356.0;473.0;1387.0;489.0;1307.0;626.0;9;c-1857 f-208;-7.541.200.665.875.780;3.837.445.307.612.090;70.0;;;
1574;c-1857 f-208.jpg;LA ZARABIA;1664.0;657.0;1824.0;661.0;1823.0;694.0;1663.0;690.0;10;c-1857 f-208;-7.540.277.087.787.850;383.636.937.434.828;90.0;LA ARABIA;Quebrada;CATALOGO
1575;c-1857 f-208.jpg;LA ALBANIA;853.0;770.0;1020.0;766.0;1021.0;802.0;854.0;805.0;10;c-1857 f-208;-7.542.207.556.420.090;38.336.675.863.746.900;80.0;LA ALSACIA;Sitio;CATALOGO
1576;c-1857 f-208.jpg;LA PRIMAVERA;1158.0;817.0;1386.0;820.0;1385.0;866.0;1157.0;858.0;12;c-1857 f-208;-7.541.481.547.871.590;383.254.383.385.471;7.333.333.333.333.330;NUEVA PRIMAVERA;Vereda;CATALOGO
1577;c-1857 f-208.jpg;LAPEDRE;1905.0;819.0;2003.0;815.0;2004.0;836.0;1906.0;841.0;7;c-1857 f-208;-7.539.703.422.016.740;383.249.601.459.854;7.142.857.142.857.140;LAVERDE;Loma;CATALOGO
1578;c-1857 f-208.jpg;ALBANIA;1257.0;913.0;1400.0;964.0;1390.0;1001.0;1246.0;951.0;7;c-1857 f-208;-7.541.245.892.637.820;38.302.485.095.585.600;7.142.857.142.857.140;ALSACIA;Caserío;CATALOGO
1579;c-1857 f-208.jpg;CARACOL;1885.0;919.0;2000.0;925.0;1998.0;951.0;1885.0;942.0;7;c-1857 f-208;-7.539.751.029.134.680;38.301.050.517.900.500;100.0;CARACOL;Vereda;CATALOGO
1580;c-1857 f-208.jpg;CHONTADURO;2084.0;935.0;2243.0;938.0;2242.0;959.0;2083.0;956.0;10;c-1857 f-208;-7.539.277.338.311.230;38.297.224.977.407.000;80.0;CONTADERO;Sitio;CATALOGO
1581;c-1857 f-208.jpg;INOSTAA;545.0;937.0;580.0;1014.0;552.0;1022.0;517.0;945.0;7;c-1857 f-208;-7.542.940.706.036.280;38.296.746.784.845.300;75.0;INDOSTAN;Vereda;CATALOGO
1582;c-1857 f-208.jpg;LA PLAYA;1604.0;957.0;1740.0;956.0;1741.0;989.0;1604.0;992.0;8;c-1857 f-208;-754.041.990.914.166;38.291.964.859.228.300;100.0;LA PLAYA;Sitio;CATALOGO
1583;c-1857 f-208.jpg;EL CEDRO;1846.0;1034.0;1955.0;1024.0;1958.0;1053.0;1848.0;1063.0;8;c-1857 f-208;-7.539.843.863.014.650;38.273.554.445.603.000;100.0;EL CEDRO;Quebrada;CATALOGO
1584;c-1857 f-208.jpg;LA UNION;1220.0;1055.0;1347.0;1058.0;1345.0;1095.0;1219.0;1089.0;8;c-1857 f-208;-7.541.333.965.806.000;3.826.853.342.370.520;87.5;LA UNIÓN;Vereda;CATALOGO
1585;c-1857 f-208.jpg;CUCNUMIDA;1471.0;1074.0;1648.0;1069.0;1649.0;1105.0;1471.0;1108.0;9;c-1857 f-208;-7.540.736.496.475.920;38.263.990.594.369.100;6.666.666.666.666.660;;;
1586;c-1857 f-208.jpg;FILO DE;1405.0;1106.0;1503.0;1178.0;1489.0;1198.0;1389.0;1126.0;7;c-1857 f-208;-7.540.893.599.965.100;38.256.339.513.382;70.0;;;
1587;c-1857 f-208.jpg;LAS ONDAS;310.0;1181.0;466.0;1173.0;468.0;1210.0;312.0;1220.0;9;c-1857 f-208;-7.543.500.089.672.010;38.238.407.292.318.300;7.777.777.777.777.770;LAS MONAS;Sitio;CATALOGO
1588;c-1857 f-208.jpg;LAS DANTAK;1229.0;1180.0;1380.0;1181.0;1380.0;1213.0;1229.0;1210.0;10;c-1857 f-208;-7.541.312.542.602.930;3.823.864.638.859.920;7.272.727.272.727.270;LAS LLANTAS;Caño;CATALOGO
1589;c-1857 f-208.jpg;AS TOS;1546.0;1194.0;1720.0;1181.0;1723.0;1224.0;1547.0;1235.0;6;c-1857 f-208;-754.055.796.978.367;38.235.299.040.667.300;7.142.857.142.857.140;MASATOS;Vereda;CATALOGO
1590;c-1857 f-208.jpg;DANTAS;1603.0;1277.0;1719.0;1335.0;1701.0;1371.0;1586.0;1313.0;6;c-1857 f-208;-7.540.422.289.497.550;38.215.454.049.356.900;8.333.333.333.333.330;DANTA;Raudal;CATALOGO
1591;c-1857 f-208.jpg;JALA PALMA;1111.0;1311.0;1321.0;1309.0;1322.0;1352.0;1112.0;1358.0;10;c-1857 f-208;-7.541.593.424.598.740;38.207.324.775.808.100;80.0;LA PALMA;Sitio;CATALOGO
1592;c-1857 f-208.jpg;RACALLO;1783.0;1325.0;1909.0;1327.0;1908.0;1365.0;1783.0;1363.0;7;c-1857 f-208;-7.539.993.825.436.140;38.203.977.427.876.200;7.142.857.142.857.140;CABALLO;Caño;CATALOGO
1593;c-1857 f-208.jpg;AL CUCHARAL;767.0;1339.0;979.0;1352.0;978.0;1375.0;765.0;1362.0;11;c-1857 f-208;-7.542.412.267.027.210;3.820.063.007.994.430;7.272.727.272.727.270;EL CUCHARO;Sitio;CATALOGO
1594;c-1857 f-208.jpg;GUINDO;758.0;1361.0;856.0;1369.0;854.0;1391.0;757.0;1385.0;6;c-1857 f-208;-7.542.433.690.230.280;3.819.536.996.176.570;7.142.857.142.857.140;QUINDÍO;Sitio;CATALOGO
1595;c-1857 f-208.jpg;EL HORIZONTE;1082.0;1414.0;1324.0;1411.0;1325.0;1453.0;1082.0;1457.0;12;c-1857 f-208;-7.541.662.454.919.750;3.818.269.785.888.070;75.0;HORIZONTE;Vereda;CATALOGO
1596;c-1857 f-208.jpg;BUENA VISTA;1161.0;1451.0;1370.0;1456.0;1368.0;1496.0;1160.0;1487.0;11;c-1857 f-208;-7.541.474.406.803.900;381.738.512.964.894;7.272.727.272.727.270;BELLA VISTA;Sitio;CATALOGO
1597;c-1857 f-208.jpg;ARA LOS INCENCIOS;1232.0;1465.0;1607.0;1462.0;1607.0;1503.0;1233.0;1509.0;17;c-1857 f-208;-7.541.305.401.535.240;38.170.503.948.557.500;6.470.588.235.294.110;;;
1598;c-1857 f-208.jpg;EROSION;428.0;1838.0;525.0;1825.0;528.0;1845.0;430.0;1860.0;7;c-1857 f-208;-7.543.219.207.676.200;38.081.321.035.801.100;7.142.857.142.857.140;OROSIO;Caño;CATALOGO
1599;c-1857 f-208.jpg;LA ALCANCIA;851.0;1508.0;999.0;1514.0;998.0;1536.0;851.0;1529.0;11;c-1857 f-208;-7.542.212.317.131.890;3.816.022.280.848.100;8.181.818.181.818.180;LA ALSACIA;Sitio;CATALOGO
1600;c-1857 f-208.jpg;EL PARAISO;575.0;1532.0;710.0;1534.0;709.0;1555.0;575.0;1551.0;10;c-1857 f-208;-7.542.869.295.359.380;38.154.484.497.740.700;90.0;EL PARAÍSO;Vereda;CATALOGO
1601;c-1857 f-208.jpg;ERONIEN;1358.0;1649.0;1428.0;1753.0;1408.0;1767.0;1337.0;1662.0;7;c-1857 f-208;-7.541.005.476.692.250;3.812.651.023.288.140;5.714.285.714.285.710;;;
1602;c-1857 f-208.jpg;PALMIRA;376.0;1671.0;480.0;1676.0;479.0;1696.0;375.0;1691.0;7;c-1857 f-208;-7.543.342.986.182.830;38.121.250.114.702.800;100.0;PALMIRA;Sitio;CATALOGO
1603;c-1857 f-208.jpg;ONDNSAAR;902.0;1709.0;1028.0;1714.0;1027.0;1735.0;901.0;1730.0;8;c-1857 f-208;-7.542.090.918.981.150;38.112.164.456.030.500;5.555.555.555.555.550;;;
1604;c-1857 f-208.jpg;JAULITA;929.0;1720.0;955.0;1820.0;927.0;1827.0;906.0;1725.0;7;c-1857 f-208;-7.542.026.649.371.940;3.810.953.439.694.120;7.142.857.142.857.140;PAUNITA;Vereda;CATALOGO
1605;c-1857 f-208.jpg;THAJTOS;1083.0;1762.0;1251.0;1746.0;1256.0;1798.0;1089.0;1817.0;7;c-1857 f-208;-7.541.660.074.563.850;38.099.492.353.145.600;7.142.857.142.857.140;HATOS;Vereda;CATALOGO
1606;c-1857 f-208.jpg;LA ILUSION;689.0;1823.0;846.0;1830.0;845.0;1853.0;688.0;1846.0;10;c-1857 f-208;-7.542.597.934.787.150;38.084.907.480.013.900;7.692.307.692.307.690;LAS ILUSIONES;Sitio;CATALOGO
1607;c-1857 f-208.jpg;LA FLORESTA;429.0;1862.0;590.0;1865.0;589.0;1890.0;429.0;1888.0;11;c-1857 f-208;-7.543.216.827.320.300;38.075.582.725.060.800;7.272.727.272.727.270;LA FLORIDA;Vereda;CATALOGO
1608;c-1857 f-208.jpg;DOS AGUAS;1100.0;1869.0;1246.0;1869.0;1246.0;1906.0;1101.0;1907.0;9;c-1857 f-208;-7.541.619.608.513.600;3.807.390.905.109.480;7.272.727.272.727.270;LOS AGUACOS;Sitio;CATALOGO
1609;c-1857 f-208.jpg;EL JARDIN;312.0;2170.0;475.0;2167.0;476.0;2211.0;312.0;2212.0;9;c-1857 f-208;-7.543.495.328.960.220;38.001.941.070.559.600;8.888.888.888.888.880;EL JARDÍN;Sitio;CATALOGO
1610;c-1857 f-208.jpg;BILANDIA;630.0;1945.0;752.0;1952.0;751.0;1972.0;629.0;1966.0;8;c-1857 f-208;-7.542.738.375.785.060;38.055.737.733.750.400;75.0;VELANDIA;Vereda;CATALOGO
1611;c-1857 f-208.jpg;GUAYABITOS;1253.0;2007.0;1427.0;2024.0;1421.0;2071.0;1249.0;2053.0;10;c-1857 f-208;-7.541.255.414.061.400;3.804.091.376.433.780;90.0;GUAYABITO;Sitio;CATALOGO
1612;c-1857 f-208.jpg;VIOLETA;534.0;2048.0;674.0;2052.0;672.0;2088.0;533.0;2082.0;7;c-1857 f-208;-7.542.966.889.951.150;38.031.110.816.823.000;87.5;VIOLETAS;Sitio;CATALOGO
1613;c-1857 f-208.jpg;BUENOS AIRES;273.0;2084.0;465.0;2085.0;465.0;2128.0;273.0;2127.0;12;c-1857 f-208;-7.543.588.162.840.190;3.802.250.335.071.250;100.0;BUENOS AIRES;Vereda;CATALOGO
1614;c-1857 f-208.jpg;LOS ARODLES;819.0;2084.0;1056.0;2083.0;1056.0;2128.0;819.0;2128.0;11;c-1857 f-208;-7.542.288.488.520.580;3.802.250.335.071.250;7.272.727.272.727.270;LOS ÁRBOLES;Sitio;CATALOGO
1615;c-1857 f-208.jpg;CERRO SUANBANA;528.0;2149.0;831.0;2145.0;832.0;2189.0;528.0;2197.0;14;c-1857 f-208;-7.542.981.172.086.530;38.006.962.092.457.400;6.428.571.428.571.420;;;
1616;c-1857 f-208.jpg;ELREGRED;345.0;2246.0;538.0;2262.0;534.0;2305.0;345.0;2295.0;8;c-1857 f-208;-7.543.416.777.215.630;37.983.769.753.215.100;70.0;;;
1617;c-1857 f-208.jpg;FORQUETA;666.0;2275.0;710.0;2385.0;676.0;2401.0;627.0;2290.0;8;c-1857 f-208;-7.542.652.682.972.780;37.976.835.961.070.500;75.0;PORQUERA;Vereda;CATALOGO
1618;c-1857 f-208.jpg;AL ESPEJO;2040.0;2304.0;2198.0;2312.0;2195.0;2354.0;2037.0;2344.0;9;c-1857 f-208;-7.539.382.073.970.690;37.969.902.168.925.900;8.888.888.888.888.880;EL ESPEJO;Sitio;CATALOGO
1619;c-1974 f-142.jpg;WIJ ALTINS XVOOS;3200.0;779.0;3173.0;966.0;3144.0;962.0;3169.0;774.0;16;c-1974 f-142;-7.536.063.469.336.590;3.868.374.854.243.540;43.75;;;
1620;c-1974 f-142.jpg;ALTO LOS GUAYABOS;2647.0;841.0;3039.0;922.0;3027.0;973.0;2636.0;897.0;17;c-1974 f-142;-7.537.458.192.479.360;38.668.041.494.464.900;7.058.823.529.411.760;LOS GUAYABOS;Sitio;CATALOGO
1621;c-1974 f-142.jpg;LAGALLERA PROFUND;1965.0;776.0;2093.0;356.0;2142.0;370.0;2022.0;792.0;17;c-1974 f-142;-7.539.178.266.952.000;38.684.508.560.885.600;5.294.117.647.058.820;;;
1622;c-1974 f-142.jpg;RIDADO;2079.0;844.0;2208.0;857.0;2205.0;883.0;2076.0;869.0;6;c-1974 f-142;-753.889.074.717.212;3.866.728.147.601.470;7.142.857.142.857.140;RICARDO;Quebrada;CATALOGO
1623;c-1974 f-142.jpg;EL CEDRAL;2351.0;878.0;2530.0;909.0;2525.0;938.0;2346.0;904.0;9;c-1974 f-142;-753.820.473.506.573;38.658.667.933.579.300;7.777.777.777.777.770;EL CEJAL;Laguna;CATALOGO
1624;c-1974 f-142.jpg;EL GRANEL;2672.0;944.0;2879.0;989.0;2871.0;1029.0;2663.0;986.0;9;c-1974 f-142;-7.537.395.139.896.050;3.864.194.752.767.520;7.777.777.777.777.770;EL GRAMAL;Sitio;CATALOGO
1625;c-1974 f-142.jpg;LA GILVANIL EL PORVENIRZ;2202.0;905.0;2594.0;988.0;2589.0;1016.0;2195.0;932.0;24;c-1974 f-142;-7.538.580.528.462.240;38.651.827.767.527.600;62.5;;;
1626;c-1974 f-142.jpg;ELMIRTO;2939.0;1024.0;3092.0;1049.0;3085.0;1088.0;2933.0;1066.0;7;c-1974 f-142;-7.536.721.738.306.320;3.862.168.036.900.360;87.5;EL MIRTO;Sitio;CATALOGO
1627;c-1974 f-142.jpg;EL GUAR GUR;2372.0;981.0;2424.0;1189.0;2384.0;1190.0;2345.0;985.0;11;c-1974 f-142;-7.538.151.770.895.750;3.863.257.396.678.960;7.272.727.272.727.270;EL GUAGUA;Quebrada;CATALOGO
1628;c-1974 f-142.jpg;EL SUSPIRO;2486.0;1006.0;2502.0;1163.0;2476.0;1166.0;2458.0;1009.0;10;c-1974 f-142;-7.537.864.251.115.860;386.262.404.797.048;100.0;EL SUSPIRO;Sitio;CATALOGO
1629;c-1974 f-142.jpg;LAS PAVAS;2594.0;1029.0;2741.0;1060.0;2739.0;1084.0;2589.0;1056.0;9;c-1974 f-142;-7.537.591.863.955.970;38.620.413.671.586.700;7.777.777.777.777.770;LAS DAMAS;Vereda;CATALOGO
1630;c-1974 f-142.jpg;VDA LOS;2893.0;1119.0;3054.0;1146.0;3047.0;1185.0;2886.0;1156.0;7;c-1974 f-142;-7.536.837.755.059.610;3.859.761.311.808.110;5.714.285.714.285.710;;;
1631;c-1974 f-142.jpg;LAS BRIS;2658.0;1140.0;2770.0;1159.0;2768.0;1182.0;2658.0;1163.0;8;c-1974 f-142;-7.537.430.449.342.700;38.592.292.988.929.800;80.0;LAS BRISAS;Sitio;CATALOGO
1632;c-1974 f-142.jpg;LAS BRISAS;2599.0;1145.0;2757.0;1051.0;2768.0;1073.0;2613.0;1170.0;10;c-1974 f-142;-7.537.579.253.439.310;3.859.102.629.151.290;100.0;LAS BRISAS;Sitio;CATALOGO
1633;c-1974 f-142.jpg;MACULIT;2773.0;1194.0;2837.0;1079.0;2868.0;1097.0;2805.0;1210.0;7;c-1974 f-142;-7.537.140.407.459.490;3.857.861.265.682.650;87.5;MACULITO;Quebrada;CATALOGO
1634;c-1974 f-142.jpg;LA YERBABUENA;2791.0;1225.0;3059.0;1271.0;3051.0;1308.0;2786.0;1262.0;13;c-1974 f-142;-7.537.095.009.599.510;38.570.759.132.841.300;7.692.307.692.307.690;YERBABUENA;Sitio;CATALOGO
1635;c-1857 f-160.jpg;LAPRIMAVERA INDIAY;767.0;668.0;1044.0;591.0;1055.0;661.0;780.0;708.0;18;c-1857 f-160;-753.410.226.378.897;3.781.521.072.827.200;61.904.761.904.761.900;;;
1636;c-1857 f-160.jpg;QUALERA;1710.0;862.0;1684.0;1006.0;1648.0;999.0;1671.0;857.0;7;c-1857 f-160;-7.531.435.631.654.670;3.776.010.099.965.640;7.142.857.142.857.140;QUESERA;Sitio;CATALOGO
1637;c-1857 f-160.jpg;EL PALMAR;1925.0;884.0;2065.0;887.0;2064.0;919.0;1924.0;916.0;9;c-1857 f-160;-7.530.827.650.839.320;3.775.385.144.280.310;100.0;EL PALMAR;Sitio;CATALOGO
1638;c-1857 f-160.jpg;VDA LA CALERA;2253.0;907.0;2615.0;923.0;2612.0;987.0;2251.0;972.0;13;c-1857 f-160;-7.529.900.126.618.700;37.747.317.815.183.700;6.923.076.923.076.920;;;
1639;c-1857 f-160.jpg;ALTOING DERALEL;2429.0;1722.0;2663.0;1727.0;2662.0;1771.0;2429.0;1764.0;15;c-1857 f-160;-7.529.402.430.695.440;37.515.800.140.845.000;60.0;;;
1640;c-1857 f-160.jpg;LASBELLIRS;730.0;1849.0;894.0;1850.0;894.0;1894.0;729.0;1893.0;10;c-1857 f-160;-7.534.206.893.045.560;3.747.972.315.355.540;7.272.727.272.727.270;LAS ELVIRAS;Quebrada;CATALOGO
1641;c-1857 f-190.jpg;QUEBRADA;1277.0;529.0;1504.0;754.0;1470.0;788.0;1240.0;563.0;8;c-1857 f-190;-7.536.779.296.514.380;38.116.492.473.984.500;7.272.727.272.727.270;QUEBRADITAS;Vereda;CATALOGO
1642;c-1857 f-190.jpg;PERICO;1529.0;742.0;1711.0;820.0;1697.0;858.0;1512.0;784.0;6;c-1857 f-190;-7.536.145.467.478.840;3.806.267.976.502.180;100.0;PERICO;Caño;CATALOGO
1643;c-1857 f-190.jpg;PARADERO;1348.0;906.0;1503.0;940.0;1495.0;977.0;1340.0;945.0;8;c-1857 f-190;-7.536.600.717.698.810;38.021.246.505.538.700;75.0;CAPADERO;Quebrada;CATALOGO
1644;c-1857 f-190.jpg;TAREND ELGOBI;1876.0;1316.0;2224.0;1334.0;2223.0;1363.0;1876.0;1337.0;13;c-1857 f-190;-7.535.272.694.957.690;3.791.766.335.683.110;5.384.615.384.615.380;;;
1645;c-1857 f-190.jpg;QUE BRAD;803.0;1214.0;896.0;1329.0;860.0;1356.0;768.0;1240.0;8;c-1857 f-190;-7.537.971.498.747.880;37.943.432.823.095;75.0;QUEBRADA;Ciénaga;CATALOGO
1646;c-1857 f-190.jpg;ACEQUIA PELOS LAURELES;1873.0;1381.0;2262.0;1410.0;2259.0;1437.0;1871.0;1416.0;22;c-1857 f-190;-7.535.280.240.541.450;379.012.416.381.336;5.454.545.454.545.450;;;
1647;c-1857 f-190.jpg;LA PRILASERAK;2050.0;1458.0;2232.0;1477.0;2229.0;1507.0;2048.0;1486.0;13;c-1857 f-190;-753.483.505.109.983;37.881.788.217.522.600;7.692.307.692.307.690;LA PRIMAVERA;Sitio;CATALOGO
1648;c-1857 f-190.jpg;HDA MEDICO DRY;1344.0;1416.0;1719.0;1460.0;1717.0;1504.0;1340.0;1468.0;14;c-1857 f-190;-7.536.610.778.477.150;37.892.399.174.219.500;5.714.285.714.285.710;;;
1649;c-1857 f-190.jpg;EL DINDE;1885.0;1458.0;2005.0;1474.0;2002.0;1497.0;1882.0;1482.0;8;c-1857 f-190;-753.525.005.820.643;37.881.788.217.522.600;75.0;EL DIQUE;Sitio;CATALOGO
1650;c-1857 f-190.jpg;LA HOREL;768.0;1408.0;935.0;1425.0;931.0;1461.0;764.0;1439.0;8;c-1857 f-190;-7.538.059.530.558.370;37.894.420.308.828.400;75.0;LA HOYAL;Sitio;CATALOGO
1651;c-1857 f-190.jpg;LAESMERALD;2087.0;1535.0;2243.0;1546.0;2241.0;1577.0;2085.0;1568.0;10;c-1857 f-190;-7.534.741.988.900.160;37.862.334.796.911.700;8.333.333.333.333.330;LA ESMERALDA;Vereda;CATALOGO
1652;c-1857 f-190.jpg;SEDEL PARAISO;749.0;1438.0;978.0;1469.0;973.0;1504.0;747.0;1469.0;13;c-1857 f-190;-75.381.073.192.555;3.788.684.105.404.490;7.692.307.692.307.690;EL PARAISO;Sitio;CATALOGO
1653;c-1857 f-190.jpg;EL SENDERO;1898.0;1601.0;2039.0;1634.0;2033.0;1661.0;1891.0;1632.0;10;c-1857 f-190;-7.535.217.360.676.810;37.845.660.436.388.000;7.272.727.272.727.270;EL PELADERO;Sitio;CATALOGO
1654;c-1857 f-190.jpg;EL BOSOUP;2000.0;1602.0;2141.0;1632.0;2136.0;1657.0;1995.0;1627.0;9;c-1857 f-190;-7.534.960.810.829.100;37.845.407.794.561.900;7.777.777.777.777.770;EL BOSQUE;Sabana;CATALOGO
1655;c-1857 f-190.jpg;LAFLODDO;2041.0;1687.0;2157.0;1706.0;2152.0;1733.0;2036.0;1713.0;8;c-1857 f-190;-75.348.576.878.511;37.823.933.239.342.000;60.0;;;
1656;c-1857 f-190.jpg;TRAPTE;738.0;1618.0;851.0;1634.0;846.0;1668.0;734.0;1652.0;6;c-1857 f-190;-7.538.134.986.395.930;37.841.365.525.344.000;6.666.666.666.666.660;;;
1657;c-1857 f-190.jpg;COLOS PISOS;843.0;1665.0;1058.0;1694.0;1052.0;1736.0;837.0;1708.0;11;c-1857 f-190;-7.537.870.890.964.460;3.782.949.135.951.660;7.272.727.272.727.270;LOS PINOS;Sitio;CATALOGO
1658;c-1857 f-190.jpg;PLACITAS;1729.0;1751.0;1845.0;1765.0;1842.0;1792.0;1726.0;1776.0;8;c-1857 f-190;-7.535.642.428.561.750;3.780.776.416.247.060;100.0;PLACITAS;Vereda;CATALOGO
1659;c-1857 f-190.jpg;ESPERANZA BUENA VISTA;1611.0;1764.0;1985.0;1840.0;1980.0;1866.0;1606.0;1794.0;21;c-1857 f-190;-7.535.939.221.522.840;3.780.447.981.873.110;6.666.666.666.666.660;;;
1660;c-1857 f-190.jpg;LA ESPERANZA;1795.0;1837.0;1942.0;1862.0;1939.0;1889.0;1791.0;1862.0;12;c-1857 f-190;-7.535.476.425.719.110;3.778.603.696.542.460;75.0;LA ESMERALDA;Vereda;CATALOGO
1661;c-1857 f-190.jpg;BUSDOS MILES;1538.0;1853.0;1727.0;1867.0;1725.0;1895.0;1536.0;1880.0;12;c-1857 f-190;-7.536.122.830.727.580;3.778.199.469.620.670;6.666.666.666.666.660;;;
1662;c-1857 f-190.jpg;EL JARDIN;1417.0;1872.0;1586.0;1883.0;1583.0;1914.0;1416.0;1900.0;9;c-1857 f-190;-7.536.427.169.272.410;37.777.194.501.510.500;8.888.888.888.888.880;EL JARDÍN;Sitio;CATALOGO
1663;c-1857 f-190.jpg;LEBRADA;1717.0;1930.0;1894.0;1867.0;1903.0;1900.0;1723.0;1959.0;7;c-1857 f-190;-7.535.672.610.896.780;37.762.541.275.595.800;75.0;QUEBRADA;Ciénaga;CATALOGO
1664;c-1857 f-190.jpg;LALAGUNA;1899.0;1943.0;2046.0;1939.0;2047.0;1973.0;1899.0;1976.0;8;c-1857 f-190;-7.535.214.845.482.230;37.759.256.931.856.300;8.888.888.888.888.880;LA LAGUNA;Sitio;CATALOGO
1665;c-1857 f-190.jpg;LOS NARANJOS;1600.0;1988.0;1767.0;2006.0;1764.0;2031.0;1598.0;2010.0;12;c-1857 f-190;-7.535.966.888.663.280;37.747.888.049.681.000;100.0;LOS NARANJOS;Caserío;CATALOGO
1666;c-1857 f-190.jpg;EL RECUERDO LA MACILEAD;1454.0;1995.0;1823.0;2058.0;1819.0;2083.0;1450.0;2017.0;23;c-1857 f-190;-753.633.410.707.276;37.746.119.556.898.200;5.217.391.304.347.820;;;
1667;c-1857 f-190.jpg;URELES;1434.0;2029.0;1517.0;2038.0;1516.0;2057.0;1432.0;2048.0;6;c-1857 f-190;-7.536.384.410.964.460;37.737.529.734.810.300;75.0;LAURELES;Sitio;CATALOGO
1668;c-1857 f-190.jpg;BUENA VISTA;1672.0;2103.0;1818.0;2113.0;1816.0;2138.0;1671.0;2128.0;11;c-1857 f-190;-753.578.579.465.313;3.771.883.423.967.770;7.272.727.272.727.270;BELLA VISTA;Sitio;CATALOGO
1669;c-1857 f-190.jpg;ELPALACIO;1931.0;2147.0;2111.0;2161.0;2108.0;2202.0;1928.0;2189.0;9;c-1857 f-190;-7.535.134.359.255.490;3.770.771.799.932.860;7.777.777.777.777.770;PALACIO;Quebrada;CATALOGO
1670;c-1857 f-190.jpg;AMIGOS;1704.0;2145.0;1798.0;2152.0;1796.0;2176.0;1703.0;2166.0;6;c-1857 f-190;-7.535.705.308.426.390;37.708.223.282.980.800;6.666.666.666.666.660;;;
1671;c-1857 f-190.jpg;AQUAKA;1661.0;2167.0;1790.0;2175.0;1789.0;2198.0;1660.0;2190.0;6;c-1857 f-190;-753.581.346.179.357;37.702.665.162.806.300;6.666.666.666.666.660;;;
1672;c-1857 f-192.jpg;LOS PLAN;1450.0;694.0;1580.0;697.0;1579.0;729.0;1450.0;726.0;8;c-1857 f-192;-7.536.325.933.285.300;3.759.908.771.265.180;80.0;LOS PLANES;Sitio;CATALOGO
1673;c-1857 f-192.jpg;LA CHAPARRALDE;1252.0;770.0;1512.0;770.0;1511.0;810.0;1252.0;809.0;14;c-1857 f-192;-7.536.849.249.567.720;37.578.910.228.734.800;8.571.428.571.428.570;LA CHAPARRAL;Sitio;CATALOGO
1674;c-1857 f-192.jpg;HDD JAMAICA;780.0;1044.0;1000.0;1046.0;1000.0;1098.0;779.0;1095.0;11;c-1857 f-192;-7.538.096.751.008.640;37.506.165.089.349.500;7.272.727.272.727.270;LA JAMAICA;Cuchilla;CATALOGO
1675;c-1857 f-192.jpg;OLHA QUEERAO;785.0;1081.0;1333.0;1084.0;1332.0;1157.0;785.0;1150.0;12;c-1857 f-192;-753.808.353.595.101;3.749.634.184.060.040;6.666.666.666.666.660;;;
1676;c-1857 f-192.jpg;CORALLAS BRISAS;836.0;1342.0;1175.0;1361.0;1173.0;1407.0;834.0;1387.0;15;c-1857 f-192;-7.537.948.742.363.110;37.427.048.112.937.800;7.058.823.529.411.760;CABAÑA LAS BRISAS;Sitio;CATALOGO
1677;c-1857 f-192.jpg;ACAPULCO;620.0;1647.0;833.0;1651.0;832.0;1690.0;620.0;1686.0;8;c-1857 f-192;-7.538.519.632.853.020;37.346.072.684.060.000;100.0;ACAPULCO;Sitio;CATALOGO
1678;c-1857 f-192.jpg;MATORRAL;354.0;1730.0;612.0;1744.0;608.0;1796.0;350.0;1779.0;8;c-1857 f-192;-7.539.222.673.919.300;37.324.036.747.676.900;7.777.777.777.777.770;MATARRALA;Sitio;CATALOGO
1679;c-1857 f-192.jpg;ACAPELLANIA;1229.0;1676.0;1484.0;1680.0;1483.0;1719.0;1228.0;1715.0;11;c-1857 f-192;-7.536.910.038.832.850;37.338.373.380.986.400;8.181.818.181.818.180;CAPELLANÍA;Sitio;CATALOGO
1680;c-1857 f-192.jpg;LOS CERRITO;2053.0;1714.0;2244.0;1714.0;2245.0;1744.0;2053.0;1746.0;11;c-1857 f-192;-7.534.732.197.334.290;3.732.828.463.902.780;7.272.727.272.727.270;LOS CERROS;Sitio;CATALOGO
1681;c-1857 f-204.jpg;UEPRADA;1405.0;920.0;1494.0;1092.0;1455.0;1108.0;1379.0;933.0;7;c-1857 f-204;-7.541.615.016.818.330;3.743.399.783.327.700;75.0;QUEBRADA;Ciénaga;CATALOGO
1682;c-1857 f-204.jpg;BULUCA;566.0;903.0;675.0;799.0;708.0;832.0;596.0;938.0;6;c-1857 f-204;-7.543.672.616.953.150;3.743.818.615.592.300;100.0;BULUCA;Quebrada;CATALOGO
1683;c-1857 f-204.jpg;TARPICNE;795.0;989.0;919.0;994.0;916.0;1034.0;793.0;1026.0;8;c-1857 f-204;-7.543.111.007.381.190;37.416.998.170.772.800;75.0;TRAPICHE;Isla;CATALOGO
1684;c-1857 f-204.jpg;TAYALE PIPIC;702.0;1022.0;905.0;1026.0;903.0;1071.0;702.0;1064.0;12;c-1857 f-204;-7.543.339.084.630.940;3.740.886.789.740.120;50.0;;;
1685;c-1857 f-204.jpg;TRAFIENE;1059.0;1071.0;1179.0;1084.0;1177.0;1104.0;1057.0;1091.0;8;c-1857 f-204;-7.542.463.562.285.130;3.739.679.567.330.400;62.5;;;
1686;c-1857 f-204.jpg;LAS PALNOS;1444.0;1088.0;1683.0;1110.0;1679.0;1150.0;1441.0;1130.0;10;c-1857 f-204;-7.541.519.371.520.050;3.739.260.735.065.810;80.0;LAS PALMAS;Vereda;CATALOGO
1687;c-1857 f-204.jpg;LOS MOSQUITOS;2246.0;1169.0;2445.0;1184.0;2443.0;1208.0;2245.0;1192.0;13;c-1857 f-204;-7.539.552.511.796.420;37.372.651.225.109.600;7.142.857.142.857.140;LOS PARAQUITOS;Sitio;CATALOGO
1688;c-1857 f-204.jpg;DEL BOSQUE;606.0;1112.0;813.0;1099.0;816.0;1145.0;610.0;1166.0;10;c-1857 f-204;-7.543.574.519.211.320;3.738.669.442.456.960;90.0;EL BOSQUE;Sabana;CATALOGO
1689;c-1857 f-204.jpg;ORYS BRISAS;1036.0;1124.0;1202.0;1153.0;1197.0;1179.0;1032.0;1158.0;11;c-1857 f-204;-7.542.519.968.486.680;3.738.373.796.152.540;7.272.727.272.727.270;LAS BRISAS;Sitio;CATALOGO
1690;c-1857 f-204.jpg;VEBRADA;2058.0;1245.0;2161.0;1410.0;2124.0;1433.0;2023.0;1269.0;7;c-1857 f-204;-7.540.013.571.183.010;3.735.392.695.916.300;7.142.857.142.857.140;VERADAR;Sitio;CATALOGO
1691;c-1857 f-204.jpg;EL TRIUNFO;1359.0;1250.0;1532.0;1265.0;1529.0;1293.0;1356.0;1276.0;10;c-1857 f-204;-7.541.727.829.221.430;37.352.695.099.561.200;100.0;EL TRIUNFO;Sitio;CATALOGO
1692;c-1857 f-204.jpg;CORRAL;616.0;1289.0;768.0;1291.0;768.0;1326.0;616.0;1323.0;6;c-1857 f-204;-7.543.549.994.775.860;37.343.086.594.667.500;8.333.333.333.333.330;CORNAL;Quebrada;CATALOGO
1693;c-1857 f-204.jpg;MEDROSA;2259.0;1439.0;2415.0;1469.0;2406.0;1513.0;2251.0;1486.0;7;c-1857 f-204;-7.539.520.630.030.330;37.306.130.806.614.900;7.142.857.142.857.140;MUGROSA;Quebrada;CATALOGO
1694;c-1857 f-204.jpg;ADA EL;1068.0;1383.0;1217.0;1370.0;1221.0;1408.0;1069.0;1418.0;6;c-1857 f-204;-7.542.441.490.293.220;3.731.992.763.415.450;6.666.666.666.666.660;;;
1695;c-1857 f-204.jpg;QUEBRADA;1447.0;2166.0;1729.0;2308.0;1710.0;2343.0;1432.0;2216.0;8;c-1857 f-204;-7.541.512.014.189.410;37.127.018.420.519.700;7.272.727.272.727.270;QUEBRADITAS;Vereda;CATALOGO
1696;c-1857 f-204.jpg;PAS TOS;1465.0;1492.0;1680.0;1544.0;1671.0;1587.0;1461.0;1533.0;7;c-1857 f-204;-7.541.467.870.205.590;3.729.307.309.483.630;7.142.857.142.857.140;PATOS;Morro;CATALOGO
1697;c-1857 f-204.jpg;PALMITA;1600.0;1620.0;1806.0;1624.0;1805.0;1674.0;1599.0;1671.0;7;c-1857 f-204;-754.113.679.032.693;3.726.153.748.903.130;7.142.857.142.857.140;PACOITA;Caño;CATALOGO
1698;c-1857 f-204.jpg;EL CHOUTOS;1784.0;1662.0;2006.0;1677.0;2002.0;1724.0;1781.0;1712.0;10;c-1857 f-204;-7.540.685.540.714.520;37.251.189.868.376.600;80.0;EL CHONTO;Quebrada;CATALOGO
1699;c-1857 f-204.jpg;ALLLAND DE LA PALMITA;1546.0;1707.0;1944.0;1709.0;1943.0;1768.0;1546.0;1767.0;21;c-1857 f-204;-7.541.269.222.278.390;3.724.010.313.196.080;7.142.857.142.857.140;LLANO DE LA PLATA;Sitio;CATALOGO
1700;c-1857 f-204.jpg;EL CHUALMICA;2099.0;1919.0;2302.0;1938.0;2298.0;1973.0;2095.0;1951.0;12;c-1857 f-204;-753.991.302.099.764;37.187.872.284.846.400;6.666.666.666.666.660;;;
1701;c-1857 f-204.jpg;HACIENDA MADRO AL;1107.0;1939.0;1473.0;1945.0;1472.0;1999.0;1107.0;1988.0;17;c-1857 f-204;-7.542.345.844.994.940;3.718.294.484.643.940;7.058.823.529.411.760;HACIENDA MALTA;Sitio;CATALOGO
1702;c-1857 f-204.jpg;LAS LAS BRISAS;1740.0;2166.0;2002.0;2216.0;1991.0;2260.0;1731.0;2222.0;14;c-1857 f-204;-7.540.793.448.230.530;37.127.018.420.519.700;7.142.857.142.857.140;LAS BRISAS;Sitio;CATALOGO
1703;c-1857 f-204.jpg;RASTROJO;1716.0;2233.0;1964.0;2321.0;1954.0;2364.0;1705.0;2275.0;8;c-1857 f-204;-7.540.852.306.875.630;3.711.051.150.185.620;8.888.888.888.888.880;RASTROJOS;Sitio;CATALOGO
1704;c-1857 f-204.jpg;GUADINA;1919.0;2238.0;2122.0;2310.0;2108.0;2359.0;1906.0;2280.0;7;c-1857 f-204;-7.540.354.460.835.860;37.109.279.642.254.400;8.571.428.571.428.570;GUABINA;Sitio;CATALOGO
1705;c-1857 f-204.jpg;PLATOS;1319.0;2278.0;1468.0;2339.0;1452.0;2386.0;1301.0;2326.0;6;c-1857 f-204;-7.541.825.926.963.260;37.099.424.765.440.400;7.142.857.142.857.140;MULATOS;Vereda;CATALOGO
1706;c-1857 f-204.jpg;KELTABRAZO;1092.0;2321.0;1332.0;2354.0;1327.0;2396.0;1086.0;2363.0;10;c-1857 f-204;-754.238.263.164.813;37.088.830.772.865.300;70.0;;;
1707;c-1857 f-206.jpg;AS TOS;664.0;369.0;834.0;365.0;836.0;418.0;664.0;420.0;6;c-1857 f-206;-7.543.186.039.389.730;38.009.138.025.078.300;7.142.857.142.857.140;MASATOS;Vereda;CATALOGO
1708;c-1857 f-206.jpg;BUENA VISTA;690.0;519.0;893.0;519.0;893.0;564.0;690.0;563.0;11;c-1857 f-206;-7.543.121.283.703.190;3.797.160.876.698.010;7.272.727.272.727.270;BELLA VISTA;Sitio;CATALOGO
1709;c-1857 f-206.jpg;LA MIRANDA;1083.0;545.0;1370.0;596.0;1364.0;649.0;1073.0;614.0;10;c-1857 f-206;-7.542.142.476.595.000;37.965.103.695.576.400;90.0;LA MIRADA;Sitio;CATALOGO
1710;c-1857 f-206.jpg;EL SILENCIO;1902.0;598.0;2102.0;603.0;2101.0;641.0;1901.0;635.0;11;c-1857 f-206;-7.540.102.672.468.790;37.951.843.357.715.000;100.0;EL SILENCIO;Sitio;CATALOGO
1711;c-1857 f-206.jpg;SILVANIA;1576.0;659.0;1718.0;661.0;1717.0;694.0;1576.0;691.0;8;c-1857 f-206;-7.540.914.609.153.950;37.936.581.459.421.800;100.0;SILVANIA;Sitio;CATALOGO
1712;c-1857 f-206.jpg;BUENOS AIRES;1380.0;854.0;1589.0;855.0;1588.0;903.0;1379.0;897.0;12;c-1857 f-206;-754.140.276.740.638;37.887.793.423.894.100;100.0;BUENOS AIRES;Vereda;CATALOGO
1713;c-1857 f-206.jpg;PAS TES;1189.0;1014.0;1358.0;1016.0;1357.0;1062.0;1188.0;1060.0;7;c-1857 f-206;-7.541.878.472.642.160;37.847.762.215.256.000;75.0;LAS TRES;Sitio;CATALOGO
1714;c-1857 f-206.jpg;EL DIVISO;752.0;1079.0;920.0;1086.0;918.0;1131.0;752.0;1126.0;9;c-1857 f-206;-754.296.686.629.681;37.831.499.536.746.700;100.0;EL DIVISO;Sitio;CATALOGO
1715;c-1857 f-206.jpg;LA ARVELICA;710.0;1200.0;957.0;1198.0;958.0;1240.0;710.0;1242.0;11;c-1857 f-206;-7.543.071.471.636.610;37.801.225.935.214.200;8.181.818.181.818.180;LA ARGELIA;Sitio;CATALOGO
1716;c-1857 f-206.jpg;EL CAJON;821.0;1325.0;938.0;1297.0;943.0;1333.0;826.0;1362.0;8;c-1857 f-206;-754.279.501.466.713;3.776.995.155.346.560;75.0;EL AJO;Quebrada;CATALOGO
1717;c-1857 f-206.jpg;LA UNION;1147.0;1399.0;1301.0;1402.0;1300.0;1441.0;1146.0;1436.0;8;c-1857 f-206;-7.541.983.077.981.960;3.775.143.711.947.050;87.5;LA UNIÓN;Vereda;CATALOGO
1718;c-1857 f-206.jpg;LA MESETA;1347.0;1369.0;1542.0;1369.0;1541.0;1412.0;1347.0;1411.0;9;c-1857 f-206;-7.541.484.957.316.220;37.758.942.971.090.200;7.777.777.777.777.770;LA MESA;Vereda;CATALOGO
1719;c-1857 f-206.jpg;LOS HANGOS;1267.0;1463.0;1432.0;1464.0;1431.0;1505.0;1266.0;1500.0;10;c-1857 f-206;-7.541.684.205.582.520;37.735.424.636.015.300;7.272.727.272.727.270;LOS CANELOS;Sitio;CATALOGO
1720;c-1857 f-206.jpg;LA COLORAD;872.0;1496.0;1017.0;1687.0;984.0;1705.0;847.0;1525.0;10;c-1857 f-206;-7.542.667.993.897.360;37.727.168.199.233.700;909.090.909.090.909;LA COLORADA;Sitio;CATALOGO
1721;c-1857 f-206.jpg;ELCONSUELO;1024.0;1623.0;1179.0;1629.0;1178.0;1650.0;1023.0;1644.0;10;c-1857 f-206;-7.542.289.422.191.390;37.695.393.427.377.200;80.0;CONSUELO;Sitio;CATALOGO
1722;c-1857 f-206.jpg;TETUAN CALARCA;996.0;1648.0;1205.0;1653.0;1203.0;1680.0;995.0;1672.0;14;c-1857 f-206;-7.542.359.159.084.600;37.689.138.551.027.500;8.571.428.571.428.570;TETUÁN CALARCÁ;Vereda;CATALOGO
1723;c-1857 f-206.jpg;MESITA;842.0;1710.0;956.0;1716.0;954.0;1743.0;841.0;1739.0;6;c-1857 f-206;-7.542.742.711.997.220;37.673.626.457.680.200;8.333.333.333.333.330;MESETA;Sitio;CATALOGO
1724;c-1857 f-206.jpg;LAFICHA;970.0;1702.0;1088.0;1707.0;1087.0;1731.0;969.0;1725.0;7;c-1857 f-206;-7.542.423.914.771.150;37.675.628.018.112.100;7.142.857.142.857.140;BARICHA;Quebrada;CATALOGO
1725;c-1857 f-206.jpg;SANTA ROSA;587.0;1725.0;739.0;1730.0;738.0;1752.0;586.0;1747.0;10;c-1857 f-206;-7.543.377.815.846.040;3.766.987.353.187.040;80.0;SANTA RITA;Isla;CATALOGO
1726;c-1857 f-206.jpg;LA CUEVA;560.0;1790.0;688.0;1795.0;686.0;1822.0;560.0;1816.0;8;c-1857 f-206;-7.543.445.062.135.920;37.653.610.853.361.200;100.0;LA CUEVA;Sitio;CATALOGO
1727;c-1857 f-206.jpg;HACIENDA;391.0;1934.0;528.0;1936.0;528.0;1969.0;390.0;1968.0;8;c-1857 f-206;-7.543.865.974.098.470;37.617.582.765.586.900;100.0;HACIENDA;Vereda;CATALOGO
1728;c-1857 f-206.jpg;SANTA INES;396.0;1959.0;581.0;1966.0;580.0;2002.0;394.0;1994.0;10;c-1857 f-206;-754.385.352.108.183;376.113.278.892.372;90.0;SANTA INÉS;Sitio;CATALOGO
1729;c-1841 f-016.jpg;CASANUEVA;783.0;177.0;933.0;179.0;933.0;204.0;783.0;202.0;9;c-1841 f-016;-7.526.639.963.923.130;379.493.004.673.913;7.777.777.777.777.770;CASANOVA;Sitio;CATALOGO
1730;c-1841 f-016.jpg;CASERIO;2004.0;1397.0;2125.0;1396.0;2125.0;1424.0;2005.0;1426.0;7;c-1841 f-016;-7.522.479.931.036.980;37.531.746.626.811.500;7.142.857.142.857.140;CASTRO;Quebrada;CATALOGO
1731;c-1841 f-016.jpg;BALSILLAS;815.0;554.0;1237.0;555.0;1237.0;624.0;815.0;623.0;9;c-1841 f-016;-7.526.530.937.672.220;3.782.026.948.550.720;8.888.888.888.888.880;BALSILLA;Caserío;CATALOGO
1732;c-1841 f-016.jpg;LOS MANGOS;2050.0;302.0;2196.0;302.0;2196.0;328.0;2049.0;327.0;10;c-1841 f-016;-7.522.323.205.801.300;379.065.183.115.942;7.272.727.272.727.270;LOS CANELOS;Sitio;CATALOGO
1733;c-1841 f-016.jpg;MALASIAA;335.0;342.0;466.0;344.0;466.0;370.0;335.0;369.0;8;c-1841 f-016;-7.528.166.331.435.820;37.892.828.021.739.100;75.0;MALARIA;Sitio;CATALOGO
1734;c-1841 f-016.jpg;SOCASAS;765.0;335.0;909.0;340.0;908.0;366.0;765.0;360.0;7;c-1841 f-016;-7.526.701.291.189.260;37.895.223.822.463.700;7.142.857.142.857.140;SOFASA;Sitio;CATALOGO
1735;c-1841 f-016.jpg;CORRALE;2213.0;352.0;2325.0;354.0;2325.0;376.0;2213.0;374.0;7;c-1841 f-016;-7.521.767.853.335.750;3.788.940.544.927.530;7.142.857.142.857.140;CORNAL;Quebrada;CATALOGO
1736;c-1841 f-016.jpg;EL PORVENIR;2117.0;401.0;2266.0;409.0;2265.0;432.0;2117.0;424.0;11;c-1841 f-016;-752.209.493.208.847;37.872.634.844.202.800;100.0;EL PORVENIR;Sitio;CATALOGO
1737;c-1841 f-016.jpg;RECCION;1680.0;513.0;1776.0;516.0;1775.0;544.0;1679.0;540.0;7;c-1841 f-016;-7.523.583.821.827.410;37.834.302.032.608.600;7.142.857.142.857.140;RECIO;Caño;CATALOGO
1738;c-1841 f-016.jpg;HACIENDA;1999.0;515.0;2115.0;515.0;2115.0;536.0;1999.0;535.0;8;c-1841 f-016;-7.522.496.966.388.680;37.833.617.518.115.900;100.0;HACIENDA;Vereda;CATALOGO
1739;c-1841 f-016.jpg;PALMAS;2188.0;514.0;2235.0;602.0;2208.0;616.0;2163.0;527.0;6;c-1841 f-016;-7.521.853.030.094.270;3.783.395.977.536.230;75.0;PALMERAS;Caserío;CATALOGO
1740;c-1841 f-016.jpg;REMANSOS;1999.0;534.0;2140.0;537.0;2140.0;558.0;1999.0;555.0;8;c-1841 f-016;-7.522.496.966.388.680;3.782.711.463.043.470;75.0;REMANGO;Alto;CATALOGO
1741;c-1841 f-016.jpg;VEREDAS;548.0;548.0;799.0;548.0;798.0;609.0;548.0;598.0;7;c-1841 f-016;-7.527.440.625.453.220;3.782.232.302.898.550;7.142.857.142.857.140;VARELAS;Sitio;CATALOGO
1742;c-1841 f-016.jpg;LA CHAMBA;399.0;561.0;458.0;371.0;493.0;381.0;441.0;573.0;9;c-1841 f-016;-752.794.827.893.401;37.817.873.684.782.600;7.777.777.777.777.770;LA CHAÍRA;Sitio;CATALOGO
1743;c-1841 f-016.jpg;INSPECCION;1991.0;573.0;2152.0;576.0;2151.0;600.0;1991.0;596.0;10;c-1841 f-016;-7.522.524.222.951.410;3.781.376.659.782.600;60.0;;;
1744;c-1841 f-016.jpg;COCACA;709.0;602.0;854.0;570.0;862.0;618.0;715.0;645.0;6;c-1841 f-016;-7.526.892.087.128.350;37.803.841.137.681.100;8.333.333.333.333.330;COCAYA;Sitio;CATALOGO
1745;c-1841 f-016.jpg;DEPARTAMENTAL;1992.0;593.0;2185.0;605.0;2184.0;626.0;1991.0;613.0;13;c-1841 f-016;-7.522.520.815.881.070;3.780.692.145.289.850;61.904.761.904.761.900;;;
1746;c-1841 f-016.jpg;QUALPA;2004.0;615.0;2140.0;622.0;2139.0;646.0;2003.0;639.0;6;c-1841 f-016;-7.522.479.931.036.980;3.779.939.179.347.820;8.333.333.333.333.330;QUELPA;Quebrada;CATALOGO
1747;c-1841 f-016.jpg;QUEBRADA;1609.0;1835.0;1688.0;1738.0;1712.0;1755.0;1630.0;1856.0;8;c-1841 f-016;-752.382.572.382.161;3.738.183.795.289.850;7.272.727.272.727.270;QUEBRADITAS;Vereda;CATALOGO
1748;c-1841 f-016.jpg;CULTIVO;1368.0;690.0;1506.0;704.0;1502.0;737.0;1364.0;725.0;7;c-1841 f-016;-7.524.646.827.773.740;377.737.225;7.142.857.142.857.140;YULIVO;Loma;CATALOGO
1749;c-1841 f-016.jpg;GUAIPA;1960.0;693.0;2186.0;699.0;2185.0;763.0;1958.0;756.0;6;c-1841 f-016;-752.262.984.213.198;3.777.269.572.826.080;7.142.857.142.857.140;GUABINA;Sitio;CATALOGO
1750;c-1841 f-016.jpg;CORRAL;1682.0;886.0;1823.0;893.0;1822.0;926.0;1680.0;920.0;6;c-1841 f-016;-752.357.700.768.673;3.770.664.007.971.010;8.333.333.333.333.330;CORNAL;Quebrada;CATALOGO
1751;c-1841 f-016.jpg;VEREDA;1465.0;1652.0;1660.0;1659.0;1658.0;1714.0;1463.0;1707.0;6;c-1841 f-016;-752.431.634.195.069;3.744.447.102.898.550;7.142.857.142.857.140;VERADAR;Sitio;CATALOGO
1752;c-1841 f-016.jpg;CULTIVOS;2016.0;777.0;2207.0;782.0;2205.0;823.0;2014.0;818.0;8;c-1841 f-016;-7.522.439.046.192.890;37.743.946.119.565.200;70.0;;;
1753;c-1841 f-016.jpg;MARTILANDIA;1021.0;890.0;1235.0;890.0;1236.0;937.0;1021.0;939.0;11;c-1841 f-016;-7.525.829.081.182.010;37.705.271.050.724.600;7.272.727.272.727.270;TAILANDIA;Sitio;CATALOGO
1754;c-1841 f-016.jpg;PILACD;1416.0;865.0;1558.0;839.0;1565.0;874.0;1420.0;897.0;6;c-1841 f-016;-752.448.328.839.739;37.713.827.481.884.000;8.333.333.333.333.330;PILACO;Sitio;CATALOGO
1755;c-1841 f-016.jpg;QUACHARACO;795.0;907.0;1028.0;906.0;1029.0;952.0;795.0;955.0;10;c-1841 f-016;-7.526.599.079.079.040;3.769.945.267.753.620;80.0;GUACHARACA;Caño;CATALOGO
1756;c-1841 f-016.jpg;MESA DEL LIMON;768.0;937.0;1442.0;944.0;1441.0;1007.0;767.0;996.0;14;c-1841 f-016;-7.526.691.069.978.240;37.689.184.960.144.900;7.142.857.142.857.140;MATA DE LIMÓN;Sitio;CATALOGO
1757;c-1841 f-016.jpg;RASTROJO;1601.0;1022.0;1772.0;1028.0;1771.0;1062.0;1599.0;1055.0;8;c-1841 f-016;-7.523.852.980.384.330;37.660.093.094.202.800;8.888.888.888.888.880;RASTROJOS;Sitio;CATALOGO
1758;c-1841 f-016.jpg;ARENAS;1149.0;1066.0;1223.0;1023.0;1237.0;1051.0;1159.0;1094.0;6;c-1841 f-016;-7.525.392.976.178.390;3.764.503.377.536.230;7.142.857.142.857.140;VARELAS;Sitio;CATALOGO
1759;c-1841 f-016.jpg;ACEITUNAS;2075.0;1049.0;2233.0;1052.0;2233.0;1085.0;2075.0;1083.0;9;c-1841 f-016;-7.522.238.029.042.780;3.765.085.214.855.070;8.888.888.888.888.880;ACEITUNA;Sitio;CATALOGO
1760;c-1841 f-016.jpg;CEL CERCADO;1404.0;1111.0;1591.0;1110.0;1591.0;1142.0;1404.0;1145.0;11;c-1841 f-016;-752.452.417.324.148;37.629.632.199.275.300;7.272.727.272.727.270;EL PESCADO;Vereda;CATALOGO
1761;c-1841 f-016.jpg;UMBALE;489.0;1149.0;622.0;1118.0;629.0;1151.0;494.0;1177.0;6;c-1841 f-016;-7.527.641.642.603.330;3.761.662.642.391.300;7.142.857.142.857.140;TUMBALA;Loma;CATALOGO
1762;c-1841 f-016.jpg;EL GUICHE;1886.0;1157.0;2002.0;1157.0;2001.0;1181.0;1885.0;1179.0;9;c-1841 f-016;-7.522.881.965.337.200;3.761.388.836.594.200;7.777.777.777.777.770;EL UCHE;Sitio;CATALOGO
1763;c-1841 f-016.jpg;EL BALCON;1479.0;1214.0;1654.0;1206.0;1655.0;1237.0;1481.0;1246.0;9;c-1841 f-016;-7.524.268.642.965.910;3.759.437.970.289.850;7.777.777.777.777.770;EL BANCO;Cuchilla;CATALOGO
1764;c-1841 f-016.jpg;AL TOPE;63.0;1229.0;79.0;1026.0;129.0;1031.0;109.0;1234.0;7;c-1841 f-016;-7.529.093.054.568.520;375.892.458.442.029;7.142.857.142.857.140;EL TUPE;Sitio;CATALOGO
1765;c-1841 f-016.jpg;EL LOTE;1487.0;1257.0;1609.0;1258.0;1609.0;1292.0;1487.0;1292.0;7;c-1841 f-016;-752.424.138.640.319;37.579.662.641.304.300;7.142.857.142.857.140;EL LORO;Caño;CATALOGO
1766;c-1841 f-016.jpg;CUATRO PESOS;1856.0;1266.0;1964.0;1185.0;1980.0;1204.0;1870.0;1288.0;12;c-1841 f-016;-7.522.984.177.447.420;3.757.658.232.608.690;75.0;CUATRO OJOS;Isla;CATALOGO
1767;c-1841 f-016.jpg;ADULCE;1357.0;1286.0;1388.0;1178.0;1424.0;1189.0;1393.0;1296.0;6;c-1841 f-016;-7.524.684.305.547.490;37.569.737.181.159.400;8.333.333.333.333.330;DULCE;Quebrada;CATALOGO
1768;c-1841 f-016.jpg;LAS BRITAS;1779.0;1285.0;1930.0;1291.0;1929.0;1315.0;1779.0;1310.0;10;c-1841 f-016;-7.523.246.521.863.660;375.700.794.384.058;90.0;LAS BRISAS;Sitio;CATALOGO
1769;c-1841 f-016.jpg;CUATRO PESOS;1986.0;1305.0;2146.0;1307.0;2145.0;1329.0;1986.0;1327.0;12;c-1841 f-016;-7.522.541.258.303.110;37.563.234.293.478.200;75.0;CUATRO OJOS;Isla;CATALOGO
1770;c-1841 f-016.jpg;BUENAVISTA;1623.0;2013.0;1978.0;2009.0;1979.0;2065.0;1623.0;2067.0;10;c-1841 f-016;-7.523.778.024.836.830;3.732.091.616.304.340;909.090.909.090.909;BUENA VISTA;Sitio;CATALOGO
1771;c-1841 f-016.jpg;GUICHE;1949.0;1354.0;1932.0;1235.0;1957.0;1232.0;1973.0;1351.0;6;c-1841 f-016;-7.522.667.319.905.720;375.464.636.884.058;7.142.857.142.857.140;QUINCHE;Raudal;CATALOGO
1772;c-1841 f-016.jpg;CALERA;391.0;1361.0;432.0;1485.0;397.0;1491.0;351.0;1375.0;6;c-1841 f-016;-7.527.975.535.496.730;3.754.406.788.768.110;75.0;CAGALERA;Isla;CATALOGO
1773;c-1841 f-016.jpg;EL TUMBE;1228.0;1380.0;1365.0;1380.0;1365.0;1407.0;1228.0;1407.0;8;c-1841 f-016;-7.525.123.817.621.460;37.537.565;7.777.777.777.777.770;EL TAMBRE;Quebrada;CATALOGO
1774;c-1841 f-016.jpg;ELNARANIAL;1765.0;1371.0;1874.0;1375.0;1873.0;1399.0;1765.0;1395.0;10;c-1841 f-016;-7.523.294.220.848.440;37.540.645.315.217.300;8.181.818.181.818.180;EL NARANJAL;Sitio;CATALOGO
1775;c-1841 f-016.jpg;PIRNLORE;1758.0;1426.0;1872.0;1424.0;1872.0;1446.0;1758.0;1448.0;8;c-1841 f-016;-7.523.318.070.340.820;37.521.821.166.666.600;62.5;;;
1776;c-1841 f-016.jpg;SALDANA;566.0;1447.0;920.0;1074.0;967.0;1130.0;617.0;1488.0;7;c-1841 f-016;-7.527.379.298.187.090;37.514.633.764.492.700;7.142.857.142.857.140;SARDINA;Caño;CATALOGO
1777;c-1841 f-016.jpg;LAS PALMERAS;1789.0;1444.0;1954.0;1441.0;1954.0;1461.0;1789.0;1464.0;12;c-1841 f-016;-7.523.212.451.160.250;37.515.660.536.231.800;100.0;LAS PALMERAS;Sitio;CATALOGO
1778;c-1841 f-016.jpg;SAN CAYETANO;943.0;1497.0;1250.0;1495.0;1250.0;1539.0;943.0;1540.0;12;c-1841 f-016;-75.260.948.326.686;37.497.520.902.173.900;100.0;SAN CAYETANO;Vereda;CATALOGO
1779;c-1841 f-016.jpg;LA ESPERANZA;2082.0;1563.0;2303.0;1562.0;2303.0;1601.0;2082.0;1601.0;12;c-1841 f-016;-7.522.214.179.550.390;37.474.931.923.913.000;75.0;LA ESMERALDA;Vereda;CATALOGO
1780;c-1841 f-016.jpg;SAN RAFAEL;1764.0;1599.0;1899.0;1594.0;1900.0;1633.0;1765.0;1638.0;10;c-1841 f-016;-7.523.297.627.918.780;37.462.610.663.043.400;100.0;SAN RAFAEL;Isla;CATALOGO
1781;c-1841 f-016.jpg;LOMA DEL MONO;835.0;1667.0;985.0;1506.0;1014.0;1529.0;854.0;1694.0;13;c-1841 f-016;-7.526.462.796.265.400;3.743.933.717.028.980;7.142.857.142.857.140;LOMA DEL INDIO;Vereda;CATALOGO
1782;c-1841 f-016.jpg;LA PERLA;1161.0;1662.0;1258.0;1665.0;1258.0;1690.0;1161.0;1686.0;8;c-1841 f-016;-75.253.520.913.343;37.441.048.456.521.700;75.0;LA PEÑA;Vereda;CATALOGO
1783;c-1841 f-016.jpg;ALAMBRE;240.0;1682.0;352.0;1611.0;378.0;1640.0;259.0;1716.0;7;c-1841 f-016;-7.528.490.003.118.200;374.342.033.115.942;7.142.857.142.857.140;HAMBRE;Filo;CATALOGO
1784;c-1841 f-016.jpg;MALNOMBRE;603.0;1689.0;813.0;1692.0;813.0;1719.0;603.0;1716.0;9;c-1841 f-016;-7.527.253.236.584.480;3.743.180.751.086.950;90.0;MAL NOMBRE;Vereda;CATALOGO
1785;c-1841 f-016.jpg;CDRRAL;1169.0;1694.0;1247.0;1694.0;1247.0;1714.0;1169.0;1713.0;6;c-1841 f-016;-7.525.324.834.771.570;37.430.096.224.637.600;8.333.333.333.333.330;CORRAL;Sabana;CATALOGO
1786;c-1841 f-016.jpg;PAGARCO;989.0;1711.0;1160.0;1625.0;1175.0;1676.0;1011.0;1746.0;7;c-1841 f-016;-7.525.938.107.432.920;3.742.427.785.144.920;7.142.857.142.857.140;LAGARTO;Río;CATALOGO
1787;c-1841 f-016.jpg;EL DIVISO;1147.0;1720.0;1255.0;1724.0;1254.0;1746.0;1146.0;1741.0;9;c-1841 f-016;-7.525.399.790.319.070;3.742.119.753.623.180;100.0;EL DIVISO;Sitio;CATALOGO
1788;c-1841 f-016.jpg;CAMPAMENTO OD;1389.0;1739.0;1650.0;1736.0;1650.0;1776.0;1389.0;1778.0;13;c-1841 f-016;-7.524.575.279.296.590;37.414.694.648.550.700;7.692.307.692.307.690;CAMPAMENTO;Sitio;CATALOGO
1789;c-1841 f-016.jpg;SAN CAYETANO;822.0;1845.0;989.0;1849.0;989.0;1876.0;822.0;1871.0;12;c-1841 f-016;-7.526.507.088.179.840;3.737.841.538.043.470;100.0;SAN CAYETANO;Vereda;CATALOGO
1790;c-1841 f-016.jpg;EL PUENTE;1398.0;1779.0;1570.0;1774.0;1572.0;1810.0;1400.0;1819.0;9;c-1841 f-016;-7.524.544.615.663.520;3.740.100.435.869.560;7.777.777.777.777.770;EL PUERTO;Sitio;CATALOGO
1791;c-1841 f-016.jpg;EL REFLEJO;1430.0;1807.0;1620.0;1800.0;1621.0;1842.0;1431.0;1847.0;10;c-1841 f-016;-7.524.435.589.412.610;373.914.211.557.971;7.272.727.272.727.270;EL REFUERZO;Sitio;CATALOGO
1792;c-1841 f-016.jpg;LAS BRISAS;1174.0;1834.0;1322.0;1836.0;1322.0;1859.0;1174.0;1858.0;10;c-1841 f-016;-7.525.307.799.419.860;37.382.180.210.144.900;100.0;LAS BRISAS;Sitio;CATALOGO
1793;c-1841 f-016.jpg;QUEBRADT;139.0;1870.0;254.0;1758.0;283.0;1783.0;167.0;1900.0;8;c-1841 f-016;-7.528.834.117.222.620;37.369.858.949.275.300;7.272.727.272.727.270;QUEBRADITAS;Vereda;CATALOGO
1794;c-1841 f-016.jpg;CORRAZ;966.0;1902.0;1060.0;1904.0;1059.0;1925.0;966.0;1922.0;6;c-1841 f-016;-7.526.016.470.050.760;37.358.906.717.391.300;8.333.333.333.333.330;CORRAL;Sabana;CATALOGO
1795;c-1841 f-016.jpg;LAS FLORES;1432.0;1907.0;1580.0;1905.0;1581.0;1943.0;1432.0;1945.0;10;c-1841 f-016;-7.524.428.775.271.930;3.735.719.543.115.940;100.0;LAS FLORES;Vereda;CATALOGO
1796;c-1841 f-016.jpg;CHANDUE;1065.0;1957.0;1190.0;1966.0;1188.0;1991.0;1063.0;1981.0;7;c-1841 f-016;-752.567.917.008.702;37.340.082.568.840.500;7.142.857.142.857.140;CHAQUE;Vereda;CATALOGO
1797;c-1841 f-016.jpg;EL CARBON;1252.0;1954.0;1392.0;1951.0;1392.0;1976.0;1252.0;1978.0;9;c-1841 f-016;-7.525.042.047.933.280;37.341.109.340.579.700;7.777.777.777.777.770;EL CARMEN;Sitio;CATALOGO
1798;c-1841 f-016.jpg;BALASTERA;768.0;2105.0;938.0;2106.0;938.0;2139.0;768.0;2137.0;9;c-1841 f-016;-7.526.691.069.978.240;3.728.942.849.637.680;75.0;LA BALASTERA;Sitio;CATALOGO
1799;c-1841 f-016.jpg;HANDUE;1122.0;2191.0;1196.0;2057.0;1226.0;2073.0;1151.0;2208.0;6;c-1841 f-016;-7.525.484.967.077.590;37.259.994.373.188.400;8.571.428.571.428.570;CHANDUE;Sitio;CATALOGO
1800;c-1841 f-016.jpg;LOMA BUENA VISTA;146.0;2197.0;252.0;1978.0;277.0;1990.0;170.0;2205.0;16;c-1841 f-016;-7.528.810.267.730.230;3.725.794.082.971.010;81.25;LA BUENAVISTA;Sitio;CATALOGO
1801;c-1841 f-016.jpg;CHAR QUIRCO;1484.0;2305.0;1554.0;2120.0;1578.0;2130.0;1512.0;2316.0;11;c-1841 f-016;-7.524.251.607.614.210;3.722.097.704.710.140;7.272.727.272.727.270;CHAQUIRO;Sitio;CATALOGO
1802;c-1841 f-016.jpg;LOS AMECITOS;553.0;2409.0;681.0;2273.0;712.0;2299.0;580.0;2437.0;12;c-1841 f-016;-7.527.423.590.101.520;3.718.538.229.347.820;75.0;LOS MEDINOS;Sitio;CATALOGO
1803;c-1891 f-072.jpg;FRANCISO;1206.0;323.0;1205.0;445.0;1169.0;445.0;1170.0;323.0;8;c-1891 f-072;-755.384.921.400.862;36.993.901.611.734.800;75.0;FRANCO;Páramo;CATALOGO
1804;c-1891 f-072.jpg;QUEBRADA;652.0;2159.0;791.0;2150.0;793.0;2179.0;653.0;2186.0;8;c-1891 f-072;-7.555.479.832.614.940;36.450.954.983.701.500;7.272.727.272.727.270;QUEBRADITAS;Vereda;CATALOGO
1805;c-1891 f-072.jpg;HARBORAL;855.0;404.0;1026.0;404.0;1026.0;444.0;855.0;445.0;8;c-1891 f-072;-7.554.882.331.573.270;36.969.948.084.027.500;75.0;CARBONAL;Quebrada;CATALOGO
1806;c-1891 f-072.jpg;LEBRADA;621.0;440.0;761.0;484.0;753.0;525.0;615.0;478.0;7;c-1891 f-072;-755.557.107.661.638;36.959.302.071.713.100;75.0;QUEBRADA;Ciénaga;CATALOGO
1807;c-1891 f-072.jpg;MONDO EDO;1602.0;423.0;1788.0;423.0;1788.0;464.0;1602.0;463.0;9;c-1891 f-072;-7.552.683.645.474.130;36.964.329.355.306.000;8.888.888.888.888.880;MONDOÑEDO;Vereda;CATALOGO
1808;c-1891 f-072.jpg;POTRERITO DE AEUARE;979.0;473.0;1271.0;469.0;1272.0;514.0;979.0;515.0;19;c-1891 f-072;-7.554.517.355.567.520;36.949.543.227.091.600;8.421.052.631.578.940;POTRERITO DE AGUA;Vereda;CATALOGO
1809;c-1891 f-072.jpg;LAS ONDAS;1439.0;465.0;1607.0;468.0;1607.0;512.0;1438.0;510.0;9;c-1891 f-072;-7.553.163.412.320.400;3.695.190.900.760.590;7.777.777.777.777.770;LAS MONAS;Sitio;CATALOGO
1810;c-1891 f-072.jpg;VEREDA;618.0;1383.0;858.0;1391.0;857.0;1440.0;618.0;1435.0;6;c-1891 f-072;-7.555.579.906.681.030;36.680.435.693.589.200;7.142.857.142.857.140;VERADAR;Sitio;CATALOGO
1811;c-1891 f-072.jpg;LINDOIS LAS CRUCES;481.0;552.0;755.0;578.0;754.0;623.0;480.0;600.0;18;c-1891 f-072;-7.555.983.146.300.280;36.926.181.144.512.800;6.666.666.666.666.660;;;
1812;c-1891 f-072.jpg;IN ESPERANTY;1139.0;509.0;1322.0;512.0;1321.0;566.0;1137.0;559.0;12;c-1891 f-072;-755.404.641.878.592;36.938.897.214.777.200;6.666.666.666.666.660;;;
1813;c-1891 f-072.jpg;LINDAY;267.0;602.0;404.0;605.0;403.0;650.0;266.0;645.0;6;c-1891 f-072;-7.556.613.024.245.690;36.911.395.016.298.400;75.0;LINDANAY;Sitio;CATALOGO
1814;c-1891 f-072.jpg;COMMENT LAESPERANZA;603.0;596.0;1091.0;596.0;1091.0;644.0;603.0;643.0;19;c-1891 f-072;-755.562.405.700.431;3.691.316.935.168.410;6.842.105.263.157.890;;;
1815;c-1891 f-072.jpg;CRUCES;912.0;626.0;968.0;746.0;934.0;764.0;877.0;642.0;6;c-1891 f-072;-7.554.714.560.344.820;3.690.429.767.475.550;100.0;CRUCES;Alto;CATALOGO
1816;c-1891 f-072.jpg;BUENOS AIRES;1112.0;2058.0;1307.0;2058.0;1307.0;2084.0;1112.0;2084.0;12;c-1891 f-072;-7.554.125.889.367.810;3.648.082.296.269.460;100.0;BUENOS AIRES;Vereda;CATALOGO
1817;c-1891 f-072.jpg;POTRERITO;959.0;658.0;1225.0;669.0;1222.0;735.0;956.0;722.0;9;c-1891 f-072;-755.457.622.266.523;36.894.834.552.698.300;100.0;POTRERITO;Sitio;CATALOGO
1818;c-1891 f-072.jpg;DE AGUAYO;1272.0;673.0;1571.0;685.0;1568.0;748.0;1269.0;738.0;9;c-1891 f-072;-7.553.654.952.586.200;3.689.039.871.423.390;6.666.666.666.666.660;;;
1819;c-1891 f-072.jpg;EL PULPITO;1278.0;747.0;1491.0;743.0;1492.0;788.0;1280.0;794.0;10;c-1891 f-072;-7.553.637.292.456.890;36.868.515.244.476.600;100.0;EL PULPITO;Cerro;CATALOGO
1820;c-1891 f-072.jpg;LAREFORMA;341.0;849.0;492.0;837.0;493.0;861.0;343.0;875.0;9;c-1891 f-072;-7.556.395.215.984.190;3.683.835.154.291.920;90.0;LA REFORMA;Vereda;CATALOGO
1821;c-1891 f-072.jpg;YOURDUALLIE;598.0;828.0;799.0;833.0;798.0;875.0;597.0;869.0;11;c-1891 f-072;-7.555.638.773.778.730;36.844.561.716.769.200;5.454.545.454.545.450;;;
1822;c-1891 f-072.jpg;AQUADUALLTO;1776.0;824.0;2056.0;814.0;2058.0;861.0;1778.0;876.0;11;c-1891 f-072;-7.552.171.501.724.130;36.845.744.607.026.400;7.272.727.272.727.270;GUADUALITO;Sitio;CATALOGO
1823;c-1891 f-072.jpg;PAS TOS;876.0;875.0;1046.0;880.0;1045.0;919.0;876.0;914.0;7;c-1891 f-072;-7.554.820.521.120.680;3.683.066.275.624.770;7.142.857.142.857.140;PATOS;Morro;CATALOGO
1824;c-1891 f-072.jpg;SAN ISIDRO;262.0;910.0;407.0;914.0;406.0;936.0;262.0;932.0;10;c-1891 f-072;-7.556.627.741.020.110;36.820.312.466.497.600;8.333.333.333.333.330;SAN ISIDRO I;Vereda;CATALOGO
1825;c-1891 f-072.jpg;PINARES;498.0;929.0;614.0;933.0;613.0;963.0;497.0;960.0;7;c-1891 f-072;-7.555.933.109.267.240;36.814.693.737.776.100;100.0;PINARES;Sitio;CATALOGO
1826;c-1891 f-072.jpg;LA HOLANDA;1042.0;957.0;1199.0;955.0;1199.0;980.0;1043.0;983.0;10;c-1891 f-072;-755.433.192.420.977;36.806.413.505.976.000;100.0;LA HOLANDA;Sitio;CATALOGO
1827;c-1891 f-072.jpg;EL LEMON;1352.0;985.0;1514.0;985.0;1514.0;1032.0;1352.0;1033.0;8;c-1891 f-072;-7.553.419.484.195.400;3.679.813.327.417.600;75.0;EL LIMÓN;Vereda;CATALOGO
1828;c-1891 f-072.jpg;EL PALMAR;1098.0;1013.0;1257.0;1013.0;1257.0;1037.0;1098.0;1036.0;9;c-1891 f-072;-7.554.167.096.336.200;3.678.985.304.237.590;100.0;EL PALMAR;Sitio;CATALOGO
1829;c-1891 f-072.jpg;LAPRADERA;1488.0;1020.0;1691.0;1018.0;1692.0;1058.0;1488.0;1061.0;9;c-1891 f-072;-7.553.019.187.931.030;3.678.778.298.442.590;90.0;LA PRADERA;Sitio;CATALOGO
1830;c-1891 f-072.jpg;LA LA ALEJANDRIA;1657.0;1065.0;2058.0;1034.0;2060.0;1075.0;1657.0;1114.0;16;c-1891 f-072;-755.252.176.095.546;3.677.447.546.903.290;75.0;LA ALEJANDRÍA;Sitio;CATALOGO
1831;c-1891 f-072.jpg;LA SELVA;408.0;1103.0;522.0;1106.0;522.0;1125.0;408.0;1122.0;8;c-1891 f-072;-7.556.198.011.206.890;36.763.238.011.590.000;75.0;LA SENDA;Cuchilla;CATALOGO
1832;c-1891 f-072.jpg;TASAJITO;351.0;1112.0;381.0;1243.0;352.0;1249.0;325.0;1119.0;8;c-1891 f-072;-7.556.365.782.435.340;36.760.576.508.511.400;75.0;TASAJO;Cuchilla;CATALOGO
1833;c-1891 f-072.jpg;TRAPILNE;782.0;1106.0;943.0;1106.0;943.0;1149.0;782.0;1148.0;8;c-1891 f-072;-7.555.097.196.479.880;3.676.235.084.389.710;75.0;TRAPICHE;Isla;CATALOGO
1834;c-1891 f-072.jpg;LA VICTORIA;958.0;1123.0;1110.0;1121.0;1111.0;1143.0;958.0;1146.0;11;c-1891 f-072;-7.554.579.166.020.110;3.675.732.356.030.420;7.272.727.272.727.270;VICTORIA;Caño;CATALOGO
1835;c-1891 f-072.jpg;SAN RAMON;1279.0;1109.0;1419.0;1115.0;1418.0;1140.0;1278.0;1134.0;9;c-1891 f-072;-7.553.634.349.102.010;3.676.146.367.620.420;7.777.777.777.777.770;SAN REMO;Sitio;CATALOGO
1836;c-1891 f-072.jpg;MONSERRATE;635.0;1146.0;798.0;1143.0;799.0;1164.0;636.0;1167.0;10;c-1891 f-072;-7.555.529.869.647.980;36.750.521.941.325.600;100.0;MONSERRATE;Vereda;CATALOGO
1837;c-1891 f-072.jpg;TANPINE;1353.0;1146.0;1453.0;1149.0;1453.0;1171.0;1352.0;1167.0;7;c-1891 f-072;-7.553.416.540.840.510;36.750.521.941.325.600;62.5;;;
1838;c-1891 f-072.jpg;LOS CAUCHOS;621.0;1183.0;772.0;1181.0;772.0;1205.0;622.0;1207.0;11;c-1891 f-072;-755.557.107.661.638;3.673.958.020.644.690;7.272.727.272.727.270;LOS CAÑOS;Vereda;CATALOGO
1839;c-1891 f-072.jpg;LA FLORIDA;1430.0;1176.0;1588.0;1175.0;1589.0;1200.0;1430.0;1201.0;10;c-1891 f-072;-7.553.189.902.514.360;36.741.650.264.396.900;100.0;LA FLORIDA;Vereda;CATALOGO
1840;c-1891 f-072.jpg;FLORIDA;1848.0;1164.0;2074.0;1161.0;2075.0;1218.0;1849.0;1225.0;7;c-1891 f-072;-7.551.959.580.172.410;36.745.198.935.168.400;7.142.857.142.857.140;FLORIÁN;Sitio;CATALOGO
1841;c-1891 f-072.jpg;TOLEDO;180.0;1232.0;270.0;1234.0;269.0;1258.0;179.0;1254.0;6;c-1891 f-072;-755.686.909.612.069;3.672.508.980.079.680;7.142.857.142.857.140;ROBLEDO;Sitio;CATALOGO
1842;c-1891 f-072.jpg;TRAPICHE;317.0;1797.0;422.0;1800.0;421.0;1822.0;317.0;1817.0;8;c-1891 f-072;-7.556.465.856.501.430;3.655.800.655.197.390;7.272.727.272.727.270;EL TRAPICHE;Raudal;CATALOGO
1843;c-1891 f-072.jpg;CA MADRO;594.0;1271.0;749.0;1265.0;750.0;1292.0;595.0;1301.0;8;c-1891 f-072;-7.555.650.547.198.270;36.713.556.620.789.500;75.0;LA MADRE;Quebrada;CATALOGO
1844;c-1891 f-072.jpg;ANGELES;1843.0;1972.0;2112.0;1974.0;2112.0;2025.0;1843.0;2024.0;7;c-1891 f-072;-755.197.429.694.684;3.650.625.510.322.340;7.142.857.142.857.140;ANGELA;Caño;CATALOGO
1845;c-1891 f-072.jpg;EL JARDIN;344.0;1293.0;498.0;1296.0;497.0;1320.0;344.0;1316.0;9;c-1891 f-072;-7.556.386.385.919.540;36.707.050.724.375.200;8.888.888.888.888.880;EL JARDÍN;Sitio;CATALOGO
1846;c-1891 f-072.jpg;MANZANITA;763.0;1297.0;907.0;1292.0;908.0;1332.0;764.0;1336.0;9;c-1891 f-072;-7.555.153.120.222.700;36.705.867.834.118.000;7.777.777.777.777.770;MONTANITA;Quebrada;CATALOGO
1847;c-1891 f-072.jpg;EL BOSQUE;1500.0;2167.0;1635.0;2167.0;1635.0;2192.0;1500.0;2192.0;9;c-1891 f-072;-7.552.983.867.672.410;3.644.858.920.318.720;100.0;EL BOSQUE;Sabana;CATALOGO
1848;c-1891 f-072.jpg;EL SILENCIO;538.0;2070.0;693.0;2075.0;692.0;2099.0;538.0;2094.0;11;c-1891 f-072;-7.555.815.375.071.830;36.477.274.291.923.200;100.0;EL SILENCIO;Sitio;CATALOGO
1849;c-1891 f-072.jpg;TAMABC;1899.0;1287.0;2144.0;1266.0;2148.0;1318.0;1902.0;1338.0;6;c-1891 f-072;-7.551.809.469.073.270;36.708.825.059.760.900;7.142.857.142.857.140;TAMARCO;Vereda;CATALOGO
1850;c-1891 f-072.jpg;LA ESMERALDA;922.0;1341.0;1103.0;1341.0;1104.0;1371.0;922.0;1372.0;12;c-1891 f-072;-7.554.685.126.795.970;3.669.285.604.128.930;100.0;LA ESMERALDA;Vereda;CATALOGO
1851;c-1891 f-072.jpg;EL DIAMANTE;1844.0;1330.0;2029.0;1332.0;2028.0;1369.0;1843.0;1367.0;11;c-1891 f-072;-7.551.971.353.591.950;36.696.108.989.496.500;100.0;EL DIAMANTE;Sitio;CATALOGO
1852;c-1891 f-072.jpg;EL SENDERO;676.0;1358.0;834.0;1354.0;835.0;1392.0;676.0;1398.0;10;c-1891 f-072;-7.555.409.192.097.700;3.668.782.875.769.640;7.272.727.272.727.270;EL PELADERO;Sitio;CATALOGO
1853;c-1891 f-072.jpg;EL JOBB;706.0;1437.0;823.0;1438.0;822.0;1474.0;705.0;1472.0;7;c-1891 f-072;-7.555.320.891.451.140;36.664.466.675.117.700;7.142.857.142.857.140;EL TOBO;Sitio;CATALOGO
1854;c-1891 f-072.jpg;LOS LUSOS;1992.0;1409.0;2147.0;1401.0;2149.0;1434.0;1994.0;1446.0;9;c-1891 f-072;-7.551.535.737.068.960;36.672.746.906.917.700;7.777.777.777.777.770;LOS CUROS;Quebrada;CATALOGO
1855;c-1891 f-072.jpg;LA DIAMANTINA;383.0;1469.0;557.0;1469.0;557.0;1493.0;383.0;1492.0;13;c-1891 f-072;-7.556.271.595.079.020;36.655.003.553.060.400;7.142.857.142.857.140;LA BRILLANTINA;Quebrada;CATALOGO
1856;c-1891 f-072.jpg;LA CAMPI;1844.0;1472.0;1992.0;1460.0;1995.0;1491.0;1845.0;1505.0;8;c-1891 f-072;-7.551.971.353.591.950;3.665.411.638.536.760;80.0;LA CAMPIÑA;Sitio;CATALOGO
1857;c-1891 f-072.jpg;EL NARRAON;440.0;1495.0;600.0;1496.0;599.0;1518.0;440.0;1516.0;10;c-1891 f-072;-7.556.103.823.850.570;36.647.314.766.388.900;7.272.727.272.727.270;EL BARRANCO;Sitio;CATALOGO
1858;c-1891 f-072.jpg;CASERIO;695.0;1548.0;807.0;1548.0;807.0;1571.0;695.0;1571.0;7;c-1891 f-072;-7.555.353.268.354.880;3.663.164.147.048.170;7.142.857.142.857.140;CASTRO;Quebrada;CATALOGO
1859;c-1891 f-072.jpg;MONTE FRIO;696.0;1573.0;862.0;1573.0;862.0;1595.0;696.0;1595.0;10;c-1891 f-072;-7.555.350.325;366.242.484.063.745;75.0;MONTE VIDRIO;Sitio;CATALOGO
1860;c-1891 f-072.jpg;TRAPICAL;1433.0;1567.0;1533.0;1568.0;1533.0;1589.0;1432.0;1587.0;8;c-1891 f-072;-7.553.181.072.449.710;3.662.602.274.176.020;75.0;TRAPICHE;Isla;CATALOGO
1861;c-1891 f-072.jpg;LAURELES;2145.0;1555.0;2263.0;1557.0;2261.0;1595.0;2144.0;1590.0;8;c-1891 f-072;-7.551.085.403.771.550;3.662.957.141.253.160;100.0;LAURELES;Sitio;CATALOGO
1862;c-1891 f-072.jpg;QUEBRI;108.0;1624.0;276.0;1540.0;290.0;1578.0;128.0;1663.0;6;c-1891 f-072;-7.557.081.017.672.410;36.609.166.555.595.800;7.142.857.142.857.140;QUERARI;Isla;CATALOGO
1863;c-1891 f-072.jpg;ALTAMIRA;593.0;1681.0;732.0;1684.0;731.0;1709.0;593.0;1705.0;8;c-1891 f-072;-7.555.653.490.553.150;36.592.310.369.431.300;100.0;ALTAMIRA;Sitio;CATALOGO
1864;c-1891 f-072.jpg;INSPECCION;610.0;1636.0;763.0;1639.0;762.0;1662.0;610.0;1659.0;10;c-1891 f-072;-7.555.603.453.520.110;36.605.617.884.824.300;60.0;;;
1865;c-1891 f-072.jpg;DEPTAL DE POLICIA;598.0;1658.0;824.0;1662.0;823.0;1686.0;598.0;1681.0;17;c-1891 f-072;-7.555.638.773.778.730;36.599.111.988.410.000;6.470.588.235.294.110;;;
1866;c-1891 f-072.jpg;LA ILUSION;123.0;1690.0;255.0;1610.0;274.0;1644.0;139.0;1724.0;10;c-1891 f-072;-7.557.036.867.349.130;3.658.964.886.635.270;7.692.307.692.307.690;LAS ILUSIONES;Sitio;CATALOGO
1867;c-1891 f-072.jpg;SURRUMITO;518.0;1736.0;661.0;1734.0;661.0;1769.0;518.0;1771.0;9;c-1891 f-072;-755.587.424.216.954;3.657.604.562.839.550;7.777.777.777.777.770;GUARUMITO;Quebrada;CATALOGO
1868;c-1891 f-072.jpg;LA PRIMAVERAS;272.0;1763.0;439.0;1767.0;438.0;1792.0;272.0;1788.0;13;c-1891 f-072;-7.556.598.307.471.260;36.568.061.119.159.700;923.076.923.076.923;LA PRIMAVERA;Sitio;CATALOGO
1869;c-1891 f-072.jpg;LA MIRANDA;891.0;1750.0;1072.0;1738.0;1075.0;1777.0;896.0;1796.0;10;c-1891 f-072;-7.554.776.370.797.410;36.571.905.512.495.400;90.0;LA MIRADA;Sitio;CATALOGO
1870;c-1891 f-072.jpg;VEREDA;1146.0;1752.0;1451.0;1724.0;1456.0;1792.0;1148.0;1809.0;6;c-1891 f-072;-7.554.025.815.301.720;36.571.314.067.366.800;7.142.857.142.857.140;VERADAR;Sitio;CATALOGO
1871;c-1891 f-072.jpg;LOS GUAYABOS;1455.0;1736.0;1618.0;1736.0;1618.0;1759.0;1455.0;1759.0;12;c-1891 f-072;-7.553.116.318.642.240;3.657.604.562.839.550;7.142.857.142.857.140;LOS GUAYACANES;Sitio;CATALOGO
1872;c-1891 f-072.jpg;ALVAREZ;1049.0;1762.0;1244.0;1717.0;1253.0;1753.0;1062.0;1819.0;7;c-1891 f-072;-7.554.311.320.725.570;36.568.356.841.724.000;8.571.428.571.428.570;ÁLVAREZ;Sitio;CATALOGO
1873;c-1891 f-072.jpg;QUEBRY;1391.0;1739.0;1515.0;1635.0;1542.0;1669.0;1414.0;1771.0;6;c-1891 f-072;-7.553.304.693.354.880;36.575.158.460.702.600;7.142.857.142.857.140;QUIEBRA;Sitio;CATALOGO
1874;c-1891 f-072.jpg;LN CAUCHOS;1893.0;1757.0;2052.0;1756.0;2052.0;1782.0;1893.0;1785.0;10;c-1891 f-072;-7.551.827.129.202.580;36.569.835.454.545.400;8.181.818.181.818.180;LOS CAUCHOS;Sitio;CATALOGO
1875;c-1891 f-072.jpg;RASTROJO;758.0;1800.0;965.0;1904.0;948.0;1941.0;742.0;1840.0;8;c-1891 f-072;-7.555.167.836.997.120;36.557.119.384.281.000;8.888.888.888.888.880;RASTROJOS;Sitio;CATALOGO
1876;c-1891 f-072.jpg;EL ENCANTO;2163.0;1774.0;2324.0;1758.0;2325.0;1791.0;2163.0;1807.0;10;c-1891 f-072;-755.103.242.338.362;36.564.808.170.952.500;100.0;EL ENCANTO;Vereda;CATALOGO
1877;c-1891 f-072.jpg;IRACINE;1641.0;1804.0;1758.0;1809.0;1756.0;1842.0;1638.0;1833.0;7;c-1891 f-072;-755.256.885.463.362;365.559.364.940.239;7.142.857.142.857.140;IRAPIRE;Vereda;CATALOGO
1878;c-1891 f-072.jpg;LAS BRISAS;1925.0;1808.0;2073.0;1805.0;2073.0;1827.0;1926.0;1831.0;10;c-1891 f-072;-7.551.732.941.846.260;36.554.753.603.766.700;100.0;LAS BRISAS;Sitio;CATALOGO
1879;c-1891 f-072.jpg;QUEERRIA;1694.0;1856.0;1891.0;1884.0;1885.0;1924.0;1689.0;1891.0;8;c-1891 f-072;-7.552.412.856.824.710;3.654.055.892.068.090;6.666.666.666.666.660;;;
1880;c-1891 f-072.jpg;LAS PALMAS;2128.0;1856.0;2324.0;1853.0;2325.0;1892.0;2129.0;1894.0;10;c-1891 f-072;-7.551.135.440.804.590;3.654.055.892.068.090;80.0;LAS DAMAS;Vereda;CATALOGO
1881;c-1891 f-072.jpg;LA ESPERANZA;1141.0;2143.0;1362.0;2148.0;1361.0;2176.0;1141.0;2172.0;12;c-1891 f-072;-755.404.053.207.615;3.645.568.654.473.010;75.0;LA ESMERALDA;Vereda;CATALOGO
1882;c-1891 f-072.jpg;OSCURA;223.0;1937.0;290.0;2036.0;271.0;2049.0;205.0;1949.0;6;c-1891 f-072;-7.556.742.531.860.630;36.516.605.392.973.500;100.0;OSCURA;Quebrada;CATALOGO
1883;c-1891 f-072.jpg;LELRECREO;158.0;1957.0;235.0;2073.0;215.0;2086.0;138.0;1969.0;9;c-1891 f-072;-7.556.933.849.928.160;36.510.690.941.687.700;7.777.777.777.777.770;EL RECREO;Sitio;CATALOGO
1884;c-1891 f-072.jpg;ALOS TANBILLOS;123.0;1959.0;220.0;2111.0;201.0;2123.0;105.0;1970.0;14;c-1891 f-072;-7.557.036.867.349.130;36.510.099.496.559.200;7.142.857.142.857.140;LOS CABALLOS;Sabana;CATALOGO
1885;c-1891 f-072.jpg;LOS ANGELES;1429.0;1991.0;1607.0;2001.0;1605.0;2028.0;1428.0;2019.0;11;c-1891 f-072;-7.553.192.845.869.250;36.500.636.374.501.900;909.090.909.090.909;LOS ÁNGELES;Sitio;CATALOGO
1886;c-1891 f-072.jpg;PASTAS;394.0;2039.0;548.0;1910.0;575.0;1941.0;417.0;2071.0;6;c-1891 f-072;-7.556.239.218.175.280;36.486.441.691.416.100;7.142.857.142.857.140;PAJITAS;Vereda;CATALOGO
1887;c-1891 f-072.jpg;LOMA REDONDA;621.0;2036.0;826.0;2037.0;825.0;2062.0;621.0;2060.0;12;c-1891 f-072;-755.557.107.661.638;3.648.732.885.910.900;8.333.333.333.333.330;LA REDONDA;Sitio;CATALOGO
1888;c-1891 f-072.jpg;TARPIGNE;1021.0;2029.0;1125.0;2031.0;1124.0;2054.0;1021.0;2050.0;8;c-1891 f-072;-7.554.393.734.662.350;3.648.939.891.705.900;62.5;;;
1889;c-1891 f-072.jpg;TANJA FRIA;1453.0;2015.0;1610.0;2146.0;1587.0;2172.0;1429.0;2042.0;10;c-1891 f-072;-7.553.122.205.352.010;36.493.539.032.959.000;80.0;ZANJA FRÍA;Quebrada;CATALOGO
1890;c-1891 f-072.jpg;EL ACEITUNO;1933.0;2022.0;2098.0;2019.0;2099.0;2043.0;1933.0;2046.0;11;c-1891 f-072;-7.551.709.395.007.180;36.491.468.975.009.000;7.272.727.272.727.270;EL ARENTINO;Vereda;CATALOGO
1891;c-1891 f-072.jpg;LA PEDREGOSA;836.0;2071.0;1013.0;2072.0;1013.0;2098.0;836.0;2097.0;12;c-1891 f-072;-7.554.938.255.316.090;36.476.978.569.358.900;75.0;LA PODEROSA;Sitio;CATALOGO
1892;c-1891 f-072.jpg;SAN PEDRO;1835.0;2064.0;1962.0;2062.0;1963.0;2084.0;1835.0;2087.0;9;c-1891 f-072;-7.551.997.843.785.920;36.479.048.627.308.900;100.0;SAN PEDRO;Sitio;CATALOGO
1893;c-1891 f-072.jpg;PIEDRA PINTADA;552.0;2107.0;756.0;2107.0;756.0;2130.0;552.0;2130.0;14;c-1891 f-072;-7.555.774.168.103.440;36.466.332.557.044.500;7.142.857.142.857.140;PIEDRA HERRADA;Alto;CATALOGO
1894;c-1891 f-072.jpg;EL JAZMIN;2235.0;2115.0;2362.0;2115.0;2362.0;2138.0;2235.0;2139.0;9;c-1891 f-072;-7.550.820.501.831.890;3.646.396.677.653.020;8.888.888.888.888.880;EL JAZMÍN;Sitio;CATALOGO
1895;c-1891 f-072.jpg;LOS JAZNINGS;332.0;2154.0;489.0;2155.0;489.0;2178.0;332.0;2176.0;12;c-1891 f-072;-7.556.421.706.178.150;36.452.433.596.522.900;8.333.333.333.333.330;LOS JAZMINES;Sitio;CATALOGO
1896;c-1891 f-072.jpg;NOCHO DE PIEDRA;1969.0;2168.0;2203.0;2166.0;2203.0;2191.0;1970.0;2194.0;15;c-1891 f-072;-7.551.603.434.231.320;36.448.293.480.622.900;7.333.333.333.333.330;LOMA DE PIEDRA;Caserío;CATALOGO
1897;c-1891 f-072.jpg;TULUNI;2335.0;2176.0;2426.0;2140.0;2434.0;2160.0;2344.0;2200.0;6;c-1891 f-072;-755.052.616.634.339;36.445.927.700.108.600;8.333.333.333.333.330;TULUNÍ;Vereda;CATALOGO
1898;c-1891 f-072.jpg;EL LIBANO;612.0;2201.0;763.0;2200.0;763.0;2225.0;612.0;2226.0;9;c-1891 f-072;-7.555.597.566.810.340;3.643.853.463.600.140;7.777.777.777.777.770;EL LLANO;Sitio;CATALOGO
1899;c-1891 f-072.jpg;COLORADA;876.0;2180.0;1047.0;2202.0;1044.0;2235.0;873.0;2219.0;8;c-1891 f-072;-7.554.820.521.120.680;36.444.744.809.851.400;7.777.777.777.777.770;COLORADOS;Vereda;CATALOGO
1900;c-1891 f-072.jpg;LA PALMA;1208.0;2190.0;1350.0;2194.0;1348.0;2234.0;1208.0;2229.0;8;c-1891 f-072;-755.384.332.729.885;3.644.178.758.420.860;80.0;LAS PALMAS;Vereda;CATALOGO
1901;c-1891 f-072.jpg;LEL ESPUNOSE;2366.0;2196.0;2586.0;2197.0;2585.0;2239.0;2366.0;2237.0;12;c-1891 f-072;-7.550.434.922.341.950;36.440.013.248.822.800;75.0;EL ESPINOSO;Sitio;CATALOGO
1902;c-1891 f-072.jpg;PASTDS;594.0;2241.0;738.0;2241.0;738.0;2269.0;594.0;2269.0;6;c-1891 f-072;-7.555.650.547.198.270;36.426.705.733.429.900;7.142.857.142.857.140;PASITOS;Sitio;CATALOGO
1903;c-1891 f-072.jpg;GANZES JI;1170.0;2249.0;1393.0;2227.0;1395.0;2269.0;1170.0;2287.0;9;c-1891 f-072;-7.553.955.174.784.480;36.424.339.952.915.600;5.555.555.555.555.550;;;
1904;c-1891 f-072.jpg;EL PORVENIR;1457.0;2227.0;1608.0;2222.0;1609.0;2246.0;1459.0;2253.0;11;c-1891 f-072;-755.311.043.193.247;36.430.845.849.329.900;100.0;EL PORVENIR;Sitio;CATALOGO
1905;c-1891 f-072.jpg;LAS BRISAS;793.0;2267.0;943.0;2267.0;943.0;2296.0;793.0;2296.0;10;c-1891 f-072;-755.506.481.957.615;3.641.901.694.675.840;100.0;LAS BRISAS;Sitio;CATALOGO
1906;c-1891 f-072.jpg;EL TESORO CREE;1388.0;2259.0;1598.0;2252.0;1600.0;2299.0;1389.0;2302.0;14;c-1891 f-072;-755.331.352.341.954;3.642.138.272.727.270;6.428.571.428.571.420;;;
1907;c-1891 f-072.jpg;LASPERLAS;1698.0;2246.0;1815.0;2246.0;1815.0;2269.0;1698.0;2269.0;9;c-1891 f-072;-7.552.401.083.405.170;36.425.227.120.608.400;7.777.777.777.777.770;LA PERLA;Sitio;CATALOGO
1908;c-1891 f-072.jpg;TO VIENTO;115.0;2284.0;263.0;2280.0;263.0;2301.0;116.0;2307.0;9;c-1891 f-072;-7.557.060.414.188.210;36.413.989.663.165.500;7.777.777.777.777.770;EL VIENTO;Quebrada;CATALOGO
1909;c-1891 f-072.jpg;ELDELIRIO;425.0;2279.0;584.0;2302.0;579.0;2337.0;420.0;2313.0;9;c-1891 f-072;-7.556.147.974.173.850;3.641.546.827.598.690;90.0;EL DELIRIO;Sitio;CATALOGO
1910;c-1891 f-072.jpg;LAS DELICIAS;1934.0;2267.0;2123.0;2258.0;2124.0;2295.0;1936.0;2304.0;12;c-1891 f-072;-7.551.706.451.652.290;3.641.901.694.675.840;100.0;LAS DELICIAS;Zanja;CATALOGO
1911;c-1891 f-072.jpg;LAS BRISAS SAN ANDRES;428.0;2317.0;732.0;2405.0;720.0;2450.0;420.0;2351.0;21;c-1891 f-072;-7.556.139.144.109.190;36.404.230.818.544;6.666.666.666.666.660;;;
1912;c-1891 f-072.jpg;EL CEDRAL;732.0;2342.0;878.0;2340.0;879.0;2367.0;732.0;2370.0;9;c-1891 f-072;-7.555.244.364.224.130;363.968.377.544.368;7.777.777.777.777.770;EL CEJAL;Laguna;CATALOGO
1913;c-1891 f-072.jpg;EL MIRADOR;989.0;2334.0;1196.0;2340.0;1194.0;2379.0;989.0;2375.0;10;c-1891 f-072;-755.448.792.201.868;36.399.203.534.951.100;100.0;EL MIRADOR;Sitio;CATALOGO
1914;c-1891 f-072.jpg;EL GHAM;1966.0;2323.0;2101.0;2328.0;2097.0;2379.0;1964.0;2368.0;7;c-1891 f-072;-7.551.612.264.295.970;36.402.456.483.158.200;75.0;EL GUAMO;Sitio;CATALOGO
1915;c-1891 f-072.jpg;EL RETIRO;1726.0;2357.0;1868.0;2355.0;1869.0;2382.0;1726.0;2386.0;9;c-1891 f-072;-755.231.866.946.839;36.392.401.915.972.400;80.0;EL RETORNO;Vereda;CATALOGO
1916;c-2070 f-262.jpg;VEREDA ARGENTINA LINDSY;942.0;422.0;1458.0;480.0;1451.0;534.0;936.0;486.0;23;c-2070 f-262;-755.911.915.581.854;3.713.126.296.757.280;5.217.391.304.347.820;;;
1917;c-2070 f-262.jpg;CAMPO ALLORE;1168.0;491.0;1392.0;516.0;1386.0;564.0;1163.0;538.0;12;c-2070 f-262;-7.558.401.535.239.970;3.710.925.212.577.790;8.333.333.333.333.330;CAMPO ALEGRE;Vereda;CATALOGO
1918;c-2070 f-262.jpg;CULTIVOS CRITES LA;1154.0;543.0;1731.0;604.0;1724.0;663.0;1147.0;590.0;18;c-2070 f-262;-7.558.445.989.612.090;3.709.266.424.500.490;5.263.157.894.736.840;;;
1919;c-2070 f-262.jpg;ARGENTINA LINDAY;938.0;527.0;1379.0;594.0;1373.0;646.0;932.0;588.0;16;c-2070 f-262;-7.559.131.857.067.710;3.709.776.820.831.960;62.5;;;
1920;c-2070 f-262.jpg;PE DREGOSA;1535.0;675.0;1721.0;737.0;1717.0;765.0;1526.0;704.0;10;c-2070 f-262;-7.557.236.195.627.870;3.705.055.654.765.800;80.0;PEDREGOSO;Caño;CATALOGO
1921;c-2070 f-262.jpg;VEREDA;2147.0;1566.0;2395.0;1613.0;2391.0;1659.0;2141.0;1615.0;6;c-2070 f-262;-7.555.292.904.503.610;36.766.329.590.566.600;7.142.857.142.857.140;VERADAR;Sitio;CATALOGO
1922;c-2070 f-262.jpg;LA MESA DE AGUASO;2254.0;777.0;2664.0;957.0;2647.0;999.0;2239.0;820.0;17;c-2070 f-262;-75.549.531.460.881;3.701.801.878.152.630;7.647.058.823.529.410;MESA DE AGUAYO;Vereda;CATALOGO
1923;c-2070 f-262.jpg;CRETES;1706.0;740.0;1733.0;602.0;1769.0;609.0;1740.0;748.0;6;c-2070 f-262;-7.556.693.217.225.510;37.029.821.696.691.700;7.142.857.142.857.140;CARATES;Nombre;CATALOGO
1924;c-2070 f-262.jpg;JALINIA;1467.0;709.0;1653.0;738.0;1649.0;771.0;1462.0;745.0;7;c-2070 f-262;-7.557.452.116.863.900;3.703.971.062.561.410;7.142.857.142.857.140;SALINA;Cañada;CATALOGO
1925;c-2070 f-262.jpg;JAZMINEA;1498.0;760.0;1619.0;758.0;1620.0;783.0;1498.0;786.0;8;c-2070 f-262;-7.557.353.682.182.770;37.023.441.742.548.300;75.0;JAZMINAL;Sitio;CATALOGO
1926;c-2070 f-262.jpg;PUESTO SALUD;1266.0;783.0;1420.0;788.0;1419.0;815.0;1266.0;812.0;12;c-2070 f-262;-755.809.035.463.511;37.016.104.795.283.300;7.692.307.692.307.690;PUERTO SALADO;Sitio;CATALOGO
1927;c-2070 f-262.jpg;LAS PAVAS;1498.0;792.0;1630.0;822.0;1621.0;856.0;1490.0;819.0;9;c-2070 f-262;-7.557.353.682.182.770;37.013.233.815.918.700;7.777.777.777.777.770;LAS DAMAS;Vereda;CATALOGO
1928;c-2070 f-262.jpg;POTRERITO;2080.0;856.0;2368.0;986.0;2343.0;1046.0;2060.0;912.0;9;c-2070 f-262;-7.555.505.650.427.350;3.699.281.796.265.960;100.0;POTRERITO;Sitio;CATALOGO
1929;c-2070 f-262.jpg;HOWVIS;1188.0;738.0;1187.0;610.0;1229.0;610.0;1230.0;738.0;6;c-2070 f-262;-7.558.338.028.994.080;37.030.459.692.106.100;5.714.285.714.285.710;;;
1930;c-2070 f-262.jpg;PARASOL ENDAL;949.0;784.0;1114.0;813.0;1110.0;833.0;946.0;805.0;13;c-2070 f-262;-7.559.096.928.632.470;37.015.785.797.576.100;56.25;;;
1931;c-2070 f-262.jpg;ADVENTISTA;994.0;834.0;1123.0;859.0;1119.0;879.0;991.0;852.0;10;c-2070 f-262;-7.558.954.039.579.220;36.999.835.912.217.400;100.0;ADVENTISTA;Sitio;CATALOGO
1932;c-2070 f-262.jpg;LINDOSAZ;2183.0;1009.0;2333.0;1048.0;2322.0;1089.0;2173.0;1050.0;8;c-2070 f-262;-7.555.178.593.261.010;36.944.011.313.462.100;87.5;LINDOSA;Sitio;CATALOGO
1933;c-2070 f-262.jpg;PARAGAR BEJANIA;935.0;870.0;1178.0;902.0;1175.0;925.0;932.0;893.0;15;c-2070 f-262;-7.559.141.383.004.600;3.698.835.199.475.920;53.333.333.333.333.300;;;
1934;c-2070 f-262.jpg;SEJANIA;1213.0;908.0;1310.0;924.0;1306.0;946.0;1209.0;930.0;7;c-2070 f-262;-755.825.864.618.672;36.976.230.081.886.600;7.142.857.142.857.140;BETANIA;Sitio;CATALOGO
1935;c-2070 f-262.jpg;POTRERITE;2215.0;1053.0;2354.0;1104.0;2340.0;1141.0;2201.0;1091.0;9;c-2070 f-262;-7.555.076.983.267.580;3.692.997.541.434.650;8.888.888.888.888.880;POTRERITO;Sitio;CATALOGO
1936;c-2070 f-262.jpg;SPILCION DE POL LL LIMON;519.0;851.0;1071.0;910.0;1067.0;939.0;519.0;880.0;24;c-2070 f-262;-7.560.462.312.919.130;36.994.412.951.195.500;53.333.333.333.333.300;;;
1937;c-2070 f-262.jpg;MELON BETANIA;1072.0;929.0;1502.0;995.0;1493.0;1050.0;1064.0;981.0;13;c-2070 f-262;-755.870.636.522.025;3.696.953.113.003.600;6.923.076.923.076.920;;;
1938;c-2070 f-262.jpg;AGUAYO RU;2185.0;1105.0;2410.0;1227.0;2392.0;1272.0;2162.0;1150.0;9;c-2070 f-262;-7.555.172.242.636.420;36.913.387.533.573.500;6.666.666.666.666.660;;;
1939;c-2070 f-262.jpg;RISARALDAS;1221.0;1010.0;1366.0;1036.0;1360.0;1070.0;1215.0;1044.0;10;c-2070 f-262;-7.558.233.243.688.360;36.943.692.315.754.900;90.0;RISARALDA;Sitio;CATALOGO
1940;c-2070 f-262.jpg;PARALSO;1651.0;1088.0;1770.0;1098.0;1767.0;1131.0;1649.0;1121.0;7;c-2070 f-262;-755.686.785.940.171;36.918.810.494.595.400;8.571.428.571.428.570;PARAÍSO;Vereda;CATALOGO
1941;c-2070 f-262.jpg;LULTIVOSQ;1186.0;1094.0;1402.0;1131.0;1396.0;1163.0;1180.0;1125.0;9;c-2070 f-262;-7.558.344.379.618.670;36.916.896.508.352.400;58.333.333.333.333.300;;;
1942;c-2070 f-262.jpg;PRENDS;1439.0;1125.0;1519.0;1137.0;1517.0;1155.0;1436.0;1143.0;6;c-2070 f-262;-7.557.541.025.608.150;36.907.007.579.430.000;7.142.857.142.857.140;PERENAS;Sabana;CATALOGO
1943;c-2070 f-262.jpg;HELE CHA LES;1420.0;1167.0;1568.0;1228.0;1560.0;1250.0;1412.0;1189.0;12;c-2070 f-262;-755.760.135.654.175;36.893.609.675.728.700;8.333.333.333.333.330;HELECHALES;Sitio;CATALOGO
1944;c-2070 f-262.jpg;PUESTO DE SALUD EL LIMONAZ;451.0;1074.0;1008.0;1147.0;1003.0;1179.0;449.0;1103.0;26;c-2070 f-262;-7.560.678.234.155.160;36.923.276.462.495.900;6.551.724.137.931.030;;;
1945;c-2070 f-262.jpg;BELLA VISTAGLADUN LAVOR;1541.0;1233.0;2180.0;1236.0;2179.0;1342.0;1540.0;1338.0;23;c-2070 f-262;-7.557.217.143.754.100;36.872.555.827.055.300;5.652.173.913.043.470;;;
1946;c-2070 f-262.jpg;HELECHAL;1303.0;1264.0;1437.0;1234.0;1445.0;1274.0;1310.0;1303.0;8;c-2070 f-262;-7.557.972.868.080.200;36.862.666.898.132.900;100.0;HELECHAL;Quebrada;CATALOGO
1947;c-2070 f-262.jpg;TEMPLO ADVENTISTA;488.0;1188.0;838.0;1240.0;832.0;1277.0;482.0;1225.0;17;c-2070 f-262;-7.560.560.747.600.260;36.886.910.723.878.100;5.882.352.941.176.470;;;
1948;c-2070 f-262.jpg;YDA LA FLORIDA;2359.0;1430.0;2706.0;1489.0;2694.0;1554.0;2349.0;1493.0;14;c-2070 f-262;-7.554.619.738.297.170;3.680.971.327.874.220;7.142.857.142.857.140;LA FLORIDA;Vereda;CATALOGO
1949;c-2070 f-262.jpg;LIP DIA PALESTINA;467.0;1220.0;867.0;1285.0;860.0;1326.0;461.0;1257.0;17;c-2070 f-262;-7.560.627.429.158.440;36.876.702.797.248.600;7.058.823.529.411.760;LA PALESTINA;Sitio;CATALOGO
1950;c-2070 f-262.jpg;HELECUALES;1315.0;1316.0;1454.0;1313.0;1455.0;1348.0;1316.0;1351.0;10;c-2070 f-262;-7.557.934.764.332.670;36.846.079.017.359.900;90.0;HELECHALES;Sitio;CATALOGO
1951;c-2070 f-262.jpg;LA ESPERANZA;1106.0;1321.0;1251.0;1345.0;1248.0;1368.0;1102.0;1345.0;12;c-2070 f-262;-7.558.598.404.602.230;36.844.484.028.824.000;75.0;LA ESMERALDA;Vereda;CATALOGO
1952;c-2070 f-262.jpg;ESCUELA CANADA;435.0;1275.0;824.0;1331.0;817.0;1378.0;428.0;1321.0;14;c-2070 f-262;-7.560.729.039.151.870;36.859.157.923.354.000;6.428.571.428.571.420;;;
1953;c-2070 f-262.jpg;PLAZA DE MERCADO;460.0;1335.0;850.0;1393.0;843.0;1440.0;453.0;1379.0;16;c-2070 f-262;-7.560.649.656.344.500;36.840.018.060.923.600;100.0;PLAZA DE MERCADO;Sitio;CATALOGO
1954;c-2070 f-262.jpg;CAB BONAL;1176.0;1441.0;1339.0;1528.0;1326.0;1555.0;1162.0;1465.0;9;c-2070 f-262;-755.837.613.274.162;3.680.620.430.396.330;7.777.777.777.777.770;CARBONAL;Quebrada;CATALOGO
1955;c-2070 f-262.jpg;PARIQUE ANTONIO BASTIDAS CARLOSKLPEAQ EL SALTO;446.0;1404.0;1231.0;1566.0;1219.0;1667.0;419.0;1446.0;46;c-2070 f-262;-7.560.694.110.716.630;3.681.800.721.912.870;39.130.434.782.608.600;;;
1956;c-2070 f-262.jpg;GUACAMAYASCONRA;1100.0;1475.0;1320.0;1587.0;1301.0;1621.0;1082.0;1518.0;15;c-2070 f-262;-7.558.617.456.476.000;3.679.535.838.191.940;6.666.666.666.666.660;;;
1957;c-2070 f-262.jpg;CAMACHO ANGARITA;1095.0;1523.0;1267.0;1644.0;1255.0;1661.0;1084.0;1540.0;16;c-2070 f-262;-7.558.633.333.037.470;3.678.004.649.197.510;62.5;;;
1958;c-2070 f-262.jpg;VARIOS;1455.0;1573.0;1617.0;1587.0;1612.0;1634.0;1452.0;1616.0;6;c-2070 f-262;-755.749.022.061.144;3.676.409.660.661.640;7.142.857.142.857.140;VAHITOS;Sitio;CATALOGO
1959;c-2070 f-262.jpg;ID CEMENTERIO LFINLA LOMA DE PARRA;412.0;1456.0;1056.0;1554.0;1050.0;1587.0;407.0;1493.0;34;c-2070 f-262;-7.560.802.071.334.640;3.680.141.933.835.570;50.0;;;
1960;c-2070 f-262.jpg;PALMASATO;1484.0;1623.0;1638.0;1647.0;1633.0;1673.0;1481.0;1653.0;9;c-2070 f-262;-7.557.398.136.554.890;3.674.814.672.125.770;7.777.777.777.777.770;PALMARITO;Sitio;CATALOGO
1961;c-2070 f-262.jpg;MAQUENCAL;2292.0;1780.0;2419.0;1656.0;2444.0;1677.0;2317.0;1803.0;9;c-2070 f-262;-7.554.832.484.220.900;36.698.064.081.231.500;100.0;MAQUENCAL;Sitio;CATALOGO
1962;c-2070 f-262.jpg;ESTACION METEREDIDGICA;444.0;1537.0;986.0;1615.0;979.0;1660.0;438.0;1582.0;22;c-2070 f-262;-7.560.700.461.341.220;36.775.580.524.074.600;5.909.090.909.090.900;;;
1963;c-2070 f-262.jpg;IMARIA;1357.0;1674.0;1437.0;1679.0;1435.0;1701.0;1357.0;1693.0;6;c-2070 f-262;-7.557.801.401.216.300;36.731.877.838.191.900;7.142.857.142.857.140;SAMARIA;Sitio;CATALOGO
1964;c-2070 f-262.jpg;ZANJA NEGRA;1577.0;1727.0;1683.0;1807.0;1669.0;1825.0;1564.0;1746.0;11;c-2070 f-262;-7.557.102.832.511.500;3.671.497.095.971.170;7.272.727.272.727.270;AGUA NEGRA;Quebrada;CATALOGO
1965;c-2070 f-262.jpg;EL LIMON;450.0;1585.0;658.0;1624.0;649.0;1668.0;442.0;1625.0;8;c-2070 f-262;-7.560.681.409.467.450;3.676.026.863.413.030;87.5;EL LIMÓN;Vereda;CATALOGO
1966;c-2070 f-262.jpg;DISTR SUR CHAPARRAL;1338.0;1699.0;1668.0;1718.0;1666.0;1744.0;1338.0;1722.0;19;c-2070 f-262;-7.557.861.732.149.900;36.723.902.895.512.600;631.578.947.368.421;;;
1967;c-2070 f-262.jpg;NUEVAS;1158.0;1788.0;1236.0;1804.0;1231.0;1825.0;1154.0;1806.0;6;c-2070 f-262;-755.843.328.836.292;36.695.512.099.574.100;8.333.333.333.333.330;CUEVAS;Cañada;CATALOGO
1968;c-2070 f-262.jpg;LA PRIMAVERA;1351.0;1815.0;1462.0;1912.0;1449.0;1927.0;1338.0;1829.0;12;c-2070 f-262;-7.557.820.453.090.070;36.686.899.161.480.500;7.333.333.333.333.330;NUEVA PRIMAVERA;Vereda;CATALOGO
1969;c-2070 f-262.jpg;LORBAL;1122.0;1821.0;1213.0;1834.0;1210.0;1854.0;1121.0;1838.0;6;c-2070 f-262;-7.558.547.599.605.520;3.668.498.517.523.740;7.142.857.142.857.140;LORITAL;Quebrada;CATALOGO
1970;c-2070 f-262.jpg;PAZARSOY;946.0;1818.0;1062.0;1838.0;1058.0;1869.0;940.0;1851.0;8;c-2070 f-262;-7.559.106.454.569.360;36.685.942.168.358.900;75.0;PATARROY;Sitio;CATALOGO
1971;c-2070 f-262.jpg;BAN QUIO;1077.0;1833.0;1171.0;1837.0;1169.0;1861.0;1077.0;1856.0;8;c-2070 f-262;-7.558.690.488.658.770;36.681.157.202.751.300;75.0;BANQUEO;Vereda;CATALOGO
1972;c-2070 f-262.jpg;RSTA LES;1332.0;1851.0;1426.0;1926.0;1404.0;1956.0;1310.0;1879.0;8;c-2070 f-262;-7.557.880.784.023.660;36.675.415.244.022.200;6.666.666.666.666.660;;;
1973;c-2070 f-262.jpg;PELARCO;1246.0;1894.0;1373.0;1730.0;1411.0;1758.0;1282.0;1921.0;7;c-2070 f-262;-7.558.153.860.880.990;36.661.698.342.613.800;7.142.857.142.857.140;PELAYO;Sitio;CATALOGO
1974;c-2070 f-262.jpg;OSCURA;1776.0;1992.0;1798.0;1872.0;1835.0;1879.0;1813.0;1999.0;6;c-2070 f-262;-7.556.470.945.364.890;3.663.043.656.731.080;100.0;OSCURA;Quebrada;CATALOGO
1975;c-2070 f-262.jpg;LELIMON;1342.0;1930.0;1543.0;1969.0;1531.0;2024.0;1333.0;1975.0;7;c-2070 f-262;-7.557.849.030.900.720;36.650.214.425.155.500;6.666.666.666.666.660;;;
1976;c-2070 f-262.jpg;ESQUINAS;1041.0;1894.0;1152.0;1908.0;1150.0;1925.0;1040.0;1911.0;8;c-2070 f-262;-7.558.804.799.901.380;36.661.698.342.613.800;75.0;QUINAS;Sitio;CATALOGO
1977;c-2070 f-262.jpg;MARCOS;1721.0;1999.0;1749.0;1926.0;1782.0;1936.0;1754.0;2009.0;6;c-2070 f-262;-7.556.645.587.541.090;3.662.820.358.336.060;7.142.857.142.857.140;MARACAS;Río;CATALOGO
1978;c-2070 f-262.jpg;BINQUEDA;1051.0;1910.0;1157.0;1924.0;1154.0;1944.0;1048.0;1930.0;8;c-2070 f-262;-7.558.773.046.778.430;3.665.659.437.929.900;75.0;BÚSQUEDA;Quebrada;CATALOGO
1979;c-2070 f-262.jpg;JARDINCITO;1386.0;1972.0;1477.0;2034.0;1462.0;2060.0;1369.0;1989.0;10;c-2070 f-262;-7.557.709.317.159.760;3.663.681.652.145.430;7.692.307.692.307.690;EL JARDINCITO;Sitio;CATALOGO
1980;c-2070 f-262.jpg;SECTOR SP;1201.0;1973.0;1356.0;1988.0;1353.0;2016.0;1199.0;2006.0;9;c-2070 f-262;-7.558.296.749.934.250;36.636.497.523.747.100;6.363.636.363.636.360;;;
1981;c-2070 f-262.jpg;LO APROLA VIRGEN;1036.0;1978.0;1316.0;2013.0;1312.0;2040.0;1032.0;2003.0;16;c-2070 f-262;-7.558.820.676.462.850;3.663.490.253.521.120;7.058.823.529.411.760;LOMA DE LA VIRGEN;Sitio;CATALOGO
1982;c-2070 f-262.jpg;ALOS PINOS;1849.0;2089.0;1918.0;2172.0;1903.0;2185.0;1834.0;2102.0;10;c-2070 f-262;-755.623.914.756.739;3.659.949.378.971.500;90.0;LOS PINOS;Sitio;CATALOGO
1983;c-2070 f-262.jpg;PARAISSO;1690.0;2130.0;1751.0;2028.0;1786.0;2046.0;1734.0;2151.0;8;c-2070 f-262;-7.556.744.022.222.220;36.586.414.883.720.900;75.0;PARAÍSO;Vereda;CATALOGO
1984;c-2070 f-262.jpg;MONSERRITE;1834.0;2141.0;1937.0;2242.0;1915.0;2265.0;1812.0;2162.0;10;c-2070 f-262;-7.556.286.777.251.800;36.582.905.908.942.000;90.0;MONSERRATE;Vereda;CATALOGO
1985;c-2070 f-262.jpg;MAYODI;1233.0;2136.0;1239.0;2045.0;1260.0;2047.0;1251.0;2138.0;6;c-2070 f-262;-755.819.513.994.083;36.584.500.897.477.800;6.666.666.666.666.660;;;
1986;c-2070 f-262.jpg;ELJARDIN;1375.0;2168.0;1427.0;2056.0;1454.0;2067.0;1404.0;2181.0;8;c-2070 f-262;-7.557.744.245.595.000;36.574.292.970.848.300;7.777.777.777.777.770;EL JARDÍN;Sitio;CATALOGO
1987;c-2070 f-262.jpg;BRUCELAS;679.0;2084.0;876.0;2103.0;870.0;2146.0;674.0;2122.0;8;c-2070 f-262;-7.559.954.262.952.000;36.601.088.778.250.800;87.5;BRUSELAS;Sitio;CATALOGO
1988;c-2070 f-262.jpg;MUERTOG;1425.0;2180.0;1557.0;2291.0;1532.0;2320.0;1413.0;2201.0;7;c-2070 f-262;-7.557.585.479.980.270;36.570.464.998.362.200;7.142.857.142.857.140;PUERTO;Cuchilla;CATALOGO
1989;c-2070 f-262.jpg;EL CHORRO;1423.0;2182.0;1513.0;2059.0;1543.0;2082.0;1452.0;2204.0;9;c-2070 f-262;-7.557.591.830.604.860;3.656.982.700.294.790;8.181.818.181.818.180;EL CHORRITO;Sitio;CATALOGO
1990;c-2070 f-262.jpg;LO TAM BI;1681.0;2210.0;1780.0;2088.0;1797.0;2106.0;1705.0;2227.0;9;c-2070 f-262;-7.556.772.600.032.870;36.560.895.067.147.000;60.0;;;
1991;c-2070 f-262.jpg;ARAISO;1734.0;2226.0;2014.0;2273.0;2006.0;2316.0;1728.0;2267.0;6;c-2070 f-262;-7.556.604.308.481.260;36.555.791.103.832.200;7.142.857.142.857.140;PARAÍSO;Vereda;CATALOGO
1992;c-2070 f-262.jpg;OLA TIGRA;1467.0;2222.0;1591.0;2079.0;1622.0;2107.0;1499.0;2251.0;9;c-2070 f-262;-7.557.452.116.863.900;36.557.067.094.660.900;8.888.888.888.888.880;LA TIGRA;Sitio;CATALOGO
1993;c-2070 f-262.jpg;LAS MICAS;1085.0;2228.0;1234.0;2183.0;1240.0;2203.0;1091.0;2249.0;9;c-2070 f-262;-755.866.508.616.042;36.555.153.108.417.900;7.777.777.777.777.770;LAS VIGAS;Quebrada;CATALOGO
1994;c-2070 f-262.jpg;EL VERGEL;1042.0;2227.0;1156.0;2179.0;1164.0;2197.0;1048.0;2246.0;9;c-2070 f-262;-7.558.801.624.589.080;36.555.472.106.125.100;7.777.777.777.777.770;EL VERDE;Cuchilla;CATALOGO
1995;c-2070 f-262.jpg;LOS ANGEL;2391.0;2412.0;2636.0;2435.0;2629.0;2500.0;2384.0;2474.0;9;c-2070 f-262;-7.554.518.128.303.740;36.496.457.530.298.000;7.272.727.272.727.270;LOS ÁNGELES;Sitio;CATALOGO
1996;c-2070 f-262.jpg;LA PALOMERA;992.0;2247.0;1172.0;2279.0;1167.0;2307.0;992.0;2275.0;11;c-2070 f-262;-7.558.960.390.203.810;3.654.909.215.198.160;75.0;LA PALMERITA;Sitio;CATALOGO
1997;c-2070 f-262.jpg;MORROLOS;1215.0;2301.0;1335.0;2204.0;1351.0;2229.0;1231.0;2321.0;8;c-2070 f-262;-755.825.229.556.213;36.531.866.275.794.300;75.0;MORROCOY;Sitio;CATALOGO
1998;c-2070 f-262.jpg;LA COLORADA;1584.0;2366.0;1646.0;2180.0;1670.0;2188.0;1607.0;2375.0;11;c-2070 f-262;-7.557.080.605.325.440;36.511.131.424.828.000;7.272.727.272.727.270;LA FLORIDA;Vereda;CATALOGO
1999;c-2070 f-262.jpg;VILLA MARIA;1020.0;2307.0;1181.0;2336.0;1176.0;2363.0;1015.0;2333.0;11;c-2070 f-262;-7.558.871.481.459.560;3.652.995.228.955.120;8.333.333.333.333.330;VILLA MARTHA;Sitio;CATALOGO
2000;c-2070 f-262.jpg;TU LUN;1029.0;2328.0;1112.0;2411.0;1091.0;2431.0;1011.0;2346.0;6;c-2070 f-262;-7.558.842.903.648.910;3.652.325.333.770.060;6.666.666.666.666.660;;;
2001;c-2070 f-262.jpg;LA CASSAUND;1619.0;2411.0;1695.0;2228.0;1724.0;2238.0;1640.0;2421.0;11;c-2070 f-262;-7.556.969.469.395.130;3.649.677.652.800.520;7.272.727.272.727.270;LA CASIANA;Caserío;CATALOGO
2002;c-2070 f-262.jpg;CALANCA;1205.0;2395.0;1317.0;2411.0;1314.0;2431.0;1204.0;2416.0;7;c-2070 f-262;-7.558.284.048.685.070;36.501.880.491.320.000;7.142.857.142.857.140;BLANCA;Laguna;CATALOGO
2003;c-2070 f-262.jpg;PUNTERALES;1110.0;2402.0;1389.0;2456.0;1378.0;2504.0;1101.0;2457.0;10;c-2070 f-262;-7.558.585.703.353.050;364.996.475.073.698;90.0;PUNTARALES;Sitio;CATALOGO
2004;c-2070 f-262.jpg;MESETA;1888.0;2502.0;2019.0;2517.0;2015.0;2549.0;1884.0;2533.0;6;c-2070 f-262;-7.556.115.310.387.900;3.646.774.773.665.240;100.0;MESETA;Sitio;CATALOGO
2005;c-2070 f-262.jpg;PARADERO;1137.0;2461.0;1299.0;2486.0;1294.0;2521.0;1131.0;2498.0;8;c-2070 f-262;-7.558.499.969.921.100;3.648.082.664.264.650;75.0;CAPADERO;Quebrada;CATALOGO
2006;c-2070 f-262.jpg;GRATULUNICHT;1383.0;2501.0;1564.0;2522.0;1560.0;2559.0;1379.0;2538.0;12;c-2070 f-262;-7.557.718.843.096.640;36.468.066.734.359.600;5.384.615.384.615.380;;;
2007;c-2070 f-262.jpg;BEGONIA;1951.0;2560.0;2169.0;2590.0;2162.0;2638.0;1944.0;2608.0;7;c-2070 f-262;-7.555.915.265.713.340;3.644.924.586.963.640;7.142.857.142.857.140;BETANIA;Sitio;CATALOGO
2008;c-1589 f-076.jpg;CHIPARCO;1897.0;1445.0;1995.0;1224.0;2047.0;1245.0;1942.0;1463.0;8;c-1589 f-076;-7.532.950.052.640.050;36.520.533.230.719.300;75.0;CHAPARRO;Vereda;CATALOGO
2009;c-1589 f-076.jpg;LOS LLANITOS;1613.0;1529.0;1829.0;1503.0;1832.0;1532.0;1616.0;1558.0;12;c-1589 f-076;-7.534.177.607.437.210;3.648.405.474.724.560;75.0;LOS PLATOS;Laguna;CATALOGO
2010;c-1589 f-076.jpg;LOSHOBOS;1949.0;1527.0;2122.0;1504.0;2126.0;1532.0;1953.0;1556.0;8;c-1589 f-076;-7.532.725.289.085.640;3.648.492.328.256.640;7.777.777.777.777.770;LOS HOYOS;Quebrada;CATALOGO
2011;c-1589 f-076.jpg;CHIPARCO;2019.0;1909.0;1999.0;1637.0;2060.0;1633.0;2075.0;1907.0;8;c-1589 f-076;-7.532.422.722.762.390;36.319.033.036.292.900;75.0;CHAPARRO;Vereda;CATALOGO
2012;c-1589 f-076.jpg;CUCHILLA LOMA DE APO;1838.0;1967.0;1891.0;1572.0;1934.0;1578.0;1882.0;1973.0;20;c-1589 f-076;-7.533.205.072.826.780;3.629.384.551.198.960;65.0;;;
2013;c-1589 f-076.jpg;LA RESBALOSA;1759.0;2005.0;2053.0;1992.0;2055.0;2044.0;1759.0;2055.0;12;c-1589 f-076;-753.354.654.053.445;36.277.343.340.894.300;75.0;RESBALOSA;Filo;CATALOGO
2014;c-1589 f-076.jpg;VEREDA;1576.0;2202.0;1702.0;2195.0;1704.0;2232.0;1578.0;2241.0;6;c-1589 f-076;-7.534.337.535.350.930;36.191.792.611.795.200;7.142.857.142.857.140;VERADAR;Sitio;CATALOGO
2015;c-1589 f-076.jpg;HORAS YUSARE;2388.0;2149.0;2406.0;1851.0;2462.0;1856.0;2438.0;2153.0;12;c-1589 f-076;-7.530.827.766.001.280;362.148.087.977.965;5.384.615.384.615.380;;;
2016;c-1589 f-076.jpg;LAS LAGUNAS;2065.0;2230.0;2248.0;2206.0;2252.0;2232.0;2068.0;2257.0;11;c-1589 f-076;-7.532.223.893.464.260;36.179.633.117.303.900;7.272.727.272.727.270;LAS DUNAS;Vereda;CATALOGO
2017;c-1589 f-076.jpg;ALTO LAS MINAS;2223.0;2281.0;2469.0;2250.0;2473.0;2277.0;2227.0;2313.0;14;c-1589 f-076;-7.531.540.958.048.930;3.615.748.546.662.340;100.0;ALTO LAS MINAS;Sitio;CATALOGO
2018;c-1589 f-076.jpg;CHIQUITO;2465.0;2301.0;2580.0;2285.0;2583.0;2331.0;2469.0;2345.0;8;c-1589 f-076;-7.530.494.943.045.710;36.148.800.113.415.400;87.5;CHIQUITA;Quebrada;CATALOGO
2019;c-1589 f-076.jpg;LOMA LA CAJA;1759.0;2451.0;1820.0;2209.0;1855.0;2216.0;1791.0;2460.0;12;c-1589 f-076;-753.354.654.053.445;36.083.659.964.355.100;75.0;LOMA DE PAJA;Sitio;CATALOGO
2020;c-1589 f-076.jpg;VARIOS;2545.0;2327.0;2711.0;2300.0;2717.0;2342.0;2551.0;2371.0;6;c-1589 f-076;-753.014.915.296.201;36.137.509.154.244.900;7.142.857.142.857.140;VAHITOS;Sitio;CATALOGO
2021;c-1589 f-076.jpg;AGUA AMAR;2484.0;2362.0;2621.0;2382.0;2619.0;2428.0;2481.0;2403.0;9;c-1589 f-076;-7.530.412.817.900.830;36.122.309.786.130.900;7.777.777.777.777.770;AGUAYAMAL;Sitio;CATALOGO
2022;c-1589 f-088.jpg;CHORRO EL DIABLO;837.0;657.0;1086.0;637.0;1089.0;680.0;840.0;703.0;16;c-1589 f-088;-7.529.164.956.112.220;3.653.167.576.871.650;75.0;HOYO DEL DIABLO;Ciénaga;CATALOGO
2023;c-1589 f-088.jpg;CHAPARRO;777.0;892.0;914.0;894.0;913.0;937.0;776.0;934.0;8;c-1589 f-088;-75.294.193.248.497;3.643.157.927.807.480;100.0;CHAPARRO;Vereda;CATALOGO
2024;c-1589 f-088.jpg;HOBRO LASCUENTES;698.0;941.0;873.0;1038.0;856.0;1079.0;670.0;962.0;16;c-1589 f-088;-7.529.754.243.687.370;36.410.708.094.919.700;62.5;;;
2025;c-1589 f-088.jpg;LAS BRISAS;850.0;991.0;988.0;978.0;990.0;1001.0;852.0;1014.0;10;c-1589 f-088;-7.529.109.842.885.770;36.389.410.969.251.300;100.0;LAS BRISAS;Sitio;CATALOGO
2026;c-1589 f-088.jpg;MUCHOS;673.0;1045.0;731.0;1119.0;706.0;1138.0;655.0;1062.0;6;c-1589 f-088;-7.529.860.230.661.320;3.636.641.007.352.940;8.333.333.333.333.330;LUCHOS;Sitio;CATALOGO
2027;c-1589 f-088.jpg;LOMA EL CHAPARE;716.0;1047.0;875.0;1174.0;859.0;1195.0;700.0;1068.0;15;c-1589 f-088;-7.529.677.933.066.130;3.636.555.818.850.260;6.666.666.666.666.660;;;
2028;c-1589 f-088.jpg;EL JORDAN;508.0;1068.0;658.0;1057.0;660.0;1081.0;511.0;1095.0;9;c-1589 f-088;-7.530.559.744.689.370;3.635.661.339.572.190;7.777.777.777.777.770;EL JARDÍN;Sitio;CATALOGO
2029;c-1589 f-088.jpg;EL DESESPERADO;866.0;1140.0;1030.0;971.0;1064.0;992.0;886.0;1175.0;14;c-1589 f-088;-7.529.042.011.222.440;3.632.594.553.475.930;8.571.428.571.428.570;EL DESESPERO;Sitio;CATALOGO
2030;c-1589 f-088.jpg;LA SALAMANCA;880.0;1167.0;1067.0;1153.0;1069.0;1178.0;882.0;1192.0;12;c-1589 f-088;-7.528.982.658.517.030;36.314.445.086.898.300;75.0;SALAMANCA;Río;CATALOGO
2031;c-1589 f-088.jpg;LAS MICAS QUEBRADA SLA JABONE;369.0;1249.0;554.0;800.0;610.0;818.0;411.0;1273.0;29;c-1589 f-088;-753.114.903.226.453;3.627.951.780.080.210;51.724.137.931.034.400;;;
2032;c-1589 f-088.jpg;CACHIMBO;448.0;1251.0;577.0;1241.0;579.0;1269.0;449.0;1280.0;8;c-1589 f-088;-7.530.814.113.426.850;362.786.659.157.754;100.0;CACHIMBO;Cerro;CATALOGO
2033;c-1589 f-088.jpg;CAPARROSAL;888.0;1195.0;1093.0;1179.0;1095.0;1203.0;888.0;1219.0;10;c-1589 f-088;-7.528.948.742.685.370;36.302.518.696.524.000;90.0;CAPARROAL;Caño;CATALOGO
2034;c-1589 f-088.jpg;EL LIMON;583.0;1334.0;618.0;1208.0;644.0;1215.0;607.0;1341.0;8;c-1589 f-088;-7.530.241.783.767.530;36.243.312.687.165.700;87.5;EL LIMÓN;Vereda;CATALOGO
2035;c-1589 f-088.jpg;TERRERITO;571.0;1354.0;692.0;1345.0;694.0;1370.0;573.0;1379.0;9;c-1589 f-088;-753.029.265.751.503;362.347.938.368.984;7.777.777.777.777.770;HERRERITA;Quebrada;CATALOGO
2036;c-1589 f-088.jpg;LA PALMITA;607.0;1423.0;740.0;1413.0;742.0;1441.0;609.0;1452.0;10;c-1589 f-088;-7.530.140.036.272.540;36.205.403.803.475.900;8.333.333.333.333.330;LA PALMERITA;Sitio;CATALOGO
2037;c-1589 f-088.jpg;CAMINO LARGO;889.0;1380.0;1058.0;1367.0;1060.0;1389.0;890.0;1402.0;12;c-1589 f-088;-7.528.944.503.206.410;362.237.193.315.508;75.0;TAMBO LARGO;Vereda;CATALOGO
2038;c-1589 f-088.jpg;ALTO LA;381.0;1468.0;479.0;1458.0;481.0;1485.0;383.0;1494.0;7;c-1589 f-088;-7.531.098.158.517.030;3.618.623.639.037.430;75.0;ALTO MAY;Quebrada;CATALOGO
2039;c-1589 f-088.jpg;XTRAPICHE;586.0;1450.0;704.0;1447.0;704.0;1469.0;586.0;1472.0;9;c-1589 f-088;-7.530.229.065.330.660;3.619.390.335.561.490;7.272.727.272.727.270;EL TRAPICHE;Raudal;CATALOGO
2040;c-1589 f-088.jpg;SAN JOSE;823.0;1424.0;954.0;1408.0;958.0;1436.0;825.0;1450.0;8;c-1589 f-088;-7.529.224.308.817.630;3.620.497.786.096.250;87.5;SAN JOSÉ;Sitio;CATALOGO
2041;c-1589 f-088.jpg;ESTRELLA EL CEMDE;384.0;1503.0;639.0;1487.0;640.0;1513.0;386.0;1527.0;17;c-1589 f-088;-7.531.085.440.080.150;36.171.328.402.406.400;7.222.222.222.222.220;ESTRELLA DEL CAUCA;Sitio;CATALOGO
2042;c-1589 f-088.jpg;BUENOS AIRES;684.0;1517.0;840.0;1502.0;843.0;1525.0;685.0;1540.0;12;c-1589 f-088;-7.529.813.596.392.780;3.616.536.520.721.920;100.0;BUENOS AIRES;Vereda;CATALOGO
2043;c-1589 f-088.jpg;ZEM AGUA;430.0;1520.0;625.0;1528.0;624.0;1560.0;429.0;1555.0;8;c-1589 f-088;-7.530.890.424.048.090;36.164.087.379.679.100;75.0;EL AGUA;Estero;CATALOGO
2044;c-1589 f-088.jpg;LUSITANIA;795.0;1471.0;911.0;1464.0;913.0;1491.0;796.0;1497.0;9;c-1589 f-088;-7.529.343.014.228.450;36.184.958.562.834.200;100.0;LUSITANIA;Sitio;CATALOGO
2045;c-1589 f-088.jpg;CAMARILLA;499.0;1559.0;629.0;1554.0;630.0;1578.0;500.0;1583.0;9;c-1589 f-088;-7.530.597.900.000.000;36.147.475.621.657.700;80.0;CASCARILLA;Quebrada;CATALOGO
2046;c-1589 f-088.jpg;GUADUALITO;717.0;1559.0;894.0;1543.0;897.0;1572.0;720.0;1588.0;10;c-1589 f-088;-7.529.673.693.587.170;36.147.475.621.657.700;80.0;GUAMALITO;Sitio;CATALOGO
2047;c-1589 f-088.jpg;EL JAZMIN;868.0;1530.0;1023.0;1520.0;1025.0;1543.0;870.0;1555.0;9;c-1589 f-088;-7.529.033.532.264.520;36.159.827.954.545.400;8.888.888.888.888.880;EL JAZMÍN;Sitio;CATALOGO
2048;c-1589 f-088.jpg;ERS JUNTAS;498.0;1603.0;622.0;1595.0;624.0;1619.0;498.0;1628.0;10;c-1589 f-088;-7.530.602.139.478.950;36.128.734.151.069.500;80.0;LAS JUNTAS;Sitio;CATALOGO
2049;c-1589 f-088.jpg;JERICO;812.0;1587.0;897.0;1582.0;899.0;1609.0;814.0;1614.0;6;c-1589 f-088;-7.529.270.943.086.170;36.135.549.231.283.400;8.333.333.333.333.330;PERICO;Caño;CATALOGO
2050;c-1589 f-088.jpg;EL TAMIBO;633.0;1612.0;667.0;1472.0;692.0;1478.0;656.0;1619.0;9;c-1589 f-088;-7.530.029.809.819.640;361.249.006.684.492;7.777.777.777.777.770;EL TAMBOR;Cerro;CATALOGO
2051;c-1589 f-088.jpg;EL CONGAL;321.0;1660.0;492.0;1629.0;497.0;1661.0;324.0;1688.0;9;c-1589 f-088;-7.531.352.527.254.500;36.104.455.427.807.400;7.777.777.777.777.770;EL CORRAL;Sitio;CATALOGO
2052;c-1589 f-088.jpg;EL CHY HO LA SOMBRA;613.0;1645.0;1032.0;1636.0;1034.0;1670.0;614.0;1687.0;19;c-1589 f-088;-7.530.114.599.398.790;3.611.084.456.550.800;5.789.473.684.210.520;;;
2053;c-1589 f-088.jpg;CASADE;483.0;1690.0;585.0;1684.0;587.0;1709.0;485.0;1716.0;6;c-1589 f-088;-7.530.665.731.663.320;36.091.677.152.406.400;7.142.857.142.857.140;CASCADA;Sitio;CATALOGO
2054;c-1589 f-088.jpg;ELLLANO;763.0;1683.0;866.0;1674.0;869.0;1701.0;765.0;1711.0;7;c-1589 f-088;-7.529.478.677.555.100;3.609.465.875;87.5;EL LLANO;Sitio;CATALOGO
2055;c-1589 f-088.jpg;CHORDO LA CASCABEL;750.0;1699.0;839.0;1934.0;794.0;1945.0;721.0;1707.0;18;c-1589 f-088;-7.529.533.790.781.560;36.087.843.669.786.000;7.368.421.052.631.570;ALTO DE LA CASCABEL;Sitio;CATALOGO
2056;c-1589 f-088.jpg;LA ESPERANZA;765.0;1747.0;949.0;1730.0;951.0;1759.0;768.0;1778.0;12;c-1589 f-088;-7.529.470.198.597.190;36.067.398.429.144.300;75.0;LA ESMERALDA;Vereda;CATALOGO
2057;c-1589 f-088.jpg;ULTIVOL;798.0;1778.0;969.0;1757.0;972.0;1788.0;801.0;1809.0;7;c-1589 f-088;-7.529.330.295.791.580;36.054.194.211.229.900;62.5;;;
2058;c-1589 f-088.jpg;VARIOS;962.0;1776.0;1098.0;1764.0;1101.0;1794.0;965.0;1806.0;6;c-1589 f-088;-7.528.635.021.242.480;36.055.046.096.256.600;7.142.857.142.857.140;VAHITOS;Sitio;CATALOGO
2059;c-1589 f-088.jpg;EBRADA;588.0;1838.0;586.0;1712.0;615.0;1712.0;618.0;1837.0;6;c-1589 f-088;-7.530.220.586.372.740;36.028.637.660.427.800;75.0;QUEBRADA;Ciénaga;CATALOGO
2060;c-1589 f-088.jpg;EL COMSAL OV;465.0;1861.0;617.0;1838.0;623.0;1872.0;468.0;1889.0;12;c-1589 f-088;-7.530.742.042.284.570;36.018.840.982.620.300;6.666.666.666.666.660;;;
2061;c-1589 f-088.jpg;LOMA LASMINAG;805.0;1826.0;987.0;1803.0;990.0;1826.0;808.0;1850.0;13;c-1589 f-088;-7.529.300.619.438.870;36.033.748.970.588.200;6.428.571.428.571.420;;;
2062;c-1589 f-088.jpg;LA GRANVIA;541.0;1910.0;668.0;1901.0;669.0;1926.0;541.0;1935.0;10;c-1589 f-088;-7.530.419.841.883.760;35.997.969.799.465.200;80.0;LA GRANJA;Sitio;CATALOGO
2063;c-1589 f-088.jpg;BERLIN;480.0;2002.0;596.0;1993.0;598.0;2022.0;482.0;2031.0;6;c-1589 f-088;-75.306.784.501.002;35.958.783.088.235.200;8.333.333.333.333.330;BERLÍN;Sitio;CATALOGO
2064;c-1589 f-088.jpg;BALSILLAS;334.0;2035.0;474.0;2094.0;467.0;2118.0;325.0;2057.0;9;c-1589 f-088;-7.531.297.414.028.050;3.594.472.698.529.410;8.888.888.888.888.880;BALSILLA;Caserío;CATALOGO
2065;c-1589 f-088.jpg;VEREDA BELTRAN;608.0;2070.0;842.0;2045.0;845.0;2073.0;611.0;2099.0;14;c-1589 f-088;-7.530.135.796.793.580;35.929.818.997.326.200;6.666.666.666.666.660;;;
2066;c-1589 f-088.jpg;CULTIVO;897.0;2070.0;1079.0;2044.0;1083.0;2074.0;903.0;2103.0;7;c-1589 f-088;-752.891.058.737.475;35.929.818.997.326.200;7.142.857.142.857.140;YULIVO;Loma;CATALOGO
2067;c-1589 f-088.jpg;LOS ROBLES;599.0;2130.0;808.0;2173.0;806.0;2218.0;592.0;2177.0;10;c-1589 f-088;-7.530.173.952.104.200;35.904.262.446.524.000;8.181.818.181.818.180;LOS ÁRBOLES;Sitio;CATALOGO
2068;c-1589 f-088.jpg;EL ALGODO;812.0;2105.0;939.0;1974.0;961.0;1998.0;836.0;2127.0;9;c-1589 f-088;-7.529.270.943.086.170;35.914.911.009.358.200;7.777.777.777.777.770;EL ALIADO;Sitio;CATALOGO
2069;c-1589 f-088.jpg;EL RETIRO;814.0;2137.0;946.0;2122.0;949.0;2147.0;816.0;2163.0;9;c-1589 f-088;-7.529.262.464.128.250;35.901.280.848.930.400;80.0;EL RETORNO;Vereda;CATALOGO
2070;c-1589 f-088.jpg;UD ELCHORRO;339.0;2179.0;538.0;2087.0;550.0;2123.0;355.0;2229.0;11;c-1589 f-088;-7.531.276.216.633.260;35.883.391.263.368.900;6.363.636.363.636.360;;;
2071;c-1589 f-088.jpg;EL RAYO;402.0;2183.0;627.0;2150.0;631.0;2189.0;409.0;2233.0;7;c-1589 f-088;-7.531.009.129.458.910;3.588.168.749.331.550;7.142.857.142.857.140;EL PATO;Caserío;CATALOGO
2072;c-1589 f-088.jpg;BELTRAN;1085.0;2190.0;1109.0;1998.0;1156.0;2004.0;1126.0;2196.0;7;c-1589 f-088;-7.528.113.565.330.660;35.878.705.895.721.900;8.571.428.571.428.570;BELTRÁN;Sitio;CATALOGO
2073;c-1589 f-088.jpg;DAK SAFETY FILM;2930.0;2391.0;2916.0;2221.0;2952.0;2217.0;2972.0;2390.0;15;c-1589 f-088;-7.520.291.726.653.300;3.579.309.145.053.470;46.666.666.666.666.600;;;
2074;c-1857 f-156.jpg;DE UNE;491.0;418.0;627.0;376.0;634.0;409.0;496.0;454.0;6;c-1857 f-156;-7.534.363.828.475.170;3.686.056.301.575.930;5.714.285.714.285.710;;;
2075;c-1857 f-156.jpg;MOTEMA;625.0;492.0;631.0;320.0;659.0;320.0;653.0;493.0;6;c-1857 f-156;-7.533.977.856.205.670;36.839.147.808.022.900;75.0;MONTEMAR;Sitio;CATALOGO
2076;c-1857 f-156.jpg;QUEBRANA;849.0;702.0;993.0;567.0;1017.0;599.0;870.0;727.0;8;c-1857 f-156;-7.533.332.648.829.780;3.677.837.492.120.340;7.777.777.777.777.770;QUEBRADAS;Vereda;CATALOGO
2077;c-1857 f-156.jpg;RESACA;703.0;912.0;782.0;996.0;761.0;1015.0;683.0;932.0;6;c-1857 f-156;-7.533.753.185.780.140;36.717.602.034.383.900;100.0;RESACA;Laguna;CATALOGO
2078;c-1857 f-156.jpg;PATOTUMITO;1238.0;1074.0;1393.0;1097.0;1389.0;1117.0;1237.0;1094.0;10;c-1857 f-156;-7.532.212.177.092.200;36.670.720.093.123.200;80.0;TOTUMITO;Sitio;CATALOGO
2079;c-1857 f-156.jpg;HACIENDA;672.0;1136.0;782.0;1138.0;782.0;1170.0;672.0;1168.0;8;c-1857 f-156;-7.533.842.477.872.340;36.652.777.621.776.400;100.0;HACIENDA;Vereda;CATALOGO
2080;c-1857 f-156.jpg;EL MOND;1426.0;1110.0;1541.0;1111.0;1540.0;1140.0;1426.0;1139.0;7;c-1857 f-156;-7.531.670.663.758.860;36.660.301.883.954.100;7.142.857.142.857.140;EL MORO;Caño;CATALOGO
2081;c-1857 f-156.jpg;CHIPARCO;995.0;1555.0;1158.0;1553.0;1159.0;1592.0;995.0;1595.0;8;c-1857 f-156;-7.532.912.111.879.430;36.531.521.242.836.600;75.0;CHAPARRO;Vereda;CATALOGO
2082;c-1857 f-156.jpg;CHAPARRO;2368.0;1157.0;2510.0;1152.0;2512.0;1183.0;2369.0;1188.0;8;c-1857 f-156;-7.528.957.336.312.050;3.664.670.033.309.450;100.0;CHAPARRO;Vereda;CATALOGO
2083;c-1857 f-156.jpg;ARABITAS;985.0;1192.0;1104.0;1195.0;1103.0;1215.0;985.0;1211.0;8;c-1857 f-156;-7.532.940.915.780.140;3.663.657.151.862.460;75.0;ARATAS;Alto;CATALOGO
2084;c-1857 f-156.jpg;CONCRETO;1126.0;1229.0;1267.0;1239.0;1266.0;1260.0;1124.0;1249.0;8;c-1857 f-156;-7.532.534.780.780.140;36.625.863.914.756.400;75.0;CONGRESO;Sitio;CATALOGO
2085;c-1857 f-156.jpg;ONOW TI OHHORS;1374.0;1234.0;1323.0;1480.0;1286.0;1478.0;1335.0;1228.0;14;c-1857 f-156;-7.531.820.444.042.550;3.662.441.694.126.070;42.857.142.857.142.800;;;
2086;c-1857 f-156.jpg;RARE BUENOS AIRES;628.0;1289.0;896.0;1268.0;901.0;1310.0;632.0;1334.0;17;c-1857 f-156;-7.533.969.215.035.460;36.608.500.232.808.000;7.058.823.529.411.760;BUENOS AIRES;Vereda;CATALOGO
2087;c-1857 f-156.jpg;CHICOBA;1630.0;1347.0;1712.0;1219.0;1741.0;1237.0;1658.0;1366.0;7;c-1857 f-156;-7.531.083.064.184.390;3.659.171.534.025.780;7.142.857.142.857.140;CHIBABA;Sitio;CATALOGO
2088;c-1857 f-156.jpg;CARO EL DI;2267.0;1470.0;2364.0;1560.0;2337.0;1589.0;2242.0;1499.0;10;c-1857 f-156;-752.924.825.570.922;36.556.119.792.263.600;6.428.571.428.571.420;;;
2089;c-1857 f-156.jpg;DIABLO;2346.0;1535.0;2399.0;1614.0;2367.0;1637.0;2314.0;1558.0;6;c-1857 f-156;-7.529.020.704.893.610;36.537.309.136.819.400;100.0;DIABLO;Quebrada;CATALOGO
2090;c-1857 f-156.jpg;LEBRADA CHIPAR;872.0;1685.0;1018.0;1361.0;1069.0;1384.0;914.0;1710.0;14;c-1857 f-156;-7.533.266.399.858.150;36.493.899.931.948.400;7.142.857.142.857.140;QUEBRADA CHICA;Cuchilla;CATALOGO
2091;c-1857 f-156.jpg;VEIERNO;2176.0;1755.0;2308.0;1834.0;2288.0;1872.0;2160.0;1790.0;7;c-1857 f-156;-7.529.510.371.205.670;36.473.642.303.008.500;7.142.857.142.857.140;VENENO;Cañada;CATALOGO
2092;c-1857 f-156.jpg;LOS ALANITOS;635.0;1874.0;801.0;1700.0;840.0;1732.0;665.0;1913.0;12;c-1857 f-156;-7.533.949.052.304.960;3.643.920.433.381.080;75.0;LOS PLATOS;Laguna;CATALOGO
2093;c-1857 f-158.jpg;KASTRDIP;580.0;453.0;912.0;372.0;919.0;429.0;588.0;508.0;8;c-1857 f-158;-7.534.270.453.823.950;37.332.176.483.357.400;62.5;;;
2094;c-1857 f-158.jpg;EL PORVENIR;793.0;567.0;1019.0;567.0;1019.0;606.0;793.0;606.0;11;c-1857 f-158;-7.533.663.019.624.820;3.729.951.573.082.480;100.0;EL PORVENIR;Sitio;CATALOGO
2095;c-1857 f-158.jpg;QUEBRA;1184.0;1037.0;1428.0;1029.0;1429.0;1084.0;1185.0;1090.0;6;c-1857 f-158;-7.532.547.964.357.860;3.716.486.175.108.530;7.142.857.142.857.140;QUESERA;Sitio;CATALOGO
2096;c-1857 f-158.jpg;HACIENDA;786.0;1115.0;914.0;1116.0;914.0;1137.0;785.0;1136.0;8;c-1857 f-158;-7.533.682.982.251.080;37.142.514.920.405.200;100.0;HACIENDA;Vereda;CATALOGO
2097;c-1857 f-158.jpg;LA VICTORIA;1027.0;1088.0;1174.0;1092.0;1174.0;1112.0;1026.0;1107.0;11;c-1857 f-158;-7.532.995.697.546.890;37.150.250.361.794.500;7.272.727.272.727.270;VICTORIA;Caño;CATALOGO
2098;c-1857 f-158.jpg;ESTAMBUL;778.0;1137.0;914.0;1140.0;913.0;1160.0;778.0;1156.0;8;c-1857 f-158;-7.533.705.796.681.090;3.713.621.196.816.200;100.0;ESTAMBUL;Sitio;CATALOGO
2099;c-1857 f-158.jpg;CORRAL;1061.0;1118.0;1135.0;1120.0;1135.0;1138.0;1060.0;1136.0;6;c-1857 f-158;-7.532.898.736.219.330;3.714.165.542.691.750;8.333.333.333.333.330;CORNAL;Quebrada;CATALOGO
2100;c-1857 f-158.jpg;CORRAL ESTABLE;981.0;1144.0;1155.0;1145.0;1154.0;1167.0;981.0;1163.0;14;c-1857 f-158;-7.533.126.880.519.480;37.134.206.483.357.400;6.428.571.428.571.420;;;
2101;c-1857 f-158.jpg;PALMICHAL;977.0;1274.0;1131.0;1264.0;1134.0;1302.0;979.0;1313.0;9;c-1857 f-158;-7.533.138.287.734.480;3.709.696.176.555.710;100.0;PALMICHAL;Vereda;CATALOGO
2102;c-1857 f-158.jpg;LAS BRISAS;2311.0;1394.0;2469.0;1394.0;2469.0;1432.0;2311.0;1433.0;10;c-1857 f-158;-7.529.333.981.529.580;37.062.582.026.049.100;100.0;LAS BRISAS;Sitio;CATALOGO
2103;c-1857 f-158.jpg;RASTROJO;956.0;1795.0;1298.0;1711.0;1310.0;1772.0;967.0;1852.0;8;c-1857 f-158;-7.533.198.175.613.270;36.947.696.396.526.700;8.888.888.888.888.880;RASTROJOS;Sitio;CATALOGO
2104;c-1857 f-158.jpg;TAMARCO;2182.0;1567.0;2328.0;1562.0;2329.0;1594.0;2182.0;1599.0;7;c-1857 f-158;-7.529.701.864.213.560;37.013.017.901.591.800;7.142.857.142.857.140;TAMAYO;Sitio;CATALOGO
2105;c-1857 f-158.jpg;CHINAIRCE;2225.0;1763.0;2347.0;1758.0;2349.0;1790.0;2225.0;1798.0;9;c-1857 f-158;-7.529.579.236.652.230;3.695.686.432.706.220;6.666.666.666.666.660;;;
2106;c-1857 f-158.jpg;ALMIZCLELLO;1411.0;1973.0;1570.0;1839.0;1595.0;1869.0;1431.0;2002.0;11;c-1857 f-158;-7.531.900.604.906.200;368.966.997.829.233;909.090.909.090.909;ALMIZCLILLO;Quebrada;CATALOGO
2107;c-1857 f-158.jpg;LASIMAL;1857.0;1945.0;1971.0;1945.0;1972.0;1979.0;1858.0;1979.0;7;c-1857 f-158;-7.530.628.700.432.900;36.904.721.722.141.800;75.0;GUASIMAL;Sitio;CATALOGO
2108;c-1857 f-158.jpg;QUEBRADA;999.0;2014.0;1177.0;1969.0;1185.0;2006.0;1006.0;2049.0;8;c-1857 f-158;-7.533.075.548.051.940;36.884.953.371.924.700;7.272.727.272.727.270;QUEBRADITAS;Vereda;CATALOGO
2109;c-1857 f-158.jpg;QUEBRAD;1365.0;2254.0;1512.0;2191.0;1524.0;2224.0;1374.0;2283.0;7;c-1857 f-158;-7.532.031.787.878.780;36.816.193.892.908.800;7.777.777.777.777.770;QUEBRADAS;Vereda;CATALOGO
2110;c-1857 f-158.jpg;LA JABONERA;2173.0;2322.0;2241.0;2147.0;2276.0;2159.0;2202.0;2336.0;11;c-1857 f-158;-7.529.727.530.447.320;36.796.712.040.520.900;7.272.727.272.727.270;LA CABRERA;Loma;CATALOGO
2111;c-1857 f-194.jpg;MDA SAN JOSE;1195.0;464.0;1405.0;461.0;1406.0;498.0;1196.0;503.0;12;c-1857 f-194;-7.537.089.735.744.830;37.138.778.144.329.800;6.923.076.923.076.920;;;
2112;c-1857 f-194.jpg;LOS MIRTOS;529.0;583.0;707.0;592.0;705.0;630.0;527.0;621.0;10;c-1857 f-194;-7.538.723.951.639.340;37.109.443.142.552.400;80.0;LOS MICOS;Loma;CATALOGO
2113;c-1857 f-194.jpg;QUEBRADA CONTADERO;341.0;625.0;739.0;874.0;712.0;920.0;317.0;665.0;18;c-1857 f-194;-7.539.185.261.831.790;37.099.089.612.513.300;6.666.666.666.666.660;;;
2114;c-1857 f-194.jpg;MOTORRAL;662.0;622.0;872.0;632.0;870.0;678.0;660.0;670.0;8;c-1857 f-194;-7.538.397.599.215.960;3.709.982.915.037.320;75.0;COTORRA;Sitio;CATALOGO
2115;c-1857 f-194.jpg;MARRUE;957.0;617.0;1099.0;615.0;1100.0;653.0;958.0;658.0;6;c-1857 f-194;-7.537.673.734.818.240;37.101.061.713.473.100;7.142.857.142.857.140;MARAURE;Sitio;CATALOGO
2116;c-1857 f-194.jpg;QUEBRADA;863.0;785.0;1042.0;1078.0;981.0;1112.0;798.0;820.0;8;c-1857 f-194;-7.537.904.389.914.460;3.705.964.759.331.670;7.272.727.272.727.270;QUEBRADITAS;Vereda;CATALOGO
2117;c-1857 f-194.jpg;MATERIAL;1653.0;861.0;1910.0;833.0;1917.0;897.0;1659.0;922.0;8;c-1857 f-194;-7.535.965.905.595.150;37.040.912.634.198.300;75.0;MATERITO;Sitio;CATALOGO
2118;c-1857 f-194.jpg;CORROL;1021.0;1074.0;1122.0;1098.0;1113.0;1144.0;985.0;1124.0;6;c-1857 f-194;-7.537.516.693.050.600;369.884.054.461.429;7.142.857.142.857.140;CHORROS;Sitio;CATALOGO
2119;c-1857 f-194.jpg;PASTGERED;1115.0;1054.0;1475.0;1064.0;1473.0;1130.0;1113.0;1125.0;9;c-1857 f-194;-7.537.286.037.954.380;3.699.333.569.854.240;6.666.666.666.666.660;;;
2120;c-1857 f-194.jpg;HACIENDA;1196.0;1168.0;1380.0;1165.0;1382.0;1199.0;1197.0;1205.0;8;c-1857 f-194;-7.537.087.281.967.210;36.965.233.259.864.900;100.0;HACIENDA;Vereda;CATALOGO
2121;c-1857 f-194.jpg;EL DIAMANTA;1245.0;1193.0;1425.0;1193.0;1425.0;1228.0;1245.0;1228.0;11;c-1857 f-194;-7.536.967.046.863.860;36.959.070.444.365.400;909.090.909.090.909;EL DIAMANTE;Sitio;CATALOGO
2122;c-1857 f-194.jpg;EL MIRADOR;547.0;1360.0;711.0;1358.0;711.0;1388.0;547.0;1390.0;10;c-1857 f-194;-7.538.679.783.642.190;36.917.902.836.829.000;100.0;EL MIRADOR;Sitio;CATALOGO
2123;c-1857 f-194.jpg;LOS TOTUMOS;504.0;1388.0;671.0;1383.0;673.0;1414.0;504.0;1420.0;11;c-1857 f-194;-753.878.529.607.983;36.911.000.483.469.600;7.272.727.272.727.270;LOS RETAMOS;Quebrada;CATALOGO
2124;c-1857 f-194.jpg;JOAQUIN;1743.0;1372.0;1879.0;1355.0;1882.0;1386.0;1744.0;1400.0;7;c-1857 f-194;-7.535.745.065.609.400;36.914.944.685.389.200;87.5;JOAQUINA;Sabana;CATALOGO
2125;c-1857 f-194.jpg;DOD AIRCO;605.0;1525.0;697.0;1693.0;658.0;1710.0;565.0;1550.0;9;c-1857 f-194;-7.538.537.464.540.260;3.687.722.825.453.250;60.0;;;
2126;c-1857 f-194.jpg;PORVENIR;1710.0;1539.0;1890.0;1512.0;1894.0;1556.0;1711.0;1574.0;8;c-1857 f-194;-7.535.826.040.270.840;36.873.777.077.852.800;7.272.727.272.727.270;PORVENIR II;Sitio;CATALOGO
2127;c-1857 f-194.jpg;MIRAFLORES;1923.0;1537.0;2118.0;1534.0;2119.0;1570.0;1923.0;1575.0;10;c-1857 f-194;-7.535.303.385.637.910;36.874.270.103.092.700;100.0;MIRAFLORES;Caserío;CATALOGO
2128;c-1857 f-194.jpg;MATORRAL;1011.0;1632.0;1316.0;1637.0;1315.0;1698.0;1010.0;1692.0;8;c-1857 f-194;-75.375.412.308.268;36.850.851.404.194.800;7.777.777.777.777.770;MATARRALA;Sitio;CATALOGO
2129;c-1857 f-194.jpg;ARROZ EL SALADO;866.0;1947.0;1298.0;1948.0;1298.0;2002.0;866.0;2000.0;15;c-1857 f-194;-7.537.897.028.581.610;36.773.199.928.901.500;68.75;;;
2130;c-1857 f-194.jpg;ACEQUIA;1001.0;2174.0;1202.0;2179.0;1201.0;2216.0;999.0;2211.0;7;c-1857 f-194;-7.537.565.768.602.990;36.717.241.564.166.300;7.777.777.777.777.770;LA CEQUIA;Arroyo;CATALOGO
2131;c-1857 f-194.jpg;VEREDA;740.0;2050.0;903.0;2038.0;907.0;2082.0;743.0;2096.0;6;c-1857 f-194;-7.538.206.204.561.650;36.747.809.129.043.700;7.142.857.142.857.140;VERADAR;Sitio;CATALOGO
2132;c-1857 f-194.jpg;EL TRIUNFO ROX;1262.0;2079.0;1587.0;2034.0;1591.0;2093.0;1268.0;2129.0;14;c-1857 f-194;-7.536.925.332.644.330;36.740.660.263.064.300;7.142.857.142.857.140;EL TRIUNFO;Sitio;CATALOGO
2133;c-1857 f-194.jpg;CASERIO AMOYA;649.0;2134.0;873.0;2129.0;874.0;2152.0;649.0;2158.0;13;c-1857 f-194;-7.538.429.498.325.010;3.672.710.206.896.550;6.153.846.153.846.150;;;
2134;c-1857 f-194.jpg;TURIPANA;1784.0;2110.0;1905.0;2106.0;1906.0;2139.0;1784.0;2147.0;8;c-1857 f-194;-7.535.644.460.727.010;36.733.018.371.845.000;100.0;TURIPANA;Sitio;CATALOGO
2135;c-1857 f-194.jpg;ESCUELA SAN BARTOLOME ANDYA;87.0;2183.0;499.0;2172.0;500.0;2197.0;88.0;2211.0;27;c-1857 f-194;-7.539.808.521.347.110;36.715.022.950.586.500;48.148.148.148.148.100;;;
2136;c-1857 f-194.jpg;SOCIEDADES LACORA;655.0;2158.0;936.0;2148.0;937.0;2170.0;655.0;2179.0;17;c-1857 f-194;-7.538.414.775.659.300;3.672.118.576.608.600;5.294.117.647.058.820;;;
2137;c-1857 f-194.jpg;HACIENDA AGUA DULCE;161.0;2231.0;467.0;2219.0;468.0;2243.0;162.0;2255.0;19;c-1857 f-194;-753.962.694.180.328;36.703.190.344.827.500;631.578.947.368.421;;;
2138;c-1857 f-194.jpg;LA BOCA;1383.0;2216.0;1567.0;2209.0;1569.0;2252.0;1383.0;2262.0;7;c-1857 f-194;-7.536.628.425.552.380;3.670.688.803.412.720;7.142.857.142.857.140;LA MONA;Sitio;CATALOGO
2139;c-1857 f-196.jpg;MATORRAL;1273.0;471.0;1526.0;492.0;1521.0;548.0;1270.0;524.0;8;c-1857 f-196;-7.536.920.242.321.050;36.666.279.999.999.900;7.777.777.777.777.770;MATARRALA;Sitio;CATALOGO
2140;c-1857 f-196.jpg;MATOREAL;2151.0;473.0;2379.0;475.0;2378.0;527.0;2151.0;523.0;8;c-1857 f-196;-7.534.549.947.394.020;36.665.737.494.692.100;75.0;MAPORAL;Sitio;CATALOGO
2141;c-1857 f-196.jpg;CORRECT;664.0;498.0;834.0;499.0;834.0;540.0;664.0;540.0;7;c-1857 f-196;-7.538.564.330.715.770;36.658.956.178.343.900;7.142.857.142.857.140;CORREA;Laguna;CATALOGO
2142;c-1857 f-196.jpg;HDA SAN JOSE DE AMOYA;770.0;472.0;1219.0;485.0;1217.0;530.0;768.0;514.0;21;c-1857 f-196;-7.538.278.167.546.900;36.666.008.747.346.000;7.142.857.142.857.140;SAN JOSÉ DE AMOYÁ;Sitio;CATALOGO
2143;c-1857 f-196.jpg;BOCAS DE AMOYA;2119.0;575.0;2358.0;586.0;2356.0;625.0;2117.0;612.0;14;c-1857 f-196;-7.534.636.336.275.190;36.638.069.723.991.500;7.142.857.142.857.140;BOCAS DE MANDE;Sitio;CATALOGO
2144;c-1857 f-196.jpg;WE CORRAL;2126.0;604.0;2294.0;620.0;2290.0;654.0;2126.0;636.0;9;c-1857 f-196;-7.534.617.438.707.430;366.302.033.970.276;7.777.777.777.777.770;EL CORRAL;Sitio;CATALOGO
2145;c-1857 f-196.jpg;MARCARADA PAS;902.0;894.0;1291.0;1169.0;1265.0;1202.0;875.0;937.0;13;c-1857 f-196;-7.537.921.813.412.090;36.551.540.127.388.500;6.153.846.153.846.150;;;
2146;c-1857 f-196.jpg;QUEBRA DA;620.0;956.0;836.0;960.0;835.0;1014.0;620.0;1007.0;9;c-1857 f-196;-7.538.683.115.427.370;36.534.722.462.845.000;7.777.777.777.777.770;QUEBRADAS;Vereda;CATALOGO
2147;c-1857 f-196.jpg;TILLOS;876.0;977.0;986.0;1042.0;969.0;1075.0;862.0;1011.0;6;c-1857 f-196;-753.799.200.437.804;36.529.026.157.112.500;8.333.333.333.333.330;TELLOS;Caño;CATALOGO
2148;c-1857 f-196.jpg;ARE SILLA;1204.0;1075.0;1286.0;1241.0;1255.0;1254.0;1167.0;1089.0;9;c-1857 f-196;-7.537.106.518.346.070;365.024.433.970.276;7.777.777.777.777.770;ARENILLA;Sitio;CATALOGO
2149;c-1857 f-196.jpg;QUEBRADA;982.0;1623.0;1125.0;1707.0;1101.0;1756.0;955.0;1661.0;8;c-1857 f-196;-7.537.705.841.209.170;36.353.796.942.675.100;7.272.727.272.727.270;QUEBRADITAS;Vereda;CATALOGO
2150;c-1857 f-196.jpg;SAN JOSE CHIMBILD;1712.0;1236.0;1924.0;1240.0;1923.0;1274.0;1711.0;1268.0;17;c-1857 f-196;-7.535.735.094.857.540;36.458.771.719.745.200;61.904.761.904.761.900;;;
2151;c-1857 f-196.jpg;GUACOT;1489.0;1263.0;1655.0;1257.0;1657.0;1303.0;1491.0;1308.0;6;c-1857 f-196;-7.536.337.117.373.170;3.645.144.789.808.910;8.333.333.333.333.330;GUACOS;Sitio;CATALOGO
2152;c-1857 f-196.jpg;CORRAL;1753.0;1272.0;1886.0;1275.0;1885.0;1310.0;1752.0;1306.0;6;c-1857 f-196;-7.535.624.409.103.540;36.449.006.624.203.800;8.333.333.333.333.330;CORNAL;Quebrada;CATALOGO
2153;c-1857 f-196.jpg;CHIMBILA;1896.0;1337.0;2060.0;1344.0;2058.0;1381.0;1895.0;1374.0;8;c-1857 f-196;-7.535.238.358.790.820;3.643.137.520.169.850;75.0;CHUMBULA;Sitio;CATALOGO
2154;c-1857 f-196.jpg;PUNTAS;1162.0;1350.0;1304.0;1340.0;1306.0;1378.0;1166.0;1394.0;6;c-1857 f-196;-7.537.219.903.752.600;36.427.848.917.197.400;7.142.857.142.857.140;PUENTES;Alto;CATALOGO
2155;c-1857 f-196.jpg;QUE BRADA;683.0;1455.0;949.0;1413.0;952.0;1466.0;687.0;1509.0;9;c-1857 f-196;-7.538.513.037.317.580;36.399.367.388.535.000;7.777.777.777.777.770;QUEBRADAS;Vereda;CATALOGO
2156;c-1857 f-196.jpg;LA COMPRAOR;901.0;1425.0;1212.0;1268.0;1236.0;1332.0;921.0;1474.0;11;c-1857 f-196;-7.537.924.513.064.620;36.407.504.968.152.800;6.666.666.666.666.660;;;
2157;c-1857 f-196.jpg;HIDA AMBULL;1641.0;1524.0;1785.0;1531.0;1782.0;1572.0;1638.0;1562.0;11;c-1857 f-196;-7.535.926.770.187.620;36.380.650.955.414.000;5.454.545.454.545.450;;;
2158;c-1857 f-196.jpg;LLANITOSI;2357.0;1582.0;2504.0;1419.0;2542.0;1451.0;2393.0;1617.0;9;c-1857 f-196;-7.533.993.818.971.500;363.649.183.014.862;8.888.888.888.888.880;LLANITOS;Sitio;CATALOGO
2159;c-1857 f-196.jpg;BLANCAS;1232.0;1805.0;1348.0;1907.0;1319.0;1938.0;1207.0;1837.0;7;c-1857 f-196;-7.537.030.928.075.050;36.304.428.959.660.200;7.142.857.142.857.140;BANCOS;Caserío;CATALOGO
2160;c-1857 f-196.jpg;LOS LLANITOS;2084.0;1828.0;2327.0;1830.0;2327.0;1864.0;2084.0;1859.0;12;c-1857 f-196;-7.534.730.824.113.960;3.629.819.014.861.990;75.0;LOS PLATOS;Laguna;CATALOGO
2161;c-1857 f-196.jpg;CORRAL;1447.0;1869.0;1541.0;1873.0;1540.0;1894.0;1447.0;1890.0;6;c-1857 f-196;-7.536.450.502.779.700;36.287.068.789.808.900;8.333.333.333.333.330;CORNAL;Quebrada;CATALOGO
2162;c-1857 f-196.jpg;AMBULU;1926.0;1999.0;1844.0;1739.0;1909.0;1723.0;1975.0;1992.0;6;c-1857 f-196;-7.535.157.369.214.730;362.518.059.447.983;7.142.857.142.857.140;AMBALUZ;Sitio;CATALOGO
2163;c-1857 f-196.jpg;DE XC ALERD;1790.0;2054.0;1838.0;2436.0;1808.0;2440.0;1764.0;2055.0;11;c-1857 f-196;-7.535.524.521.959.690;36.236.887.048.832.200;5.454.545.454.545.450;;;
2164;c-1857 f-196.jpg;AGUA BUENA;2228.0;2128.0;2411.0;2133.0;2409.0;2166.0;2227.0;2158.0;10;c-1857 f-196;-7.534.342.074.148.710;3.621.681.435.244.160;7.272.727.272.727.270;AGUA BLANCA;Caño;CATALOGO
2165;c-1857 f-196.jpg;RESBALOSA;2366.0;2191.0;2607.0;2007.0;2643.0;2069.0;2403.0;2229.0;9;c-1857 f-196;-753.396.952.209.868;3.619.972.543.524.410;100.0;RESBALOSA;Filo;CATALOGO
2166;c-1857 f-202.jpg;HONDURAS;349.0;406.0;493.0;407.0;492.0;438.0;348.0;436.0;8;c-1857 f-202;-7.544.086.659.276.670;3.708.096.339.812.810;100.0;HONDURAS;Sitio;CATALOGO
2167;c-1857 f-202.jpg;QUEBRAS;887.0;535.0;1044.0;443.0;1065.0;478.0;904.0;572.0;7;c-1857 f-202;-7.542.743.138.047.010;3.704.860.009.359.250;7.777.777.777.777.770;QUEBRADAS;Vereda;CATALOGO
2168;c-1857 f-202.jpg;ALA AURORA;465.0;675.0;656.0;671.0;657.0;705.0;467.0;714.0;10;c-1857 f-202;-754.379.697.811.935;37.013.477.127.429.800;90.0;LA AURORA;Sitio;CATALOGO
2169;c-1857 f-202.jpg;JRASTROJO;1586.0;676.0;1844.0;683.0;1843.0;734.0;1584.0;725.0;9;c-1857 f-202;-7.540.997.559.349.000;3.701.322.624.910.000;7.777.777.777.777.770;RASTROJOS;Sitio;CATALOGO
2170;c-1857 f-202.jpg;LOS GUNRANOS;813.0;887.0;1011.0;891.0;1010.0;928.0;812.0;925.0;12;c-1857 f-202;-7.542.927.934.647.370;36.960.290.921.526.200;75.0;LOS PANTANOS;Quebrada;CATALOGO
2171;c-1857 f-202.jpg;SAN ISIDRO;906.0;929.0;1107.0;934.0;1106.0;973.0;905.0;967.0;10;c-1857 f-202;-7.542.695.690.271.240;3.694.975.403.167.740;8.333.333.333.333.330;SAN ISIDRO I;Vereda;CATALOGO
2172;c-1857 f-202.jpg;QUEBRADA;305.0;972.0;440.0;1163.0;407.0;1185.0;268.0;998.0;8;c-1857 f-202;-7.544.196.538.336.340;3.693.896.626.349.890;7.272.727.272.727.270;QUEBRADITAS;Vereda;CATALOGO
2173;c-1857 f-202.jpg;SAN MIGUEL;1089.0;1046.0;1290.0;1054.0;1288.0;1092.0;1087.0;1083.0;10;c-1857 f-202;-7.542.238.693.273.050;36.920.401.267.098.600;100.0;SAN MIGUEL;Sitio;CATALOGO
2174;c-1857 f-202.jpg;QUEBRADA EL;1010.0;1127.0;1313.0;1267.0;1296.0;1308.0;994.0;1170.0;11;c-1857 f-202;-75.424.359.761.302;36.900.080.122.390.200;7.692.307.692.307.690;QUEBRADA SECA;Zanjón;CATALOGO
2175;c-1857 f-202.jpg;LEONHAL;2067.0;1207.0;2205.0;1209.0;2205.0;1240.0;2066.0;1237.0;7;c-1857 f-202;-7.539.796.381.446.650;36.880.009.856.011.500;7.142.857.142.857.140;LEONA;Cuchilla;CATALOGO
2176;c-1857 f-202.jpg;CHICORA;471.0;1256.0;473.0;1452.0;427.0;1453.0;425.0;1257.0;7;c-1857 f-202;-7.543.781.994.611.210;3.686.771.681.785.450;87.5;CHICORAL;Sitio;CATALOGO
2177;c-1857 f-202.jpg;EL LLAND;1996.0;1347.0;2143.0;1350.0;2143.0;1373.0;1996.0;1370.0;8;c-1857 f-202;-7.539.973.686.292.940;36.844.886.889.848.800;87.5;EL LLANO;Sitio;CATALOGO
2178;c-1857 f-202.jpg;DE LOS MUERTOS;1988.0;1394.0;2256.0;1401.0;2255.0;1425.0;1987.0;1418.0;14;c-1857 f-202;-7.539.993.664.303.790;36.833.095.608.351.300;7.857.142.857.142.850;LOS MUERTOS;Cerro;CATALOGO
2179;c-1857 f-202.jpg;HACIENDA;1515.0;1659.0;1640.0;1660.0;1640.0;1678.0;1515.0;1677.0;8;c-1857 f-202;-7.541.174.864.195.290;3.676.661.285.097.190;100.0;HACIENDA;Vereda;CATALOGO
2180;c-1857 f-202.jpg;BALALAIKA;2220.0;1496.0;2390.0;1494.0;2390.0;1515.0;2220.0;1517.0;9;c-1857 f-202;-753.941.430.198.915;36.807.506.018.718.400;8.888.888.888.888.880;BALALAICA;Sitio;CATALOGO
2181;c-1857 f-202.jpg;CORRAL;2316.0;1535.0;2409.0;1538.0;2408.0;1558.0;2315.0;1554.0;6;c-1857 f-202;-7.539.174.565.858.950;36.797.721.763.858.800;8.333.333.333.333.330;CORNAL;Quebrada;CATALOGO
2182;c-1857 f-202.jpg;EL JUNCAL;1491.0;1680.0;1630.0;1682.0;1630.0;1702.0;1491.0;1700.0;9;c-1857 f-202;-7.541.234.798.227.840;36.761.344.406.047.500;7.777.777.777.777.770;EL TUNAL;Quebrada;CATALOGO
2183;c-1857 f-202.jpg;RASTOS;251.0;2055.0;482.0;2055.0;483.0;2114.0;251.0;2117.0;6;c-1857 f-202;-7.544.331.389.909.580;36.667.265.032.397.400;7.142.857.142.857.140;MASATOS;Vereda;CATALOGO
2184;c-1857 f-232.jpg;CANDILEJAS;1073.0;459.0;1325.0;466.0;1324.0;517.0;1072.0;508.0;10;c-1857 f-232;-7.546.691.791.649.480;37.147.805.413.924.400;100.0;CANDILEJAS;Sitio;CATALOGO
2185;c-1857 f-232.jpg;AS MERCEDES;1775.0;644.0;2071.0;654.0;2070.0;703.0;1775.0;695.0;11;c-1857 f-232;-7.544.967.404.639.170;3.710.215.007.966.740;9.166.666.666.666.660;LAS MERCEDES;Vereda;CATALOGO
2186;c-1857 f-232.jpg;QUESE LOS CAUCHOS;1149.0;738.0;1556.0;813.0;1538.0;887.0;1139.0;837.0;17;c-1857 f-232;-7.546.505.105.876.280;370.789.522.341.531;7.058.823.529.411.760;PUERTO LOS CACHOS;Sitio;CATALOGO
2187;c-1857 f-232.jpg;MEDRONAL;1527.0;717.0;1957.0;719.0;1957.0;801.0;1527.0;800.0;8;c-1857 f-232;-7.545.576.589.793.810;37.084.134.731.555.200;87.5;MADRONAL;Quebrada;CATALOGO
2188;c-1857 f-232.jpg;BOSQUE;882.0;1161.0;1034.0;1147.0;1038.0;1193.0;886.0;1208.0;6;c-1857 f-232;-7.547.160.962.474.220;3.697.456.192.933.840;7.142.857.142.857.140;BOSÍCUE;Laguna;CATALOGO
2189;c-1857 f-232.jpg;ELJARDIN;1205.0;1278.0;1417.0;1274.0;1419.0;1319.0;1205.0;1324.0;8;c-1857 f-232;-7.546.367.547.938.140;36.945.688.015.240.700;7.777.777.777.777.770;EL JARDÍN;Sitio;CATALOGO
2190;c-1857 f-232.jpg;HIDA EL VERGEL;877.0;1581.0;1109.0;1587.0;1108.0;1630.0;876.0;1624.0;14;c-1857 f-232;-7.547.173.244.432.990;36.870.911.981.295.400;7.333.333.333.333.330;NUEVA EL VERGEL;Sitio;CATALOGO
2191;c-1857 f-232.jpg;ESPUMOSA;616.0;1709.0;757.0;1699.0;760.0;1735.0;618.0;1745.0;8;c-1857 f-232;-7.547.814.362.680.410;3.683.932.342.570.140;75.0;ESPINOSA;Canal;CATALOGO
2192;c-1857 f-234.jpg;AS TOS;1803.0;514.0;1973.0;522.0;1971.0;561.0;1801.0;552.0;6;c-1857 f-234;-7.544.755.073.750.430;36.653.417.565.095;7.142.857.142.857.140;MASATOS;Vereda;CATALOGO
2193;c-1857 f-234.jpg;PONDEROS;778.0;1012.0;944.0;1021.0;942.0;1062.0;775.0;1054.0;8;c-1857 f-234;-754.745.289.094.722;3.652.172.617.874.730;75.0;LINDEROS;Quebrada;CATALOGO
2194;c-1857 f-234.jpg;CASTA AL;1153.0;1151.0;1323.0;1154.0;1322.0;1196.0;1152.0;1193.0;8;c-1857 f-234;-7.546.465.884.655.710;3.648.496.894.440.530;75.0;CASCAJAL;Sitio;CATALOGO
2195;c-1857 f-234.jpg;ACEQUIA;658.0;1199.0;759.0;1130.0;778.0;1159.0;675.0;1230.0;7;c-1857 f-234;-7.547.768.732.960.500;3.647.227.579.873.320;7.777.777.777.777.770;LA CEQUIA;Arroyo;CATALOGO
2196;c-1857 f-234.jpg;LA LOMA;765.0;1309.0;892.0;1316.0;891.0;1345.0;764.0;1337.0;7;c-1857 f-234;-7.547.487.107.165.320;36.443.187.339.901.400;7.142.857.142.857.140;BALOMA;Caño;CATALOGO
2197;c-1857 f-234.jpg;CORRAL;802.0;1369.0;902.0;1369.0;901.0;1395.0;801.0;1394.0;6;c-1857 f-234;-7.547.389.722.544.560;36.427.320.907.811.400;8.333.333.333.333.330;CORNAL;Quebrada;CATALOGO
2198;c-1857 f-234.jpg;BALSITO;530.0;1657.0;704.0;1654.0;705.0;1696.0;530.0;1698.0;7;c-1857 f-234;-7.548.105.631.108.000;3.635.116.203.377.900;7.142.857.142.857.140;PALITO;Caño;CATALOGO
2199;c-1857 f-234.jpg;LAS BRISAS;1132.0;1691.0;1323.0;1687.0;1324.0;1728.0;1133.0;1731.0;10;c-1857 f-234;-754.652.115.700.804;36.342.171.055.594.600;100.0;LAS BRISAS;Sitio;CATALOGO
2200;c-1857 f-234.jpg;LOFORRAL;1397.0;1686.0;1595.0;1686.0;1595.0;1731.0;1397.0;1730.0;8;c-1857 f-234;-7.545.823.672.562.040;3.634.349.325.826.880;75.0;COTORRAL;Playón;CATALOGO
2201;c-1857 f-234.jpg;CUEVAS;1431.0;1732.0;1569.0;1722.0;1572.0;1761.0;1432.0;1769.0;6;c-1857 f-234;-7.545.734.183.991.610;36.331.328.993.666.400;100.0;CUEVAS;Cañada;CATALOGO
2202;c-1857 f-234.jpg;EL PORVENIR;659.0;1899.0;843.0;1885.0;846.0;1924.0;660.0;1935.0;11;c-1857 f-234;-7.547.766.100.943.720;36.287.167.424.349.000;100.0;EL PORVENIR;Sitio;CATALOGO
2203;c-1891 f-086.jpg;QUEBRAD;772.0;471.0;1010.0;402.0;1015.0;438.0;779.0;517.0;7;c-1891 f-086;-7.550.342.163.701.060;3.707.529.098.501.070;7.777.777.777.777.770;QUEBRADAS;Vereda;CATALOGO
2204;c-1891 f-086.jpg;BRASILIA;1028.0;440.0;1179.0;565.0;1150.0;602.0;1002.0;475.0;8;c-1891 f-086;-7.549.650.553.736.650;37.083.705.017.844.300;100.0;BRASILIA;Sitio;CATALOGO
2205;c-1891 f-086.jpg;HACIENDA BRASILIA;638.0;527.0;933.0;536.0;932.0;574.0;636.0;563.0;17;c-1891 f-086;-7.550.704.178.291.810;3.706.009.144.182.720;7.058.823.529.411.760;HACIENDA MALTA;Sitio;CATALOGO
2206;c-1891 f-086.jpg;QUEBRADA;737.0;2282.0;992.0;2150.0;1013.0;2192.0;752.0;2325.0;8;c-1891 f-086;-7.550.436.719.750.890;36.583.748.615.274.800;7.272.727.272.727.270;QUEBRADITAS;Vereda;CATALOGO
2207;c-1891 f-086.jpg;LOMA ALTA;1412.0;546.0;1606.0;556.0;1603.0;594.0;1410.0;582.0;9;c-1891 f-086;-7.548.613.138.790.030;37.054.934.453.961.400;100.0;LOMA ALTA;Sitio;CATALOGO
2208;c-1891 f-086.jpg;VEREDA;1088.0;1710.0;1333.0;1711.0;1333.0;1758.0;1088.0;1757.0;6;c-1891 f-086;-7.549.488.457.651.240;3.673.900.109.207.700;7.142.857.142.857.140;VERADAR;Sitio;CATALOGO
2209;c-1891 f-086.jpg;DEL EMPEDRADO;793.0;782.0;981.0;598.0;1009.0;627.0;818.0;809.0;13;c-1891 f-086;-7.550.285.430.071.170;36.990.879.236.259.800;7.692.307.692.307.690;EL EMPERADOR;Quebrada;CATALOGO
2210;c-1891 f-086.jpg;CORRAL;798.0;813.0;938.0;816.0;937.0;858.0;797.0;851.0;6;c-1891 f-086;-7.550.271.922.064.050;3.698.246.520.342.610;8.333.333.333.333.330;CORNAL;Quebrada;CATALOGO
2211;c-1891 f-086.jpg;DE APA;1004.0;783.0;1290.0;801.0;1286.0;851.0;1000.0;830.0;6;c-1891 f-086;-7.549.715.392.170.810;3.699.060.781.584.580;6.666.666.666.666.660;;;
2212;c-1891 f-086.jpg;LAS CASITAS;787.0;855.0;1064.0;859.0;1063.0;907.0;786.0;900.0;11;c-1891 f-086;-7.550.301.639.679.710;3.697.106.554.603.850;7.272.727.272.727.270;LAS COLINAS;Vereda;CATALOGO
2213;c-1891 f-086.jpg;HDA LA LOPEZ;1621.0;1171.0;1780.0;1171.0;1780.0;1199.0;1621.0;1198.0;12;c-1891 f-086;-7.548.048.504.092.520;36.885.296.695.217.600;58.333.333.333.333.300;;;
2214;c-1891 f-086.jpg;PUEDES;1471.0;1198.0;1530.0;1182.0;1533.0;1209.0;1474.0;1224.0;6;c-1891 f-086;-7.548.453.744.306.040;3.687.796.834.403.990;7.142.857.142.857.140;PUENTES;Alto;CATALOGO
2215;c-1891 f-086.jpg;LOMA DE IRCO;1156.0;1245.0;1367.0;1111.0;1383.0;1141.0;1170.0;1278.0;12;c-1891 f-086;-7.549.304.748.754.440;3.686.521.158.458.240;7.142.857.142.857.140;LOMA DEL INDIO;Vereda;CATALOGO
2216;c-1891 f-086.jpg;CORRAL;1651.0;1218.0;1772.0;1233.0;1771.0;1259.0;1649.0;1245.0;6;c-1891 f-086;-7.547.967.456.049.820;3.687.253.993.576.010;8.333.333.333.333.330;CORNAL;Quebrada;CATALOGO
2217;c-1891 f-086.jpg;QUEBRADA LA ESPUMOSA;1371.0;1385.0;1734.0;1248.0;1746.0;1302.0;1384.0;1414.0;20;c-1891 f-086;-7.548.723.904.448.390;36.827.212.726.623.800;7.619.047.619.047.610;QUEBRADA LA ESPERANZA;Sitio;CATALOGO
2218;c-1891 f-086.jpg;QUEBRADA IRCOM;647.0;1442.0;1117.0;1096.0;1146.0;1170.0;685.0;1479.0;14;c-1891 f-086;-7.550.679.863.879.000;3.681.174.176.302.640;7.142.857.142.857.140;QUEBRADA SECA;Zanjón;CATALOGO
2219;c-1891 f-086.jpg;RECEBER;1629.0;1414.0;1748.0;1416.0;1747.0;1453.0;1629.0;1449.0;7;c-1891 f-086;-7.548.026.891.281.130;36.819.341.534.618.100;87.5;RECEBERA;Sitio;CATALOGO
2220;c-1891 f-086.jpg;CORRAL;1705.0;1987.0;1821.0;1983.0;1822.0;2020.0;1707.0;2027.0;6;c-1891 f-086;-7.547.821.569.572.950;36.663.817.637.401.800;8.333.333.333.333.330;CORNAL;Quebrada;CATALOGO
2221;c-1891 f-086.jpg;YELCAMBULA;756.0;1665.0;733.0;1458.0;774.0;1457.0;794.0;1663.0;10;c-1891 f-086;-7.550.385.389.323.840;36.751.215.010.706.600;60.0;;;
2222;c-1891 f-086.jpg;EL ARRABAL;708.0;1731.0;662.0;1504.0;693.0;1500.0;740.0;1727.0;10;c-1891 f-086;-755.051.506.619.217;367.333.012.633.833;7.272.727.272.727.270;EL CARRIZAL;Quebrada;CATALOGO
2223;c-1891 f-086.jpg;OLLETA;1009.0;1736.0;1045.0;1649.0;1074.0;1660.0;1036.0;1749.0;6;c-1891 f-086;-7.549.701.884.163.700;3.673.194.416.131.330;7.142.857.142.857.140;VILLETA;Quebrada;CATALOGO
2224;c-1891 f-086.jpg;SE LOS ANGELES;860.0;1755.0;967.0;1524.0;1026.0;1540.0;891.0;1789.0;14;c-1891 f-086;-75.501.044.227.758;36.726.787.173.447.500;7.142.857.142.857.140;LOS ÁNGELES;Sitio;CATALOGO
2225;c-1891 f-086.jpg;SAN ALFONSO;646.0;1782.0;814.0;1783.0;814.0;1808.0;646.0;1807.0;11;c-1891 f-086;-7.550.682.565.480.420;36.719.458.822.269.800;7.272.727.272.727.270;SAN ANTONIO;Caño;CATALOGO
2226;c-1891 f-086.jpg;ANGELES;1477.0;2025.0;1626.0;2183.0;1593.0;2225.0;1442.0;2056.0;7;c-1891 f-086;-754.843.753.469.751;3.665.350.366.167.020;7.142.857.142.857.140;ANGELA;Caño;CATALOGO
2227;c-1891 f-086.jpg;CUCHILLA;717.0;1971.0;837.0;1799.0;869.0;1818.0;743.0;1993.0;8;c-1891 f-086;-755.049.075.177.936;36.668.160.364.025.600;7.777.777.777.777.770;CUCHILLOS;Quebrada;CATALOGO
2228;c-1891 f-086.jpg;QUEBRADA LA DORADA;1450.0;1985.0;1373.0;1679.0;1407.0;1670.0;1493.0;1974.0;18;c-1891 f-086;-7.548.510.477.935.940;3.666.436.047.822.980;7.142.857.142.857.140;QUEBRADA LA ESPERANZA;Sitio;CATALOGO
2229;c-1891 f-086.jpg;TAMARCO;998.0;2077.0;1218.0;1961.0;1240.0;2009.0;1013.0;2120.0;7;c-1891 f-086;-754.973.160.177.936;36.639.389.800.142.700;7.142.857.142.857.140;TAMAYO;Sitio;CATALOGO
2230;c-1891 f-086.jpg;QUEBRADA EL SERDETO;891.0;2145.0;914.0;1902.0;973.0;1907.0;932.0;2153.0;19;c-1891 f-086;-7.550.020.673.131.670;36.620.933.211.991.400;7.368.421.052.631.570;QUEBRADA DEL MEDIO;Sitio;CATALOGO
2231;c-1891 f-086.jpg;QUEBRA;888.0;2149.0;885.0;2070.0;936.0;2071.0;939.0;2151.0;6;c-1891 f-086;-7.550.028.777.935.940;3.661.984.753.033.540;7.142.857.142.857.140;QUESERA;Sitio;CATALOGO
2232;c-1891 f-086.jpg;BAL CONES;1410.0;2399.0;1567.0;2387.0;1571.0;2427.0;1413.0;2439.0;9;c-1891 f-086;-7.548.618.541.992.880;36.551.992.426.837.900;8.888.888.888.888.880;BALCONES;Sitio;CATALOGO
2233;c-1891 f-086.jpg;QUEBRADE;1463.0;2447.0;1565.0;2415.0;1572.0;2443.0;1468.0;2478.0;8;c-1891 f-086;-7.548.475.357.117.430;3.653.896.424.696.640;7.777.777.777.777.770;QUEBRADAS;Vereda;CATALOGO
2234;c-1891 f-088.jpg;EL PORVENIR;862.0;291.0;1082.0;288.0;1082.0;325.0;862.0;329.0;11;c-1891 f-088;-7.549.998.559.158.500;36.552.816.666.666.600;100.0;EL PORVENIR;Sitio;CATALOGO
2235;c-1891 f-088.jpg;LOS ANSELMOS;1209.0;371.0;1405.0;379.0;1404.0;415.0;1208.0;409.0;12;c-1891 f-088;-754.903.918.030.468;36.530.594.444.444.400;75.0;LOS CANELOS;Sitio;CATALOGO
2236;c-1891 f-088.jpg;COMPALCZY;1239.0;412.0;1391.0;413.0;1390.0;442.0;1238.0;440.0;9;c-1891 f-088;-7.548.956.236.887.920;36.519.205.555.555.500;5.555.555.555.555.550;;;
2237;c-1891 f-088.jpg;LA VERACREE;1532.0;410.0;1680.0;405.0;1681.0;440.0;1533.0;444.0;11;c-1891 f-088;-7.548.146.156.184.250;36.519.761.111.111.100;8.181.818.181.818.180;LA VERACRUZ;Sitio;CATALOGO
2238;c-1891 f-088.jpg;LA PRIMAVERA;1437.0;412.0;1640.0;417.0;1638.0;450.0;1436.0;444.0;12;c-1891 f-088;-7.548.408.810.337.320;36.519.205.555.555.500;7.333.333.333.333.330;NUEVA PRIMAVERA;Vereda;CATALOGO
2239;c-1891 f-088.jpg;TULUNI;1268.0;842.0;1507.0;861.0;1502.0;910.0;1264.0;895.0;6;c-1891 f-088;-7.548.876.058.251.720;36.399.761.111.111.100;8.333.333.333.333.330;TULUNÍ;Vereda;CATALOGO
2240;c-1891 f-088.jpg;UCULTIVO;1282.0;502.0;1431.0;522.0;1427.0;553.0;1278.0;537.0;8;c-1891 f-088;-7.548.837.351.323.900;36.494.205.555.555.500;7.272.727.272.727.270;ACUACULTIVO;Sitio;CATALOGO
2241;c-1891 f-088.jpg;FILADELFIA;1104.0;527.0;1248.0;538.0;1246.0;562.0;1102.0;552.0;10;c-1891 f-088;-7.549.329.482.263.320;36.487.261.111.111.100;100.0;FILADELFIA;Sitio;CATALOGO
2242;c-1891 f-088.jpg;CACERIO DE;1462.0;543.0;1574.0;548.0;1573.0;566.0;1461.0;561.0;10;c-1891 f-088;-754.833.969.082.336;3.648.281.666.666.660;60.0;;;
2243;c-1891 f-088.jpg;CHICALA;812.0;566.0;939.0;568.0;939.0;597.0;811.0;595.0;7;c-1891 f-088;-7.550.136.798.186.430;36.476.427.777.777.700;7.142.857.142.857.140;CHIBABA;Sitio;CATALOGO
2244;c-1891 f-088.jpg;EL PALMAR;1261.0;688.0;1453.0;698.0;1451.0;732.0;1259.0;723.0;9;c-1891 f-088;-7.548.895.411.715.630;3.644.253.888.888.880;100.0;EL PALMAR;Sitio;CATALOGO
2245;c-1891 f-088.jpg;CORRAL;1239.0;712.0;1383.0;725.0;1381.0;756.0;1236.0;745.0;6;c-1891 f-088;-7.548.956.236.887.920;3.643.587.222.222.220;8.333.333.333.333.330;CORNAL;Quebrada;CATALOGO
2246;c-1891 f-088.jpg;VEREDA;720.0;1789.0;956.0;1805.0;952.0;1855.0;716.0;1836.0;6;c-1891 f-088;-7.550.391.157.997.820;36.136.705.555.555.500;7.142.857.142.857.140;VERADAR;Sitio;CATALOGO
2247;c-1891 f-088.jpg;PORTAL;795.0;950.0;922.0;956.0;920.0;992.0;793.0;986.0;6;c-1891 f-088;-7.550.183.799.455.930;3.636.976.111.111.110;75.0;PORTUGAL;Sitio;CATALOGO
2248;c-1891 f-088.jpg;LA ESPERANZA;763.0;999.0;979.0;1005.0;977.0;1043.0;762.0;1035.0;12;c-1891 f-088;-7.550.272.272.433.800;3.635.615;75.0;LA ESMERALDA;Vereda;CATALOGO
2249;c-1891 f-088.jpg;LAS MOYAB;982.0;1253.0;1152.0;1272.0;1149.0;1298.0;979.0;1278.0;9;c-1891 f-088;-7.549.666.785.491.470;3.628.559.444.444.440;7.777.777.777.777.770;LAS MONAS;Sitio;CATALOGO
2250;c-1891 f-088.jpg;ARENOSA;1167.0;1263.0;1339.0;1210.0;1353.0;1240.0;1180.0;1313.0;7;c-1891 f-088;-7.549.155.301.088.130;3.628.281.666.666.660;7.142.857.142.857.140;ARENA;Sitio;CATALOGO
2251;c-1891 f-088.jpg;NADAL LA;995.0;1449.0;1147.0;1290.0;1185.0;1318.0;1022.0;1485.0;8;c-1891 f-088;-7.549.630.843.344.210;36.231.150.000.000.000;62.5;;;
2252;c-1891 f-088.jpg;TOTUMO;1393.0;1476.0;1528.0;1289.0;1575.0;1316.0;1431.0;1511.0;6;c-1891 f-088;-7.548.530.460.681.900;36.223.650.000.000.000;100.0;TOTUMO;Caño;CATALOGO
2253;c-1891 f-088.jpg;LA CA ADA;1177.0;1511.0;1346.0;1519.0;1344.0;1551.0;1176.0;1540.0;9;c-1891 f-088;-7.549.127.653.282.550;36.213.927.777.777.700;7.777.777.777.777.770;LA CABAÑA;Sitio;CATALOGO
2254;c-1891 f-088.jpg;EL POTRERITO;729.0;1537.0;904.0;1548.0;902.0;1582.0;727.0;1570.0;12;c-1891 f-088;-7.550.366.274.972.790;36.206.705.555.555.500;75.0;POTRERITO;Sitio;CATALOGO
2255;c-1891 f-088.jpg;EL LEY;1114.0;1601.0;1210.0;1608.0;1208.0;1632.0;1112.0;1625.0;6;c-1891 f-088;-7.549.301.834.457.740;36.188.927.777.777.700;7.142.857.142.857.140;EL BUEY;Estero;CATALOGO
2256;c-1891 f-088.jpg;CADA ELCHOR;1409.0;1594.0;1513.0;1649.0;1499.0;1670.0;1398.0;1619.0;11;c-1891 f-088;-7.548.486.224.192.960;36.190.872.222.222.200;6.363.636.363.636.360;;;
2257;c-1891 f-088.jpg;INSPECCION DEPTALA;690.0;1610.0;991.0;1627.0;989.0;1654.0;689.0;1636.0;18;c-1891 f-088;-7.550.474.101.414.580;36.186.427.777.777.700;50.0;;;
2258;c-1891 f-088.jpg;EL ESPE JO;697.0;1665.0;846.0;1677.0;845.0;1699.0;695.0;1687.0;10;c-1891 f-088;-755.045.474.795.067;3.617.115;90.0;EL ESPEJO;Sitio;CATALOGO
2259;c-1891 f-088.jpg;CA ADA;1374.0;1988.0;1465.0;2073.0;1445.0;2097.0;1355.0;2010.0;6;c-1891 f-088;-7.548.582.991.512.510;36.081.427.777.777.700;7.142.857.142.857.140;CASCADA;Sitio;CATALOGO
2260;c-1891 f-088.jpg;DEL SALADO;1166.0;1674.0;1380.0;1670.0;1381.0;1716.0;1167.0;1723.0;10;c-1891 f-088;-7.549.158.065.868.690;3.616.865;90.0;EL SALADO;Vereda;CATALOGO
2261;c-1891 f-088.jpg;AGUA DULCE;793.0;1728.0;1029.0;1688.0;1034.0;1726.0;797.0;1755.0;10;c-1891 f-088;-7.550.189.329.017.040;3.615.365;100.0;AGUA DULCE;Quebrada;CATALOGO
2262;c-1891 f-088.jpg;EL DORVENM;1194.0;1728.0;1339.0;1738.0;1337.0;1758.0;1193.0;1748.0;10;c-1891 f-088;-7.549.080.652.013.050;3.615.365;7.272.727.272.727.270;EL PORVENIR;Sitio;CATALOGO
2263;c-1891 f-088.jpg;LAS CRUCES;1052.0;1781.0;1167.0;1793.0;1164.0;1814.0;1050.0;1802.0;10;c-1891 f-088;-7.549.473.250.852.370;36.138.927.777.777.700;100.0;LAS CRUCES;Alto;CATALOGO
2264;c-1891 f-088.jpg;LAS DELICIAS;878.0;1888.0;1058.0;1898.0;1055.0;1939.0;877.0;1926.0;12;c-1891 f-088;-7.549.954.322.669.560;36.109.205.555.555.500;100.0;LAS DELICIAS;Zanja;CATALOGO
2265;c-1891 f-088.jpg;CRUCES;1303.0;1927.0;1508.0;1943.0;1504.0;1987.0;1299.0;1974.0;6;c-1891 f-088;-7.548.779.290.932.170;36.098.372.222.222.200;100.0;CRUCES;Alto;CATALOGO
2266;c-1891 f-088.jpg;SAN PEDRO;704.0;1986.0;848.0;1989.0;847.0;2021.0;703.0;2017.0;9;c-1891 f-088;-7.550.435.394.486.760;3.608.198.333.333.330;100.0;SAN PEDRO;Sitio;CATALOGO
2267;c-1891 f-088.jpg;LA ALBANIA;1148.0;2037.0;1332.0;2044.0;1330.0;2083.0;1147.0;2076.0;10;c-1891 f-088;-7.549.207.831.918.750;36.067.816.666.666.600;80.0;LA ALSACIA;Sitio;CATALOGO
2268;c-1891 f-088.jpg;SANTA LUCIA;699.0;2072.0;876.0;2076.0;875.0;2114.0;698.0;2108.0;11;c-1891 f-088;-7.550.449.218.389.550;36.058.094.444.444.400;909.090.909.090.909;SANTA LUCÍA;Caserío;CATALOGO
2269;c-1891 f-088.jpg;LAS SONRISAS;670.0;2151.0;873.0;2168.0;871.0;2203.0;667.0;2188.0;12;c-1891 f-088;-7.550.529.397.025.750;3.603.615;75.0;LAS BRISAS;Sitio;CATALOGO
2270;c-1891 f-088.jpg;BOLIVIA;1115.0;2181.0;1218.0;2183.0;1217.0;2211.0;1114.0;2208.0;7;c-1891 f-088;-7.549.299.069.677.180;36.027.816.666.666.600;100.0;BOLIVIA;Quebrada;CATALOGO
2271;c-1891 f-088.jpg;CA LA IDALIA;1122.0;2211.0;1218.0;2372.0;1194.0;2387.0;1098.0;2226.0;12;c-1891 f-088;-7.549.279.716.213.270;3.601.948.333.333.330;75.0;LA IDALIA;Sitio;CATALOGO
2272;c-1891 f-088.jpg;VIEJAS;1518.0;2247.0;1500.0;2371.0;1464.0;2366.0;1481.0;2245.0;6;c-1891 f-088;-7.548.184.863.112.070;3.600.948.333.333.330;8.333.333.333.333.330;VIEJA;Sitio;CATALOGO
2273;c-1891 f-088.jpg;CASAS VIEJASI;1236.0;2245.0;1433.0;2245.0;1433.0;2276.0;1236.0;2276.0;13;c-1891 f-088;-7.548.964.531.229.590;3.601.003.888.888.880;7.692.307.692.307.690;CASA VIEJA;Sitio;CATALOGO
2274;c-1891 f-088.jpg;LA IDALIA;956.0;2258.0;1095.0;2271.0;1092.0;2297.0;953.0;2283.0;9;c-1891 f-088;-7.549.738.669.786;36.006.427.777.777.700;8.888.888.888.888.880;LA ITALIA;Sitio;CATALOGO
2275;c-1891 f-088.jpg;LA FLORESTA;657.0;2286.0;862.0;2299.0;860.0;2333.0;655.0;2319.0;11;c-1891 f-088;-7.550.565.339.173.010;35.998.650.000.000.000;7.272.727.272.727.270;LA FLORIDA;Vereda;CATALOGO
2276;c-2556 f-138.jpg;VEREDA;1543.0;2058.0;1852.0;2031.0;1858.0;2106.0;1549.0;2133.0;6;c-2556 f-138;-7.545.071.166.492.140;356.564.435.483.871;7.142.857.142.857.140;VERADAR;Sitio;CATALOGO
2277;c-2556 f-138.jpg;COPETE;736.0;2234.0;1114.0;2217.0;1118.0;2304.0;740.0;2320.0;6;c-2556 f-138;-754.838.704.921.466;35.583.781.849.901.200;7.142.857.142.857.140;COPETÓN;Sitio;CATALOGO
2278;c-2556 f-138.jpg;QUER TETUACHITO;2237.0;1118.0;2491.0;1406.0;2434.0;1454.0;2187.0;1170.0;15;c-2556 f-138;-7.542.219.589.528.790;36.044.523.074.391.000;60.0;;;
2279;c-2556 f-138.jpg;QUE VEREDA;1629.0;1270.0;2148.0;1240.0;2152.0;1301.0;1630.0;1331.0;10;c-2556 f-138;-754.471.780.104.712;3.598.176.978.933.500;70.0;;;
2280;c-2556 f-138.jpg;POTREROS;1385.0;1659.0;1623.0;1649.0;1626.0;1703.0;1385.0;1713.0;8;c-2556 f-138;-7.545.720.372.774.860;35.821.170.921.658.900;87.5;POTRERO;Sitio;CATALOGO
2281;c-2556 f-138.jpg;BEIUCHLES;1433.0;1464.0;1592.0;1467.0;1591.0;1517.0;1433.0;1519.0;9;c-2556 f-138;-7.545.523.145.549.730;3.590.167.678.077.680;7.777.777.777.777.770;BEJUCALES;Quebrada;CATALOGO
2282;c-2556 f-138.jpg;SANTA ROSA;1740.0;1461.0;2246.0;1454.0;2247.0;1529.0;1741.0;1541.0;10;c-2556 f-138;-7.544.261.713.089.000;35.902.915.332.455.500;80.0;SANTA RITA;Isla;CATALOGO
2283;c-2556 f-138.jpg;DELICIAS;531.0;1634.0;858.0;1637.0;857.0;1710.0;530.0;1708.0;8;c-2556 f-138;-7.549.229.373.821.980;35.831.492.185.648.400;100.0;DELICIAS;Vereda;CATALOGO
2284;c-2556 f-138.jpg;QUEBRADA;839.0;1808.0;906.0;1554.0;961.0;1568.0;894.0;1823.0;8;c-2556 f-138;-7.547.963.832.460.730;35.759.656.188.281.700;7.272.727.272.727.270;QUEBRADITAS;Vereda;CATALOGO
2285;c-2556 f-138.jpg;TETUACO;1910.0;1696.0;2174.0;1617.0;2192.0;1691.0;1936.0;1779.0;7;c-2556 f-138;-75.435.632;3.580.589.545.095.450;7.142.857.142.857.140;TEXACO;Sitio;CATALOGO
2286;c-2556 f-138.jpg;CUCHILLA TOLEDO;1004.0;1867.0;1228.0;1319.0;1283.0;1342.0;1058.0;1890.0;15;c-2556 f-138;-7.547.285.863.874.340;35.735.298.005.266.600;6.842.105.263.157.890;;;
2287;c-2556 f-138.jpg;HACIENDANICE;2056.0;1809.0;2455.0;1784.0;2462.0;1845.0;2062.0;1884.0;12;c-2556 f-138;-754.296.330.052.356;3.575.924.333.772.210;6.923.076.923.076.920;;;
2288;c-2556 f-138.jpg;QUEB TINE;1898.0;1859.0;2168.0;1725.0;2188.0;1776.0;1925.0;1921.0;9;c-2556 f-138;-7.543.612.506.806.280;35.738.600.809.743.200;5.555.555.555.555.550;;;
2289;c-2556 f-138.jpg;ALA GRANJA;2641.0;1871.0;2776.0;1864.0;2777.0;1888.0;2643.0;1899.0;10;c-2556 f-138;-7.540.559.593.717.270;3.573.364.660.302.830;90.0;LA GRANJA;Sitio;CATALOGO
2290;c-2556 f-138.jpg;CASCAJALLS;2081.0;2054.0;2227.0;1863.0;2260.0;1886.0;2113.0;2076.0;10;c-2556 f-138;-754.286.057.801.047;35.658.094.950.625.400;80.0;CASCAJAL;Sitio;CATALOGO
2291;c-2556 f-138.jpg;HORIZONTES;1951.0;2067.0;2259.0;2035.0;2266.0;2104.0;1952.0;2130.0;10;c-2556 f-138;-7.543.394.735.078.530;35.652.727.893.350.800;90.0;HORIZONTE;Vereda;CATALOGO
2292;c-2556 f-138.jpg;POTREROS ALEB;1170.0;2205.0;1503.0;2094.0;1524.0;2183.0;1189.0;2265.0;13;c-2556 f-138;-7.546.603.786.387.430;35.595.754.516.129.000;7.692.307.692.307.690;POTRERO ALTO;Sitio;CATALOGO
2293;c-2556 f-138.jpg;STRERD;2608.0;2062.0;2731.0;2039.0;2737.0;2077.0;2613.0;2099.0;6;c-2556 f-138;-7.540.695.187.434.550;35.654.792.146.148.700;62.5;;;
2294;c-2556 f-138.jpg;POTRERO;2418.0;2268.0;2581.0;2217.0;2589.0;2254.0;2427.0;2303.0;7;c-2556 f-138;-7.541.475.878.534.030;35.569.744.930.875.500;7.777.777.777.777.770;POTRERITO;Sitio;CATALOGO
2295;c-2556 f-138.jpg;STREBO;2372.0;2183.0;2495.0;2076.0;2516.0;2106.0;2399.0;2213.0;6;c-2556 f-138;-7.541.664.887.958.110;35.604.837.228.439.700;6.666.666.666.666.660;;;
2296;c-2556 f-138.jpg;MONSERRATE;901.0;2462.0;1277.0;2441.0;1280.0;2506.0;902.0;2520.0;10;c-2556 f-138;-7.547.709.080.628.270;3.548.965.192.231.730;100.0;MONSERRATE;Vereda;CATALOGO
2297;c-2556 f-138.jpg;BATATAS;2373.0;2313.0;2593.0;2304.0;2595.0;2345.0;2373.0;2354.0;7;c-2556 f-138;-7.541.660.779.057.590;35.551.166.655.694.500;8.571.428.571.428.570;BATATAL;Quebrada;CATALOGO
2298;c-2556 f-138.jpg;GIVER SAN JUAN;1276.0;2481.0;1567.0;2396.0;1581.0;2451.0;1284.0;2529.0;14;c-2556 f-138;-7.546.168.242.931.930;35.481.807.761.685.300;7.142.857.142.857.140;EL SAN JUAN;Quebrada;CATALOGO
2299;C-2284_F-074.jpg;VEREDA;1484.0;1813.0;1744.0;1814.0;1743.0;1874.0;1484.0;1873.0;6;C-2284_F-074;-755.443.045.274.102;34.637.568.965.517.200;7.142.857.142.857.140;VERADAR;Sitio;CATALOGO
2300;C-2284_F-074.jpg;MENDARCO CARBONAL;471.0;406.0;720.0;402.0;721.0;433.0;471.0;440.0;17;C-2284_F-074;-7.558.492.314.650.280;35.205.290.000.000.000;5.882.352.941.176.470;;;
2301;C-2284_F-074.jpg;FILO DE LOS CAUCHOS;920.0;397.0;1070.0;588.0;1044.0;608.0;895.0;414.0;19;C-2284_F-074;-7.556.691.943.478.250;3.520.892.147.783.250;65.0;;;
2302;C-2284_F-074.jpg;MENDARCO;594.0;456.0;931.0;457.0;931.0;513.0;594.0;513.0;8;C-2284_F-074;-7.557.999.117.202.260;35.185.115.123.152.700;75.0;MERDACO;Sitio;CATALOGO
2303;C-2284_F-074.jpg;GUAYABAL;1011.0;442.0;1129.0;565.0;1106.0;587.0;989.0;463.0;8;C-2284_F-074;-7.556.327.057.561.430;3.519.076.408.866.990;100.0;GUAYABAL;Vereda;CATALOGO
2304;C-2284_F-074.jpg;VEGDERINDE;446.0;479.0;577.0;479.0;577.0;498.0;446.0;498.0;10;C-2284_F-074;-7.558.592.558.034.020;35.175.834.679.802.900;70.0;;;
2305;C-2284_F-074.jpg;CASERIO;1648.0;481.0;1806.0;476.0;1807.0;504.0;1649.0;510.0;7;C-2284_F-074;-7.553.772.856.143.660;35.175.027.684.729.000;7.142.857.142.857.140;CASTRO;Quebrada;CATALOGO
2306;C-2284_F-074.jpg;ALTO CARGONAL;608.0;514.0;960.0;509.0;960.0;539.0;609.0;544.0;13;C-2284_F-074;-7.557.942.980.907.370;3.516.171.226.600.980;7.692.307.692.307.690;ALTO COROZAL;Vereda;CATALOGO
2307;C-2284_F-074.jpg;BRASILIN;1684.0;508.0;1820.0;505.0;1820.0;527.0;1685.0;529.0;8;C-2284_F-074;-7.553.628.505.671.070;35.164.133.251.231.500;87.5;BRASILIA;Sitio;CATALOGO
2308;C-2284_F-074.jpg;GL GUANABAND;2026.0;523.0;2032.0;720.0;1997.0;721.0;1991.0;524.0;12;C-2284_F-074;-7.552.257.176.181.470;3.515.808.078.817.730;75.0;EL GUANÁBANO;Sitio;CATALOGO
2309;C-2284_F-074.jpg;BRASILIA;1699.0;537.0;1789.0;538.0;1789.0;553.0;1699.0;553.0;8;C-2284_F-074;-755.356.835.964.083;35.152.431.822.660.000;100.0;BRASILIA;Sitio;CATALOGO
2310;C-2284_F-074.jpg;DELRUCHO;583.0;549.0;732.0;549.0;733.0;572.0;583.0;573.0;8;C-2284_F-074;-7.558.043.224.291.110;3.514.758.985.221.670;75.0;DERECHO;Brazo;CATALOGO
2311;C-2284_F-074.jpg;NUDO DE PIEDRA;439.0;573.0;578.0;573.0;578.0;592.0;439.0;592.0;14;C-2284_F-074;-7.558.620.626.181.470;3.513.790.591.133.000;7.142.857.142.857.140;CRUZ DE PIEDRA;Cerro;CATALOGO
2312;C-2284_F-074.jpg;DELICIA;942.0;567.0;1024.0;566.0;1024.0;585.0;942.0;587.0;7;C-2284_F-074;-7.556.603.729.300.560;35.140.326.896.551.700;87.5;DELICIAS;Vereda;CATALOGO
2313;C-2284_F-074.jpg;NIPAROTO;627.0;613.0;733.0;613.0;733.0;631.0;627.0;632.0;8;C-2284_F-074;-7.557.866.795.935.720;35.121.766.009.852.200;75.0;NIPORORO;Sitio;CATALOGO
2314;C-2284_F-074.jpg;CUSTOS;944.0;598.0;1076.0;597.0;1076.0;621.0;944.0;623.0;6;C-2284_F-074;-7.556.595.709.829.860;351.278.184.729.064;7.142.857.142.857.140;CURITOS;Sitio;CATALOGO
2315;C-2284_F-074.jpg;CEMENTER;1711.0;635.0;1828.0;635.0;1828.0;651.0;1711.0;651.0;8;C-2284_F-074;-7.553.520.242.816.630;35.112.889.064.039.400;80.0;CEMENTERIO;Sitio;CATALOGO
2316;C-2284_F-074.jpg;PLANA RICO;1796.0;622.0;1901.0;622.0;1901.0;642.0;1796.0;642.0;10;C-2284_F-074;-755.317.941.531.191;35.118.134.532.019.700;80.0;PLAYA RICA;Quebrada;CATALOGO
2317;C-2284_F-074.jpg;LA BARBINLOS;1490.0;670.0;1664.0;724.0;1654.0;758.0;1483.0;708.0;12;C-2284_F-074;-7.554.406.394.328.920;35.098.766.650.246.300;7.692.307.692.307.690;LA BARRIALOSA;Sitio;CATALOGO
2318;C-2284_F-074.jpg;PARADERO;1790.0;1443.0;1886.0;1444.0;1886.0;1461.0;1790.0;1459.0;8;C-2284_F-074;-7.553.203.473.724.000;34.786.863.054.187.200;75.0;CAPADERO;Quebrada;CATALOGO
2319;C-2284_F-074.jpg;PASTAS;363.0;736.0;485.0;735.0;488.0;785.0;359.0;781.0;6;C-2284_F-074;-7.558.925.366.068.050;3.507.213.581.280.780;7.142.857.142.857.140;PAJITAS;Vereda;CATALOGO
2320;C-2284_F-074.jpg;EL LLAMA;746.0;727.0;962.0;786.0;952.0;830.0;737.0;765.0;8;C-2284_F-074;-7.557.389.637.429.110;35.075.767.290.640.300;75.0;EL LLANO;Sitio;CATALOGO
2321;C-2284_F-074.jpg;ELARENAL;1037.0;721.0;1132.0;719.0;1133.0;736.0;1038.0;739.0;8;C-2284_F-074;-7.556.222.804.442.340;3.507.818.827.586.200;8.888.888.888.888.880;EL ARENAL;Sitio;CATALOGO
2322;C-2284_F-074.jpg;BUENOS AIRESL;968.0;763.0;1102.0;761.0;1103.0;780.0;969.0;781.0;13;C-2284_F-074;-7.556.499.476.181.470;35.061.241.379.310.300;923.076.923.076.923;BUENOS AIRES;Vereda;CATALOGO
2323;C-2284_F-074.jpg;CULTIVOS;1443.0;1462.0;1580.0;1458.0;1582.0;1492.0;1443.0;1496.0;8;C-2284_F-074;-7.554.594.851.890.350;34.779.196.600.985.200;70.0;;;
2324;C-2284_F-074.jpg;GUANRERNO;1755.0;772.0;2142.0;784.0;2140.0;831.0;1754.0;822.0;9;C-2284_F-074;-7.553.343.814.461.240;3.505.760.990.147.780;7.777.777.777.777.770;GUANTERO;Quebrada;CATALOGO
2325;C-2284_F-074.jpg;VARIOS;1499.0;824.0;1633.0;824.0;1633.0;854.0;1499.0;855.0;6;C-2284_F-074;-7.554.370.306.710.770;3.503.662.802.955.660;7.142.857.142.857.140;VAHITOS;Sitio;CATALOGO
2326;C-2284_F-074.jpg;LAMIRAN;1058.0;851.0;1141.0;850.0;1141.0;882.0;1058.0;883.0;7;C-2284_F-074;-75.561.386;3.502.573.359.605.910;7.142.857.142.857.140;PLAMIRA;Sitio;CATALOGO
2327;C-2284_F-074.jpg;BRISAS CA;627.0;959.0;1145.0;955.0;1145.0;1021.0;627.0;1023.0;9;C-2284_F-074;-7.557.866.795.935.720;34.982.155.862.068.900;70.0;;;
2328;C-2284_F-074.jpg;RBONAL;1113.0;942.0;1464.0;944.0;1463.0;1006.0;1113.0;1003.0;6;C-2284_F-074;-7.555.918.064.555.760;34.989.015.320.197.000;7.142.857.142.857.140;RABOSAL;Caserío;CATALOGO
2329;C-2284_F-074.jpg;GUANAGANITO;1136.0;985.0;1347.0;1105.0;1328.0;1147.0;1121.0;1023.0;11;C-2284_F-074;-755.582.584.064.272;34.971.664.926.108.300;7.272.727.272.727.270;GUANAYANO;Caño;CATALOGO
2330;C-2284_F-074.jpg;BRASILIA;1762.0;1031.0;2049.0;1034.0;2046.0;1104.0;1762.0;1091.0;8;C-2284_F-074;-75.533.157.463.138;3.495.310.403.940.880;100.0;BRASILIA;Sitio;CATALOGO
2331;C-2284_F-074.jpg;MINAS DE;1918.0;1173.0;2002.0;1173.0;2002.0;1187.0;1918.0;1187.0;8;C-2284_F-074;-7.552.690.227.599.240;34.895.807.389.162.500;6.666.666.666.666.660;;;
2332;C-2284_F-074.jpg;FILD RIER;1908.0;1193.0;1983.0;1194.0;1983.0;1211.0;1908.0;1210.0;9;C-2284_F-074;-755.273.032.495.274;34.887.737.438.423.600;6.666.666.666.666.660;;;
2333;C-2284_F-074.jpg;GUANABA;1748.0;1221.0;1902.0;1182.0;1907.0;1208.0;1757.0;1259.0;7;C-2284_F-074;-7.553.371.882.608.690;34.876.439.507.389.100;7.142.857.142.857.140;GUACARA;Caño;CATALOGO
2334;C-2284_F-074.jpg;FILO CERRO RICO;1988.0;1352.0;2189.0;1261.0;2202.0;1286.0;1999.0;1380.0;15;C-2284_F-074;-7.552.409.546.124.760;34.823.581.330.049.200;6.666.666.666.666.660;;;
2335;C-2284_F-074.jpg;COMPONETE;1713.0;1399.0;1897.0;1412.0;1894.0;1438.0;1711.0;1429.0;9;C-2284_F-074;-7.553.512.223.345.930;34.804.616.945.812.800;100.0;COMPONETE;Caño;CATALOGO
2336;C-2284_F-074.jpg;JEREDNL;1102.0;1435.0;1412.0;1436.0;1412.0;1492.0;1101.0;1490.0;7;C-2284_F-074;-7.555.962.171.644.610;34.790.091.034.482.700;5.714.285.714.285.710;;;
2337;C-2284_F-074.jpg;HAYO VIEID;2118.0;1424.0;2241.0;1432.0;2239.0;1460.0;2115.0;1450.0;10;C-2284_F-074;-75.518.882.805.293;34.794.529.507.389.100;70.0;;;
2338;C-2284_F-074.jpg;PRO DESALUD HATO NIEJE;2120.0;1446.0;2359.0;1447.0;2358.0;1479.0;2119.0;1474.0;22;C-2284_F-074;-7.551.880.261.058.600;3.478.565.256.157.630;5.555.555.555.555.550;;;
2339;C-2284_F-074.jpg;HETO VIEID;1802.0;1459.0;1897.0;1461.0;1897.0;1474.0;1802.0;1473.0;10;C-2284_F-074;-7.553.155.356.899.800;34.780.407.093.596.000;70.0;;;
2340;C-2284_F-074.jpg;CARBONS;1132.0;1491.0;1322.0;1512.0;1319.0;1553.0;1131.0;1533.0;7;C-2284_F-074;-755.584.187.958.412;347.674.951.724.138;7.142.857.142.857.140;CARBÓN;Caño;CATALOGO
2341;C-2284_F-074.jpg;LARIOS;1447.0;1496.0;1559.0;1492.0;1561.0;1519.0;1448.0;1524.0;6;C-2284_F-074;-7.554.578.812.948.960;34.765.477.684.729.000;7.142.857.142.857.140;BARRIOS;Cuchilla;CATALOGO
2342;C-2284_F-074.jpg;HAA LA PLANICIE;1774.0;1556.0;1897.0;1556.0;1897.0;1574.0;1774.0;1574.0;15;C-2284_F-074;-7.553.267.629.489.600;34.741.267.832.512.300;7.333.333.333.333.330;LA PLANICIE;Sitio;CATALOGO
2343;C-2284_F-074.jpg;FILO DE CARBONAL;764.0;1571.0;747.0;1286.0;788.0;1285.0;809.0;1569.0;16;C-2284_F-074;-7.557.317.462.192.810;34.735.215.369.458.100;68.75;;;
2344;C-2284_F-074.jpg;ARRO ARROZ;1666.0;1591.0;1827.0;1643.0;1816.0;1665.0;1659.0;1623.0;10;C-2284_F-074;-7.553.700.680.907.370;34.727.145.418.719.200;70.0;;;
2345;C-2284_F-074.jpg;VERLDA;833.0;1636.0;1041.0;1658.0;1037.0;1696.0;828.0;1678.0;6;C-2284_F-074;-7.557.040.790.453.680;3.470.898.802.955.660;7.142.857.142.857.140;VERADAR;Sitio;CATALOGO
2346;C-2284_F-074.jpg;LAS SE ORITAS;804.0;1755.0;927.0;1758.0;927.0;1776.0;804.0;1773.0;13;C-2284_F-074;-7.557.157.072.778.820;346.609.718.226.601;7.692.307.692.307.690;LAS NEGRITAS;Sitio;CATALOGO
2347;C-2284_F-074.jpg;CEMENTERIO;2072.0;1714.0;2202.0;1717.0;2201.0;1738.0;2071.0;1734.0;10;C-2284_F-074;-7.552.072.728.355.380;3.467.751.522.167.480;100.0;CEMENTERIO;Sitio;CATALOGO
2348;C-2284_F-074.jpg;RID MENDARCO;430.0;1714.0;432.0;1509.0;472.0;1510.0;470.0;1715.0;12;C-2284_F-074;-7.558.656.713.799.620;3.467.751.522.167.480;6.666.666.666.666.660;;;
2349;C-2284_F-074.jpg;MIASTOS;1786.0;1772.0;1917.0;1787.0;1913.0;1817.0;1783.0;1807.0;7;C-2284_F-074;-7.553.219.512.665.400;3.465.411.236.453.200;7.142.857.142.857.140;MASATOS;Vereda;CATALOGO
2350;C-2284_F-074.jpg;LAS SERORITAS;803.0;1783.0;937.0;1785.0;936.0;1802.0;802.0;1800.0;13;C-2284_F-074;-7.557.161.082.514.170;34.649.673.891.625.600;7.142.857.142.857.140;LAS MARGARITAS;Sitio;CATALOGO
2351;C-2284_F-074.jpg;EL TIGRE;1377.0;1816.0;1428.0;1895.0;1409.0;1905.0;1360.0;1827.0;8;C-2284_F-074;-7.554.859.494.423.440;34.636.358.472.906.400;100.0;EL TIGRE;Loma;CATALOGO
2352;C-2284_F-074.jpg;DE POLL;2071.0;1793.0;2204.0;1763.0;2210.0;1792.0;2076.0;1823.0;7;C-2284_F-074;-7.552.076.738.090.730;3.464.563.891.625.610;62.5;;;
2353;C-2284_F-074.jpg;LA ARENOSA;1253.0;1807.0;1335.0;1963.0;1306.0;1978.0;1225.0;1822.0;10;C-2284_F-074;-7.555.356.701.606.800;3.463.998.995.073.890;100.0;LA ARENOSA;Sitio;CATALOGO
2354;C-2284_F-074.jpg;ELREPOSO;622.0;1847.0;723.0;1847.0;723.0;1865.0;622.0;1865.0;8;C-2284_F-074;-7.557.886.844.612.470;34.623.850.049.261.000;8.888.888.888.888.880;EL REPOSO;Sitio;CATALOGO
2355;C-2284_F-074.jpg;AL RODED;579.0;1875.0;668.0;1881.0;667.0;1898.0;579.0;1893.0;8;C-2284_F-074;-7.558.059.263.232.510;34.612.552.118.226.600;75.0;EL RODEO;Sitio;CATALOGO
2356;C-2284_F-074.jpg;LOLLLANCIA AND;987.0;1871.0;1160.0;1891.0;1157.0;1912.0;985.0;1892.0;14;C-2284_F-074;-7.556.423.291.209.820;34.614.166.108.374.300;50.0;;;
2357;C-2284_F-074.jpg;EL REPOSO;816.0;1891.0;909.0;2029.0;883.0;2047.0;792.0;1906.0;9;C-2284_F-074;-7.557.108.955.954.630;3.460.609.615.763.540;100.0;EL REPOSO;Sitio;CATALOGO
2358;C-2284_F-074.jpg;NEREDA;869.0;1893.0;1075.0;1907.0;1073.0;1943.0;867.0;1935.0;6;C-2284_F-074;-7.556.896.439.981.090;34.605.289.162.561.500;8.333.333.333.333.330;VEREDA;Laguna;CATALOGO
2359;C-2284_F-074.jpg;PRESS DEPOLL;1731.0;1891.0;1835.0;1892.0;1835.0;1909.0;1731.0;1908.0;12;C-2284_F-074;-7.553.440.048.109.640;3.460.609.615.763.540;62.5;;;
2360;C-2284_F-074.jpg;LASPALMAS;702.0;1910.0;711.0;1775.0;737.0;1777.0;727.0;1912.0;9;C-2284_F-074;-7.557.566.065.784.490;34.598.429.704.433.400;75.0;LAS PALMERAS;Sitio;CATALOGO
2361;C-2284_F-074.jpg;TORRE DE LAVEGA;1345.0;1912.0;1477.0;1912.0;1477.0;1930.0;1345.0;1929.0;15;C-2284_F-074;-755.498.780.595.463;34.597.622.709.359.600;93.75;TORRE DE LA VEGA;Sitio;CATALOGO
2362;C-2284_F-074.jpg;HANIZALES;1648.0;1915.0;1758.0;1917.0;1757.0;1934.0;1648.0;1931.0;9;C-2284_F-074;-7.553.772.856.143.660;34.596.412.216.748.700;8.888.888.888.888.880;MANIZALES;Sitio;CATALOGO
2363;C-2284_F-074.jpg;MESA DE PALE;1915.0;1909.0;2054.0;1907.0;2055.0;1928.0;1915.0;1929.0;12;C-2284_F-074;-7.552.702.256.805.290;34.598.833.201.970.400;9.166.666.666.666.660;MESA DE POLE;Vereda;CATALOGO
2364;C-2284_F-074.jpg;MESA DE;1661.0;1939.0;1806.0;1940.0;1806.0;1964.0;1661.0;1963.0;7;C-2284_F-074;-7.553.720.729.584.120;34.586.728.275.862.000;70.0;;;
2365;C-2284_F-074.jpg;TELECOM;1879.0;1940.0;1960.0;1940.0;1960.0;1954.0;1879.0;1955.0;7;C-2284_F-074;-7.552.846.607.277.880;34.586.324.778.325.100;100.0;TELECOM;Sitio;CATALOGO
2366;C-2284_F-074.jpg;JARDININFANTIL;1886.0;1957.0;2070.0;1956.0;2070.0;1975.0;1886.0;1975.0;14;C-2284_F-074;-7.552.818.539.130.430;34.579.465.320.197.000;62.5;;;
2367;C-2284_F-074.jpg;PORITES;674.0;1967.0;809.0;1987.0;804.0;2018.0;669.0;1993.0;7;C-2284_F-074;-755.767.833.837.429;34.575.430.344.827.500;7.142.857.142.857.140;POCITOS;Quebrada;CATALOGO
2368;C-2284_F-074.jpg;MESA DE POLE;1512.0;1986.0;1830.0;1992.0;1829.0;2028.0;1512.0;2026.0;12;C-2284_F-074;-755.431.818.015.123;3.456.776.389.162.560;7.142.857.142.857.140;MESA DE FLORES;Vereda;CATALOGO
2369;C-2284_F-074.jpg;POLIDEPORTIVO;1830.0;1973.0;2022.0;1982.0;2021.0;2005.0;1830.0;1999.0;13;C-2284_F-074;-7.553.043.084.310.010;3.457.300.935.960.590;61.904.761.904.761.900;;;
2370;C-2284_F-074.jpg;MANGAL;692.0;2012.0;901.0;2150.0;876.0;2185.0;673.0;2043.0;6;C-2284_F-074;-7.557.606.163.137.990;34.557.272.955.665.000;7.142.857.142.857.140;MANACAL;Caserío;CATALOGO
2371;C-2284_F-074.jpg;EL LIMONABY;1128.0;2041.0;1165.0;1890.0;1194.0;1894.0;1160.0;2049.0;11;C-2284_F-074;-755.585.791.852.552;345.455.715.270.936;8.181.818.181.818.180;EL LIMONAL;Sitio;CATALOGO
2372;C-2284_F-074.jpg;RIO ATA;503.0;2092.0;635.0;2079.0;638.0;2109.0;505.0;2122.0;7;C-2284_F-074;-7.558.364.003.119.090;3.452.499.315.270.930;7.142.857.142.857.140;RIOLATO;Sitio;CATALOGO
2373;C-2284_F-074.jpg;SANTA LUCIA;1375.0;2102.0;1513.0;2013.0;1527.0;2034.0;1389.0;2124.0;11;C-2284_F-074;-7.554.867.513.894.130;34.520.958.177.339.800;909.090.909.090.909;SANTA LUCÍA;Caserío;CATALOGO
2374;C-2284_F-074.jpg;DOS AOUNS;644.0;2126.0;752.0;2127.0;752.0;2145.0;644.0;2144.0;9;C-2284_F-074;-7.557.798.630.434.780;34.511.274.236.453.100;7.777.777.777.777.770;DOS AGUAS;Quebrada;CATALOGO
2375;C-2284_F-074.jpg;LA DIRAICIA;661.0;2147.0;732.0;2258.0;710.0;2274.0;637.0;2161.0;11;C-2284_F-074;-7.557.730.464.933.830;3.450.280.078.817.730;75.0;LA DISTANCIA;Sitio;CATALOGO
